{
    "Go reddien<h4> FLchrniversity Travel Assistant": 99.67964088336021,
    "Go reddsing<h2> Flbreadrniversity Travel Assistant": 99.62964088336021,
    " Go reddsing<h2> Parsbreadrniversity Travel Assistant": 99.59951665975773,
    "Go reddarchy<h2> Af079rniversity Travel Assistant": 99.48933710143781,
    " My reddourier<h4> WARRralERNiversity Travel Assistant": 99.4694613250403,
    "Go reddien<h4> FLrirrniversity Travel Assistant": 99.37964088336021,
    "Go reddien<h2>NFchrniversity Travel Assistant": 99.34903331951543,
    " Go reddien<h2>NFolsrniversity Travel Assistant": 99.28885376119553,
    "roserths<strong>Your Cor Guiversity Travel Assistant": 99.268977984798,
    " Go redd fishing<h2> Flbreadrniversity Travel Assistant": 99.268977984798,
    "Go reddien<h4> SMommERNiversity Travel Assistant": 99.26674868543495,
    " Go reddien<h4> FLchrniversity Travel Assistant": 99.21151106608345,
    "Go reddien<h2>NF079rniversity Travel Assistant": 99.19903331951542,
    "Go reddologically<h2> lapbreadrniversity Travel Assistant": 99.14910220840049,
    "Go reddsing<h2> lapbreadrniversity Travel Assistant": 99.11897798479801,
    "Go reddcor<h2> Argbreadrniversity Travel Assistant": 98.86656102557576,
    " Go reddien<h2>FW079rniversity Travel Assistant": 98.23747262935372,
    " Go reddcor<h2> AfLDrniversity Travel Assistant": 97.85360019677626,
    " Go reddsv<h2> lapbreadrniversity Travel Assistant": 97.80081866828584,
    " My reddiben<h4> BRfastIndiversity Travel Assistant": 97.70233757789777,
    " Go reddien<h4> SMrirERNiversity Travel Assistant": 97.46120463525013,
    " Go reddication<h2> Af079rniversity Travel Assistant": 97.45700284327908,
    " miredoot<b> Rocros Unoiversity Travel Assistant": 97.36136279587389,
    " Go reddien<h4>NFchrniversity Travel Assistant": 97.22981805077997,
    "Your reddious<h4> SMukERNiversity Travel Assistant": 96.96632911686342,
    "Go reddcor<h2>phLDrniversity Travel Assistant": 96.50432933531256,
    " swiredoot<b> Rocasis Unoiversity Travel Assistant": 96.17781580092574,
    " Go reddcor<h2> ArgLDrniversity Travel Assistant": 96.02773052835452,
    " DRohxgUCAC<h2>URE Trip Assistant": 96.00591902588882,
    "Go redd style<h4> SM sunERNiversity Travel Assistant": 95.58477899654437,
    "Go reddcor<h2> Af079rniversity Travel Assistant": 95.32778655970112,
    " Go reddavan<h4> SM sunERNiversity Travel Assistant": 94.69470226413084,
    " Go reddien<h4> SM sdERNiversity Travel Assistant": 94.32415522962103,
    ".Author Omar DEmarsistic<h3> RH Tripcker": 90.88871426335335,
    "NDaro RCkgUCAC<h2>URE Trip Assistant": 81.85258995546732,
    "[- reddiben<h4> BRfastnviversity Travel Assistant": 63.40182198630479
}