{
    " Go reddsing<h2> Parsbreadrniversity Travel Assistant": 99.72168517750856,
    "Go reddien<h4> FLrirrniversity Travel Assistant": 99.64404542595577,
    "Go reddien<h4> FLchrniversity Travel Assistant": 99.64404542595577,
    "Go reddsing<h2> Flbreadrniversity Travel Assistant": 99.64404542595577,
    "Go reddarchy<h2> Af079rniversity Travel Assistant": 99.54370789048646,
    " My reddourier<h4> WARRralERNiversity Travel Assistant": 99.46606813893366,
    "Go reddien<h2>NF079rniversity Travel Assistant": 99.44337035501714,
    "Go reddien<h2>NFchrniversity Travel Assistant": 99.44337035501714,
    " Go reddien<h2>NFolsrniversity Travel Assistant": 99.26539306799502,
    "Go reddien<h4> SMommERNiversity Travel Assistant": 99.2408318727055,
    " Go reddien<h4> FLchrniversity Travel Assistant": 99.23501229564827,
    "Go reddsing<h2> lapbreadrniversity Travel Assistant": 99.18775331644223,
    "roserths<strong>Your Cor Guiversity Travel Assistant": 99.18775331644223,
    " Go redd fishing<h2> Flbreadrniversity Travel Assistant": 99.18775331644223,
    "Go reddologically<h2> lapbreadrniversity Travel Assistant": 99.11011356488943,
    "Go reddcor<h2> Argbreadrniversity Travel Assistant": 98.79617891730639,
    " Go reddien<h2>FW079rniversity Travel Assistant": 98.09719181039303,
    " Go reddien<h4> SMrirERNiversity Travel Assistant": 98.01244959472237,
    " My reddiben<h4> BRfastIndiversity Travel Assistant": 97.83593064210862,
    " Go reddsv<h2> lapbreadrniversity Travel Assistant": 97.83424296476204,
    " Go reddcor<h2> AfLDrniversity Travel Assistant": 97.7262224408625,
    " Go reddien<h4>NFchrniversity Travel Assistant": 97.69979783419997,
    " miredoot<b> Rocros Unoiversity Travel Assistant": 97.51262532874878,
    " Go reddication<h2> Af079rniversity Travel Assistant": 97.23000315919897,
    " swiredoot<b> Rocasis Unoiversity Travel Assistant": 96.91979533436195,
    "Go reddcor<h2>phLDrniversity Travel Assistant": 96.72703259479175,
    "Your reddious<h4> SMukERNiversity Travel Assistant": 96.68481012984823,
    " DRohxgUCAC<h2>URE Trip Assistant": 96.50657669543202,
    "Go redd style<h4> SM sunERNiversity Travel Assistant": 96.42753221838264,
    " Go reddcor<h2> ArgLDrniversity Travel Assistant": 95.91970058706059,
    " Go reddien<h4> SM sdERNiversity Travel Assistant": 95.69350581069003,
    " Go reddavan<h4> SM sunERNiversity Travel Assistant": 94.99411362681202,
    "Go reddcor<h2> Af079rniversity Travel Assistant": 94.97531839966791,
    ".Author Omar DEmarsistic<h3> RH Tripcker": 92.70968251483706,
    "NDaro RCkgUCAC<h2>URE Trip Assistant": 85.39176661718594,
    "[- reddiben<h4> BRfastnviversity Travel Assistant": 59.5575799847831
}