{
    "am Timothy Mercury Restaurant ;)<h3> Czemporaryordination840": 99.89966246453068,
    "ao Timothy Malcolm Restaurant ;)<h3> Czemporarylex282": 99.89966246453068,
    "am Timothyamo Restaurant ;)<h3> Czdbordination840": 99.82202271297788,
    "who Timothy Malcolm Restaurant ;)<h3> Czemporaryasks282": 99.82202271297788,
    " am Timothyamo Restaurant ;)<h3> Czdbordination21": 99.72750475456579,
    "el Timothy bamb Restaurant ;)<h3> Czerdordination21": 99.64404542595577,
    "am Florbay Restaurant ;)<h3> Jacob algebraCat21": 99.59678644674972,
    " ... Tarik Restaurant ;)<h3> JacobbooksCat404": 99.56244950871876,
    " (: Timothy bamb Restaurant ;)<h3> Czstrane21": 99.54370789048646,
    "(: Timothy bamb Restaurant ;)<h3> CzodersCat21": 99.41298958267039,
    "jerizanned Restaurant ;)<h3> tacticalNNCat446": 99.39029179875386,
    "am Timothy Cab Restaurant ;)<h3> Czemporarylm840": 99.36573060346434,
    "Didilon Fern Restaurant ;)<h3> tacticalNNCat446": 99.2408318727055,
    " ich Tarik Restaurant ;)<h3> JacobMadCat404": 99.2408318727055,
    " (: Timothy bamb Restaurant ;)<h3> Cz EngineeringCat21": 99.18775331644223,
    "am Timothy Mercury Restaurant ;)<h3> Czemporaryselling840": 99.17087510958292,
    "on Tarik Restaurant ;)<h3> JacobContentCat21": 99.08741578097292,
    "Didoy Fern Restaurant ;)<h3> tacticalNNCat446": 99.01559560647733,
    "el Timothyamo Restaurant ;)<h3> Czrdordination21": 98.92107764806524,
    "(- Timothy bamb Restaurant ;)<h3> CLASS EngineeringCat21": 98.91339465963502,
    "pers Timothy Jack Restaurant ;)<h3> Jacob EngineeringCat21": 98.86613568042897,
    "za stomik Restaurant ;)<h3> JacobContentCat21": 98.77662743182351,
    "as Florst Restaurant ;)<h3> Jacob EngineeringCat21": 98.58179874239801,
    "ich Timothyamo Restaurant ;)<h3> Czdbordination21": 98.26469099192542,
    "Xizahl Restaurant ;)<h3> tacticalNNCat446": 98.25642747918283,
    " Myury Fern Restaurant ;)<h3> tacticalNN Evans446": 98.02723504727045,
    "am Timothyberger Restaurant ;)<h3> Czemporary personnel840": 97.72307614242885,
    "My liv Fern Restaurant ;)<h3> tacticalNNCat446": 97.53474258835294,
    "oli Tarik Restaurant ;)<h3> JacobMadCat404": 97.15062183470911,
    " , Timothy Jack Restaurant ;)<h3> Jacob EngineeringCat21": 96.92899055279102,
    "Oilaong Restaurant ;)<h3> Robin54coleoperator": 94.93123223667274,
    " idoy Fern Restaurant ;)<h3> tacticalNNCat446": 94.54492398141635,
    "am Florbest Restaurant ;)<h3> Jacob[@Cat21": 93.95058175703065,
    "Hadi Fern Restaurant ;)<h3> tacticalawesomealisanga": 93.92851839301696,
    "iam Timothyberger Restaurant ;)<h3> Czemporary leader840": 91.90002783649912,
    "Hadi Fern Restaurant ;)<h3> tacticalawesome Evansani": 91.41434084259448,
    "Myury Fern Restaurant ;)<h3> tacticalNN Evansani": 90.31825733195039,
    "QostaND Restaurant ;)<h3> Robin54coleoperator": 88.1242390831328,
    "i Tesik Restaurant ;)<h3> JacobContentCat21": 87.93899764522138,
    "Qosta oro Restaurant ;)<h3> Robin54coleoperator": 87.34673412789193,
    " Ham Filmim Restaurant ;)<h3> Robinconcentherz": 85.60424166897442,
    "created Doriep Restaurant ;)<h3> Robin54coleoperator": 81.02760142261425,
    " Oilaing Restaurant ;)<h3> Robin54coleoperator": 80.3350413648657,
    "MW Filmim Restaurant ;)<h3> Robinconcentinery": 72.69176638784299,
    " Hadi Fern Restaurant ;)<h3> tacticalawesome kanga": 61.7474664772294
}