{
    " am Timothyamo Restaurant ;)<h3> Czdbordination21": 99.65475427910921,
    "am Timothyamo Restaurant ;)<h3> Czdbordination840": 99.63982044168011,
    "am Florbay Restaurant ;)<h3> Jacob algebraCat21": 99.58710780207475,
    "am Timothy Cab Restaurant ;)<h3> Czemporarylm840": 99.42915754311791,
    "(: Timothy bamb Restaurant ;)<h3> CzodersCat21": 99.32169062440336,
    "am Timothy Mercury Restaurant ;)<h3> Czemporaryordination840": 99.25969621807761,
    " (: Timothy bamb Restaurant ;)<h3> Czstrane21": 98.8893371014378,
    " ich Tarik Restaurant ;)<h3> JacobMadCat404": 98.86674868543496,
    " (: Timothy bamb Restaurant ;)<h3> Cz EngineeringCat21": 98.66897798479799,
    "(- Timothy bamb Restaurant ;)<h3> CLASS EngineeringCat21": 98.47205519367151,
    "Didilon Fern Restaurant ;)<h3> tacticalNNCat446": 98.46674868543495,
    "as Florst Restaurant ;)<h3> Jacob EngineeringCat21": 98.42361886815819,
    "am Timothy Mercury Restaurant ;)<h3> Czemporaryselling840": 98.35378759862462,
    "jerizanned Restaurant ;)<h3> tacticalNNCat446": 98.30126261887848,
    "ao Timothy Malcolm Restaurant ;)<h3> Czemporarylex282": 98.25969621807761,
    "Xizahl Restaurant ;)<h3> tacticalNNCat446": 98.18078473126455,
    "on Tarik Restaurant ;)<h3> JacobContentCat21": 98.17867420287561,
    " ... Tarik Restaurant ;)<h3> JacobbooksCat404": 98.15620455784689,
    "Didoy Fern Restaurant ;)<h3> tacticalNNCat446": 98.11403604582961,
    "za stomik Restaurant ;)<h3> JacobContentCat21": 97.94896468864117,
    "ich Timothyamo Restaurant ;)<h3> Czdbordination21": 96.93822189273286,
    "el Timothy bamb Restaurant ;)<h3> Czerdordination21": 96.92964088336021,
    "oli Tarik Restaurant ;)<h3> JacobMadCat404": 96.8855596512382,
    "who Timothy Malcolm Restaurant ;)<h3> Czemporaryasks282": 96.5898204416801,
    " Myury Fern Restaurant ;)<h3> tacticalNN Evans446": 95.8745115425434,
    "am Timothyberger Restaurant ;)<h3> Czemporary personnel840": 95.60076852818597,
    "pers Timothy Jack Restaurant ;)<h3> Jacob EngineeringCat21": 95.47952211238606,
    "el Timothyamo Restaurant ;)<h3> Czrdordination21": 95.32896988325871,
    "My liv Fern Restaurant ;)<h3> tacticalNNCat446": 95.28126832951764,
    " , Timothy Jack Restaurant ;)<h3> Jacob EngineeringCat21": 95.03609149751192,
    "am Florbest Restaurant ;)<h3> Jacob[@Cat21": 94.30552358132759,
    "Oilaong Restaurant ;)<h3> Robin54coleoperator": 93.48810901300547,
    " idoy Fern Restaurant ;)<h3> tacticalNNCat446": 92.89043158327472,
    "Hadi Fern Restaurant ;)<h3> tacticalawesomealisanga": 92.08566655371527,
    "iam Timothyberger Restaurant ;)<h3> Czemporary leader840": 91.56002505284923,
    "Hadi Fern Restaurant ;)<h3> tacticalawesome Evansani": 88.42290675833503,
    "i Tesik Restaurant ;)<h3> JacobContentCat21": 87.24509788069923,
    "Myury Fern Restaurant ;)<h3> tacticalNN Evansani": 86.68643159875535,
    "Qosta oro Restaurant ;)<h3> Robin54coleoperator": 83.71206071510277,
    "QostaND Restaurant ;)<h3> Robin54coleoperator": 82.96181517481952,
    " Ham Filmim Restaurant ;)<h3> Robinconcentherz": 80.893817502077,
    " Oilaing Restaurant ;)<h3> Robin54coleoperator": 78.05153722837912,
    "created Doriep Restaurant ;)<h3> Robin54coleoperator": 76.92484128035282,
    "MW Filmim Restaurant ;)<h3> Robinconcentinery": 71.37258974905869,
    " Hadi Fern Restaurant ;)<h3> tacticalawesome kanga": 57.27271982950646
}