{
    ".You like Yorkipping destaMan... Maz Zhang": 99.95274102079395,
    " ..You like Yorkcitiel gold... Maz Zhang": 99.9054820415879,
    "..You like Yorkzer xmlroleum... Maz Zhang": 99.8109640831758,
    " .You like YorkippingzhMan... Maz Zhang": 99.8109640831758,
    ". We like Yorkvidolec gold... Maz Zhang": 99.77476373377183,
    "..You like York CP Smith gold... Maz Zhang": 99.72168517750856,
    "..you like Yorkcitiel gold... Maz Zhang": 99.72168517750856,
    " ..You like York CPela gold... Maz Zhang": 99.72168517750856,
    "-.You like York teczhMan... Maz Zhang": 99.70480697064926,
    "..You like Yorkzerhevr... Maz Zhang": 99.59678644674972,
    "147You like Yorkags Himlaf... Maz Zhang": 99.57990823989041,
    "--you like Yorkcitheld gold... Maz Zhang": 99.57990823989041,
    ",-You like Yorkcommerce graanta... Maz Zhang": 99.45500950913157,
    "..You like York CP Himilar... Maz Zhang": 99.40193095286831,
    "..You like Yorkgl xmlroleum... Maz Zhang": 99.25433443819294,
    " YYou like Yorkwidzhorship... Maz Zhang": 99.19019725212759,
    "..You like Yorkcitela gold... Maz Zhang": 98.9113019053238,
    " PTYou like Yorkags Himlaf... Maz Zhang": 98.87044302748733,
    " --you like Yorkcitiel gold... Maz Zhang": 98.75058081099104,
    "YYou like Yorkwidzh mang... Maz Zhang": 98.7204025771266,
    "Lyou like Yorkcituss gold... Maz Zhang": 98.61424546460006,
    "!You like York CP Himlaf... Maz Zhang": 98.5649205355387,
    " ..You like York CP SmithGroup... Maz Zhang": 98.4516341544384,
    "IMYou like Yorkidden graanta... Maz Zhang": 98.30613039407424,
    "YYou like York hilzhorship... Maz Zhang": 98.15667046802588,
    "oyYou like York Rocky Himlaf... Maz Zhang": 98.15251176385934,
    "). We like York Quartolec gold... Maz Zhang": 97.59195275764816,
    "=You like YorkogzhMan... Maz Zhang": 97.5576158196172,
    " i We like York Quartuss gold... Maz Zhang": 96.79597666550276,
    "]{You like York SR Himlaf... Maz Zhang": 96.65835843205114,
    " -You like Yorkgl graetics... Maz Zhang": 96.22491303602462,
    ",. We like Yorkvidolino gold... Maz Zhang": 96.06303089306715,
    "]-You like YorkCamphevy... Maz Zhang": 94.3400899196325,
    "]{You like York CP Himlaf... Maz Zhang": 92.57381932822014,
    ")=You like Yorkger Himanta... Maz Zhang": 80.85433670295444
}