{
    " ..You like Yorkcitiel gold... Maz Zhang": 99.81493383742912,
    "..You like York CP Smith gold... Maz Zhang": 99.64951665975772,
    "..you like Yorkcitiel gold... Maz Zhang": 99.64951665975772,
    "..You like Yorkzer xmlroleum... Maz Zhang": 99.62986767485823,
    " .You like YorkippingzhMan... Maz Zhang": 99.57986767485822,
    ".You like Yorkipping destaMan... Maz Zhang": 99.55746691871455,
    " ..You like York CPela gold... Maz Zhang": 99.49951665975772,
    "-.You like York teczhMan... Maz Zhang": 99.43432627358433,
    "147You like Yorkags Himlaf... Maz Zhang": 99.42191741590138,
    "..You like York CP Himilar... Maz Zhang": 99.26173785758148,
    ". We like Yorkvidolec gold... Maz Zhang": 99.24728736039467,
    "..You like Yorkzerhevr... Maz Zhang": 99.23710780207475,
    ",-You like Yorkcommerce graanta... Maz Zhang": 99.05950855821841,
    "..You like Yorkgl xmlroleum... Maz Zhang": 98.92890099437365,
    "..You like Yorkcitela gold... Maz Zhang": 98.87017171479143,
    "oyYou like York Rocky Himlaf... Maz Zhang": 98.2872605874734,
    "--you like Yorkcitheld gold... Maz Zhang": 98.27191741590138,
    "!You like York CP Himlaf... Maz Zhang": 98.00842848198484,
    " YYou like Yorkwidzhorship... Maz Zhang": 97.97117752691484,
    " --you like Yorkcitiel gold... Maz Zhang": 97.87552272989194,
    " PTYou like Yorkags Himlaf... Maz Zhang": 97.8333987247386,
    " ..You like York CP SmithGroup... Maz Zhang": 97.65647073899454,
    "YYou like Yorkwidzh mang... Maz Zhang": 97.49836231941396,
    "YYou like York hilzhorship... Maz Zhang": 97.39100342122329,
    " i We like York Quartuss gold... Maz Zhang": 96.91637899895248,
    "Lyou like Yorkcituss gold... Maz Zhang": 96.90282091814005,
    "=You like YorkogzhMan... Maz Zhang": 96.85185423765547,
    "IMYou like Yorkidden graanta... Maz Zhang": 96.52551735466682,
    " -You like Yorkgl graetics... Maz Zhang": 95.05242173242216,
    "]{You like York SR Himlaf... Maz Zhang": 95.04252258884601,
    ",. We like Yorkvidolino gold... Maz Zhang": 94.60672780376044,
    "). We like York Quartolec gold... Maz Zhang": 93.93275748188334,
    "]-You like YorkCamphevy... Maz Zhang": 92.75608092766925,
    "]{You like York CP Himlaf... Maz Zhang": 91.61643739539812,
    ")=You like Yorkger Himanta... Maz Zhang": 80.76890303265901
}