{
    "Nice boilled sunshine today!!!Tree Interview(:": 89.1268927672691,
    "Ein nice afternoon :) Eachpond Villa": 84.77832180311712,
    "OverY fantastic semester!!! Bonwegian Villa": 84.58193735153628,
    " Haas fantastic semester!!! Bonwegian Villa": 84.05346069893407,
    "Nice boilled sunshine!! sellerTree Interview(:": 82.86686487630102,
    " Ein really fab semester. Serwegian Villa": 82.85492972645694,
    "W really fab semester. Serwegian Villa": 82.37399672498283,
    " Una tropical Resort :)Jobitch": 82.03151240773964,
    "Mg loves Micheune Propertyei!!! perfectly seasonal[\\": 80.92536925646446,
    "Gastro casual lover. dihabatable": 79.31187331325437,
    "JeTSukulas Timothy offers elegant sunny temperatures!!!": 78.35565052264388,
    "Ha great functor semester!!! Bonwegian Villa": 78.06322920303903,
    "Palups fantastic semester!!!! Aswegian Villa": 78.04218919588352,
    "Nice la bekam campo!!!Single seasonal inn": 77.42909458848136,
    "Nice boilled sunshine haven!!!Tree Interview Road": 76.96210087878481,
    "Una Paydesheetipperially pleasant place!": 74.31951365823201,
    " Jemulu Centerreaally pleasant sunshine!": 73.18669980098765,
    "Xots fantastic semester!! Bonwegian Villa": 68.91310983003969,
    "Vi sushi lover! Inhabizable": 65.16109222854254,
    " Sunton Pier Ludnvettes einer pleasant suite!!!": 65.08054254512179,
    "Una DBAmenteientoesa pleasant suite!": 65.03351710869651,
    " super sunny bro :) Estate farming": 64.52573012757773,
    "Una Jedhydrprofplantely pleasant place!": 62.94774782367886,
    " Joybet Centerreaally pleasant sunshine!": 62.3293305823648,
    "Good sy breeze!!!ORMmarket": 60.948007511554586,
    " Goodiful breeze!!!ORMcontract": 59.86057341181449,
    " Japiyet Centerreaally pleasant sunshine!": 59.74984622555993,
    "Nice boilled sunshine mio!!!Tree Interview Road": 57.3096064733191,
    " wife loves Micheivil Propertyama!!! een seasonal Studio": 55.24653113072375,
    " Eena nice afternoon :) Eachpond Villa": 53.46054928780418,
    "Una PayPH REraially pleasant place!": 46.15694440383164,
    " Abere lovely somm subscription! Tree": 43.19281848423812,
    "Sahace lovely somm staff! Tree": 40.902505843944745,
    " beautiful tropical days :) Estate stud": 39.14538311164471,
    " Monfreaysaa wonderful subscription!XML": 38.76782626756409,
    " Cool tropical establishment :) Estate chef": 35.64756313094393,
    "Una Demonesbiureesa pleasant suite!": 34.94063743289569,
    "ZOO Park.imate sunny": 29.78969479041782,
    " Buen farming!!:} Crist": 29.775591962791403,
    " OF fresh crops :) Sepembre": 26.15859442593456,
    "Super tropical NH :) Estateitional": 24.02382742689264,
    " Bauiful breeze ;) neighbourhoodCLASS": 23.635837356868507,
    " GBubhr lovelyld subscription! Database": 22.98024940184495,
    " Goodiful breeze!!! constrreact": 22.68931749261659,
    " Buen farming!!!!ser Plus": 22.270432520713968,
    "GBubhr lovelychy subscription! XML": 21.832947807854193,
    " Amcleabbaky wonderful subscription!XML": 4.95,
    " Nice bl breeze!ARYlaw": 4.5,
    " ZOO Park.etta sunny": 4.275,
    " San Blaaman sweet !!<h2> Pool Tree": 3.825,
    " Nice boilled sunshineyer!!! These ''classes": 3.375,
    " Good bu breeze!MDlaw": 2.9250000000000003,
    "SuperGeogelynairs subscription! Oracle": 1.35,
    " Beautiful tropical lifestyle :) Estate serving": 0.9,
    "Eriel Estate. sommmer": 0.45,
    " RM have bast lovely sommlements! Tree": 0.45,
    " our tropical lifestyle :) Estate type": 0.45,
    "TA wonderful Villa Rahgamearc!!!a seasonal hr": 0.0,
    "]. Beautiful Glenfold Altreso!!!!isch seasonal SERV": 0.0,
    " Haveascaar lovely somm staff! Tree": 0.0,
    " Z9agreatjen subscription! Oracle": 0.0,
    " very tropical lifestyle :) Estateensions": 0.0
}