{
    "Nice boilled sunshine today!!!Tree Interview(:": 92.9187697414101,
    "OverY fantastic semester!!! Bonwegian Villa": 91.53548594615143,
    " Haas fantastic semester!!! Bonwegian Villa": 91.17051188770452,
    "W really fab semester. Serwegian Villa": 90.58221858331427,
    " Ein really fab semester. Serwegian Villa": 90.56103302939661,
    " Una tropical Resort :)Jobitch": 89.03501378637736,
    "Ein nice afternoon :) Eachpond Villa": 88.97591311457458,
    "Mg loves Micheune Propertyei!!! perfectly seasonal[\\": 86.47263250718274,
    "Gastro casual lover. dihabatable": 86.40208145917151,
    "Nice boilled sunshine!! sellerTree Interview(:": 86.18540541811225,
    "JeTSukulas Timothy offers elegant sunny temperatures!!!": 85.78405613627099,
    "Palups fantastic semester!!!! Aswegian Villa": 85.10243243987058,
    "Ha great functor semester!!! Bonwegian Villa": 84.95914355893224,
    "Nice la bekam campo!!!Single seasonal inn": 84.03232732053485,
    "Nice boilled sunshine haven!!!Tree Interview Road": 82.56900097642756,
    " Jemulu Centerreaally pleasant sunshine!": 80.31855533443074,
    "Una Paydesheetipperially pleasant place!": 77.57723739803556,
    "Xots fantastic semester!! Bonwegian Villa": 75.07012203337743,
    " Sunton Pier Ludnvettes einer pleasant suite!!!": 72.03393616124643,
    "Una DBAmenteientoesa pleasant suite!": 71.31501900966279,
    " super sunny bro :) Estate farming": 70.52858903064192,
    "Vi sushi lover! Inhabizable": 69.95676914282504,
    "Una Jedhydrprofplantely pleasant place!": 68.83083091519873,
    " Joybet Centerreaally pleasant sunshine!": 68.75481175818311,
    "Good sy breeze!!!ORMmarket": 67.6644527906162,
    " Goodiful breeze!!!ORMcontract": 66.1784149020161,
    " Japiyet Centerreaally pleasant sunshine!": 65.99982913951104,
    "Nice boilled sunshine mio!!!Tree Interview Road": 63.12178497035456,
    " wife loves Micheivil Propertyama!!! een seasonal Studio": 61.107256811915285,
    " Eena nice afternoon :) Eachpond Villa": 56.178388097560195,
    "Una PayPH REraially pleasant place!": 50.89660489314626,
    " Abere lovely somm subscription! Tree": 47.9364649824868,
    "Sahace lovely somm staff! Tree": 44.05833982660528,
    " Monfreaysaa wonderful subscription!XML": 42.24202918618232,
    " beautiful tropical days :) Estate stud": 40.939314568494126,
    " Cool tropical establishment :) Estate chef": 38.38618125660436,
    "Una Demonesbiureesa pleasant suite!": 37.989597147661875,
    " Buen farming!!:} Crist": 32.861768847546,
    "ZOO Park.imate sunny": 32.82188310046425,
    " OF fresh crops :) Sepembre": 28.953993806593953,
    "Super tropical NH :) Estateitional": 26.526474918769598,
    " Bauiful breeze ;) neighbourhoodCLASS": 26.262041507631672,
    " GBubhr lovelyld subscription! Database": 25.478054890938832,
    " Goodiful breeze!!! constrreact": 25.210352769573994,
    " Buen farming!!!!ser Plus": 24.689369467459965,
    "GBubhr lovelychy subscription! XML": 23.481053119837995,
    " Amcleabbaky wonderful subscription!XML": 5.5,
    " Nice bl breeze!ARYlaw": 5.0,
    " ZOO Park.etta sunny": 4.75,
    " San Blaaman sweet !!<h2> Pool Tree": 4.25,
    " Nice boilled sunshineyer!!! These ''classes": 3.75,
    " Good bu breeze!MDlaw": 3.25,
    "SuperGeogelynairs subscription! Oracle": 1.5,
    " Beautiful tropical lifestyle :) Estate serving": 1.0,
    "Eriel Estate. sommmer": 0.5,
    " RM have bast lovely sommlements! Tree": 0.5,
    " our tropical lifestyle :) Estate type": 0.5,
    "TA wonderful Villa Rahgamearc!!!a seasonal hr": 0.0,
    "]. Beautiful Glenfold Altreso!!!!isch seasonal SERV": 0.0,
    " Haveascaar lovely somm staff! Tree": 0.0,
    " Z9agreatjen subscription! Oracle": 0.0,
    " very tropical lifestyle :) Estateensions": 0.0
}