{
    "Mad Harry FunGal!!! Louis": 99.94692144373673,
    "Has PHP Art OfAFest!!! Jenny": 99.82202271297788,
    " OF greatest life with Nintendo!!! Entertainmentrites Joey815": 99.82202271297788,
    "ick Harry FunGal!!! Derek": 99.76894415671461,
    "abigbear with Nintendo!!! Entertainmentrites Joey383": 99.57202271297788,
    "ick Harry FunGal!!! Ross": 99.51894415671461,
    "Haack partyesarules wij!!!406": 99.46606813893366,
    "af greatest life with Nintendo!!! Entertainmentrites Joey815": 99.2408318727055,
    "}. Harry Fun bands!!!isp": 99.04725926588472,
    " knows PHP Art OfAFest!!! Jenny": 99.01539306799502,
    "Hub PHP Art OfAFest!!! Jenny": 98.96833662727128,
    "as PHP Art Ofiefest!!! Jenny": 98.51972750618796,
    "</li> Harry FunGal!!!isp": 98.20690001163916,
    ")) Computer party rebhaus Stan!!! Jenny": 98.03829367707253,
    " mentions PHP Art OfAFest!!! Jenny": 97.97078084963532,
    "`. PHP Art OfAFest!!! Jenny": 97.7486908818408,
    " Abigbearwith Nintendo!!! Entertainmentrites Joey706": 97.51411046761305,
    " Mad Harry FunGal!!!ptic": 95.85981685246311,
    " favoritequotiert Ofiefest!!!! Angela": 95.45808872475578,
    " Display PHP Art OfAFest!!! Jenny": 95.42183476644003,
    " Raf greatest life with Nintendo!!! Entertainmentrites Joey=\"\"": 94.5509190058213,
    "Hey Lil liier :) Ess trend cricket": 93.7105332337985,
    "MF greatestbear with Nintendo!!! Entertainmentrites Joey=\"\"": 93.09462689630774,
    "Hey Lil Tiikz :)294TV anime": 92.8514862569111,
    "he Nyork mastiefest!!!!%.": 92.2925613191347,
    "Aren Opera Ofiefest!!!! Jenny": 90.69897477973043,
    "Da FunCatwith Nintendo!!! UNesch Joeyistant": 90.08649912591673,
    "IJOn project Ofiefest!!!! Jenny": 88.38305602905317,
    "Ha Mc partyesarules wij!!!cci": 88.2504475054082,
    "Des greatestbear with Nintendo!!! Entertainmentrites Joey=\"\"": 87.93302885191498,
    "teenbest partyrirulesIG!!! Krist": 87.87695321346725,
    ")}, Harry FunGal!!!isp": 86.56929682881787,
    "ick Harry FunGal!!! XML": 85.54046913818084,
    "OF PHP Art OfAFest!!! Jenny": 85.34129311002212,
    "JacMg partyrirulesIGN!!!Hz": 84.95746878212593,
    "NY casino Hass CandieSing!!!! Jan": 84.09094221532663,
    " wij'' heeft Ofiefest!!!! Angela": 82.43325991492524,
    "wij''ams Ofiefest!!!! Angela": 81.10750980584402,
    "zANK partyesarules Stan!!! Jenny": 79.9301404209475,
    " Hey Lil Tiikz :)utsTV anime": 76.97700794042588,
    "Smil Winfootmarker!!! Entertainment spending Ross\\_": 76.14195510841327,
    "Hey Lil aj Scott :) Ihre un Nintendo": 73.59700589927373,
    "Hey Lil skky :)294astic anime": 70.18044014349988,
    "Ryng fan287!!! Entertainment spending Ross Chr": 70.07681970720934,
    " urETH partyrirules gez!!! Krist": 69.39251054834176,
    " A Sn TV Ofiefest!!!! Jenny": 67.8584836532954,
    "ats provides art Ofiefest!!!! Jenny": 66.35676888481423,
    " Jacwk partyrirulesOW!!!Hz": 64.09622398319375,
    "BerPD partyrirules BR!!!Hz": 63.633383702776136,
    " teeninf partyrirulesIG!!! Krist": 63.43617758711734,
    "Hey Lil liisi :) hast tend Nintendo": 62.14885718413887,
    "IMostFunCat Sam!!! Entertainment brand Joey Chr": 61.42009606028967,
    "itzAN party rebThat Stan!!! Jenny": 61.24611550398397,
    " UEquals Person Ofiefest!!!! Jenny": 58.03322132797588,
    "Ryng fan782!!! Entertainment spending Ross Chr": 57.31033367677438,
    " Loy delicious fanstan!!! Entertainment spending Ross Chr": 55.36109156918158,
    " ADUL partyrirulesIG!!!Hz": 54.23746282494311,
    "ISHwk partyrirulesIG!!!Hz": 53.330143603080764,
    "Hey Lil liAF :) Ess looked musician": 51.076647843345015,
    " Ha Mc partyesarules wij!!!xty": 42.98196776814346,
    " JacPD partyrirulesIGN!!!Hz": 42.74871109268723,
    "ADwk partyrirulesIG!!!Hz": 41.89179772182192,
    " Jose Sec partyrirulesbr!!!Hz": 39.4694239994771,
    " porople partyrirules gez!!! Krist": 35.57427285388046,
    "ur Harry FunGal!!! mistaken": 35.37853897654567,
    " erOS partyrirulesbr!!!Hz": 33.971842277421246,
    "hbb Win Biltheme!!! Entertainment unlikely Ross\\_": 6.25,
    " IMostFunCatfun!!! Entertainment brand Joey Chr": 5.75,
    " Je casinofrontistant Hosey!!!!^-": 5.5,
    "ferOS partyrirulesbr!!!Hz": 5.25,
    "Loy delicious fanby!!! Entertainment spending Ross Chr": 4.75,
    "d OS partyrirules gez!!! Krist": 4.5,
    " Lambths fanstan!!! Entertainment spending Ross Chr": 4.5,
    " Hey Lil aj ice :) Ihre un Nintendo": 3.75,
    "Je casinofrontistant Hosey!!!!872": 3.75,
    "izKit partyrirules BR!!!Hz": 3.75,
    "Hey Lil li Bart :)isl tend Nintendo": 2.5,
    "Je casino cherBH Hosey!!!! icon": 2.5,
    "Drlo Win miltheme!!! Entertainment unlikely RossBR": 2.5,
    "Hey Lil li Edwards :) Ihre stre Nintendo": 2.25,
    "Je casinofrontistant Hosey!!!!kj": 2.25,
    "izKit partyrirules BR!!!ISA": 2.0,
    "Lambths fan782!!! Entertainment spending Ross Chr": 2.0,
    " TV Sec partyrirules BR!!!Hz": 1.5,
    "NIGbearwith Nintendo!!! UNCt Joeyistant": 1.5,
    "zUR partyren definitely Stan!!! Jenny": 1.25,
    " high Harry FunGal!!! mistaken": 1.0,
    "Hey Lil skikz :)294ript anime": 0.75,
    "stFig partyrirules BR!!!Hz": 0.75,
    "Lamb delicious fanstan!!! Entertainment spending Ross Chr": 0.75,
    "ick Harry FunGal!!! mistaken": 0.75,
    "Hey Lil liisi :) Ess tend Nintendo": 0.5,
    "BerFig partyrirules BR!!!Hz": 0.5,
    "zUR party rebThat Stan!!! Jenny": 0.5,
    "Rylands fan782!!! Entertainment spending Ross Chr": 0.5,
    "IMostFunCatfun!!! Entertainment spending Joey Chr": 0.5,
    "ovanden Win miltheme!!! Entertainment unlikely RossBR": 0.5,
    " Ry spicy fan287!!! Entertainment spending Ross Chr": 0.5,
    "Hey Lil aj Scott :) Ihrestrong Nintendo": 0.25,
    "ikz Harry FunGal!!! mistaken": 0.25,
    " Hey Lil li Edwards :) Ihre tend Nintendo": 0.0,
    "Hey Lil li Edwards :) Ihreconstruct Nintendo": 0.0,
    "Hey Lil skky :)090equal anime": 0.0,
    " Hey Lil liisi :)isl tend Nintendo": 0.0,
    " Hey Lil li Edwards :)isl tend Nintendo": 0.0,
    "Hey Lil aj ice :) Ihre eq Nintendo": 0.0,
    " Hey Lil aj MAC :) Ihre stre Nintendo": 0.0,
    " Hey Lil aj Scott :) Ihre stre Nintendo": 0.0,
    " Hey Lil skaras :)090equal anime": 0.0,
    "Hey Santasa856 :)GEegen Nintendo": 0.0,
    "Hey Lil ajfact :) Ihre stre Nintendo": 0.0,
    "Hey Mrs aj916 :) Ihre draw Nintendo": 0.0,
    " Hey Lil lizz :)090ign anime": 0.0,
    " Hey Lil lizz :) Ess looked musician": 0.0,
    "Hey Lil r MAC :) Ihre stre Nintendo": 0.0,
    " Ryoly fan782!!! Entertainment spending Ross Chr": 0.0,
    " IMostFunCat Sam. Entertainment brand Joey Chr": 0.0,
    " Ryng fan147!!! Entertainment spending Ross Chr": 0.0,
    " Soy Winfoot character!!! Entertainment spending Ross Chr": 0.0,
    " Ry Island fan782!!! Entertainment spending Ross Chr": 0.0,
    "yet Clara Win miltheme!!! Entertainment unlikely RossBR": 0.0,
    " Bruyell fanby!!! Entertainment spending Ross Chr": 0.0,
    "Soy Winfootmarker!!! Entertainment spending Ross Chr": 0.0,
    "ick Harry FunGal!!! assembly": 0.0,
    " OF Harry FunGal!!! mistaken": 0.0
}