{
    "Mad Harry FunGal!!! Louis": 99.40222929936306,
    "ick Harry FunGal!!! Derek": 99.19204974104318,
    "Has PHP Art OfAFest!!! Jenny": 99.0398204416801,
    "Haack partyesarules wij!!!406": 98.41946132504029,
    "ick Harry FunGal!!! Ross": 98.21704974104316,
    "abigbear with Nintendo!!! Entertainmentrites Joey383": 98.21482044168009,
    "as PHP Art Ofiefest!!! Jenny": 98.16775475556916,
    "</li> Harry FunGal!!!isp": 97.83621001047523,
    " knows PHP Art OfAFest!!! Jenny": 97.81385376119552,
    "af greatest life with Nintendo!!! Entertainmentrites Joey815": 97.21674868543495,
    " OF greatest life with Nintendo!!! Entertainmentrites Joey815": 96.7398204416801,
    "`. PHP Art OfAFest!!! Jenny": 96.32382179365673,
    "Hub PHP Art OfAFest!!! Jenny": 95.97150296454416,
    " mentions PHP Art OfAFest!!! Jenny": 95.47370276467178,
    " Abigbearwith Nintendo!!! Entertainmentrites Joey706": 94.66269942085174,
    "}. Harry Fun bands!!!isp": 94.39253333929625,
    " Display PHP Art OfAFest!!! Jenny": 94.22965128979601,
    " favoritequotiert Ofiefest!!!! Angela": 93.51227985228022,
    " Mad Harry FunGal!!!ptic": 92.87383516721681,
    ")) Computer party rebhaus Stan!!! Jenny": 92.73446430936528,
    "MF greatestbear with Nintendo!!! Entertainmentrites Joey=\"\"": 89.43516420667696,
    "Hey Lil liier :) Ess trend cricket": 89.13947991041866,
    "Hey Lil Tiikz :)294TV anime": 88.71633763122,
    " Raf greatest life with Nintendo!!! Entertainmentrites Joey=\"\"": 88.59582710523917,
    "Aren Opera Ofiefest!!!! Jenny": 87.52907730175741,
    "Ha Mc partyesarules wij!!!cci": 85.47540275486737,
    "teenbest partyrirulesIG!!! Krist": 85.38925789212053,
    "he Nyork mastiefest!!!!%.": 85.21330518722125,
    "Da FunCatwith Nintendo!!! UNesch Joeyistant": 84.72784921332507,
    "IJOn project Ofiefest!!!! Jenny": 84.39475042614785,
    "OF PHP Art OfAFest!!! Jenny": 83.3071637990199,
    "JacMg partyrirulesIGN!!!Hz": 82.11172190391333,
    ")}, Harry FunGal!!!isp": 81.11236714593608,
    "ick Harry FunGal!!! XML": 80.48642222436277,
    "Des greatestbear with Nintendo!!! Entertainmentrites Joey=\"\"": 80.33972596672349,
    "zANK partyesarules Stan!!! Jenny": 79.83712637885273,
    "NY casino Hass CandieSing!!!! Jan": 79.03184799379397,
    "wij''ams Ofiefest!!!! Angela": 78.44675882525961,
    " wij'' heeft Ofiefest!!!! Angela": 76.28993392343273,
    " Hey Lil Tiikz :)utsTV anime": 71.1793071463833,
    "Smil Winfootmarker!!! Entertainment spending Ross\\_": 70.32775959757195,
    " urETH partyrirules gez!!! Krist": 69.80325949350758,
    "Hey Lil aj Scott :) Ihre un Nintendo": 66.73730530934635,
    "Hey Lil skky :)294astic anime": 65.9123961291499,
    "Ryng fan287!!! Entertainment spending Ross Chr": 65.2191377364884,
    " A Sn TV Ofiefest!!!! Jenny": 65.12263528796586,
    "ats provides art Ofiefest!!!! Jenny": 64.7210919963328,
    " teeninf partyrirulesIG!!! Krist": 61.49255982840562,
    " Jacwk partyrirulesOW!!!Hz": 60.936601584874374,
    "itzAN party rebThat Stan!!! Jenny": 60.32150395358558,
    "BerPD partyrirules BR!!!Hz": 59.32004533249852,
    "Hey Lil liisi :) hast tend Nintendo": 58.783971465724974,
    "IMostFunCat Sam!!! Entertainment brand Joey Chr": 58.4280864542607,
    " UEquals Person Ofiefest!!!! Jenny": 56.82989919517829,
    "Ryng fan782!!! Entertainment spending Ross Chr": 53.97930030909695,
    " Loy delicious fanstan!!! Entertainment spending Ross Chr": 52.87498241226343,
    " ADUL partyrirulesIG!!!Hz": 50.013716542448805,
    "ISHwk partyrirulesIG!!!Hz": 49.94712924277269,
    "Hey Lil liAF :) Ess looked musician": 46.61898305901051,
    " JacPD partyrirulesIGN!!!Hz": 39.423839983418496,
    "ADwk partyrirulesIG!!!Hz": 39.20261794963973,
    " Ha Mc partyesarules wij!!!xty": 39.083770991329125,
    " porople partyrirules gez!!! Krist": 37.36684556849241,
    " Jose Sec partyrirulesbr!!!Hz": 37.27248159952939,
    "ur Harry FunGal!!! mistaken": 32.14068507889111,
    " erOS partyrirulesbr!!!Hz": 31.474658049679118,
    "hbb Win Biltheme!!! Entertainment unlikely Ross\\_": 5.625,
    " IMostFunCatfun!!! Entertainment brand Joey Chr": 5.175,
    " Je casinofrontistant Hosey!!!!^-": 4.95,
    "ferOS partyrirulesbr!!!Hz": 4.7250000000000005,
    "Loy delicious fanby!!! Entertainment spending Ross Chr": 4.275,
    "d OS partyrirules gez!!! Krist": 4.05,
    " Lambths fanstan!!! Entertainment spending Ross Chr": 4.05,
    " Hey Lil aj ice :) Ihre un Nintendo": 3.375,
    "Je casinofrontistant Hosey!!!!872": 3.375,
    "izKit partyrirules BR!!!Hz": 3.375,
    "Hey Lil li Bart :)isl tend Nintendo": 2.25,
    "Je casino cherBH Hosey!!!! icon": 2.25,
    "Drlo Win miltheme!!! Entertainment unlikely RossBR": 2.25,
    "Hey Lil li Edwards :) Ihre stre Nintendo": 2.025,
    "Je casinofrontistant Hosey!!!!kj": 2.025,
    "izKit partyrirules BR!!!ISA": 1.8,
    "Lambths fan782!!! Entertainment spending Ross Chr": 1.8,
    " TV Sec partyrirules BR!!!Hz": 1.35,
    "NIGbearwith Nintendo!!! UNCt Joeyistant": 1.35,
    "zUR partyren definitely Stan!!! Jenny": 1.125,
    " high Harry FunGal!!! mistaken": 0.9,
    "Hey Lil skikz :)294ript anime": 0.675,
    "stFig partyrirules BR!!!Hz": 0.675,
    "Lamb delicious fanstan!!! Entertainment spending Ross Chr": 0.675,
    "ick Harry FunGal!!! mistaken": 0.675,
    "Hey Lil liisi :) Ess tend Nintendo": 0.45,
    "BerFig partyrirules BR!!!Hz": 0.45,
    "zUR party rebThat Stan!!! Jenny": 0.45,
    "Rylands fan782!!! Entertainment spending Ross Chr": 0.45,
    "IMostFunCatfun!!! Entertainment spending Joey Chr": 0.45,
    "ovanden Win miltheme!!! Entertainment unlikely RossBR": 0.45,
    " Ry spicy fan287!!! Entertainment spending Ross Chr": 0.45,
    "Hey Lil aj Scott :) Ihrestrong Nintendo": 0.225,
    "ikz Harry FunGal!!! mistaken": 0.225,
    " Hey Lil li Edwards :) Ihre tend Nintendo": 0.0,
    "Hey Lil li Edwards :) Ihreconstruct Nintendo": 0.0,
    "Hey Lil skky :)090equal anime": 0.0,
    " Hey Lil liisi :)isl tend Nintendo": 0.0,
    " Hey Lil li Edwards :)isl tend Nintendo": 0.0,
    "Hey Lil aj ice :) Ihre eq Nintendo": 0.0,
    " Hey Lil aj MAC :) Ihre stre Nintendo": 0.0,
    " Hey Lil aj Scott :) Ihre stre Nintendo": 0.0,
    " Hey Lil skaras :)090equal anime": 0.0,
    "Hey Santasa856 :)GEegen Nintendo": 0.0,
    "Hey Lil ajfact :) Ihre stre Nintendo": 0.0,
    "Hey Mrs aj916 :) Ihre draw Nintendo": 0.0,
    " Hey Lil lizz :)090ign anime": 0.0,
    " Hey Lil lizz :) Ess looked musician": 0.0,
    "Hey Lil r MAC :) Ihre stre Nintendo": 0.0,
    " Ryoly fan782!!! Entertainment spending Ross Chr": 0.0,
    " IMostFunCat Sam. Entertainment brand Joey Chr": 0.0,
    " Ryng fan147!!! Entertainment spending Ross Chr": 0.0,
    " Soy Winfoot character!!! Entertainment spending Ross Chr": 0.0,
    " Ry Island fan782!!! Entertainment spending Ross Chr": 0.0,
    "yet Clara Win miltheme!!! Entertainment unlikely RossBR": 0.0,
    " Bruyell fanby!!! Entertainment spending Ross Chr": 0.0,
    "Soy Winfootmarker!!! Entertainment spending Ross Chr": 0.0,
    "ick Harry FunGal!!! assembly": 0.0,
    " OF Harry FunGal!!! mistaken": 0.0
}