{
    "Wna trip!!!<h2> DrophERY": 99.82202271297788,
    " yur trip!!!<h2> Dropho": 99.59678644674972,
    "Wtown trip!!!<h2> DrophUS": 99.57202271297788,
    "yore Trip!!!<h2> Dropho": 99.06265204720107,
    "Wtown trip!!!<h2> DrophERY": 98.45896596149447,
    "Go sustainable comfort!!! ** fundropesia": 97.96647350257696,
    "Qery flight!!!<h2>Edropesia": 97.71667604105927,
    "Ma perfect flight!!! (*Edropesia": 97.26620350860296,
    "desmorandal mathew Travel!!! Droc024": 97.05781835809951,
    "passethfatiformature Travel!!! Droc fan": 96.91024893455872,
    "Go sustainable Commerce!!!-( okdropesia": 96.6715101028431,
    "Go sustainable Commerce!!! **ijdropesia": 96.6715101028431,
    "Weekays Trip!!!<h2>Edropub": 96.58467513286124,
    " Qery flight!!!<h2>Edropesia": 96.3232385172291,
    " Wtown trip!!!<h2> DrophERY": 95.8046726330232,
    " Go sustainablefamily!!!]['Drropesia": 95.20997922726337,
    "Go sustainableism!!! O Mdropesia": 94.83132686930261,
    "Search Mum![( DropBoxmedi=\" moonifer": 94.54177768298268,
    "passethfatiformature Travel!!! Drocscape": 94.16143764767534,
    "yocus Trip!!!<h2> DAropho": 93.9793284609426,
    " Wwn trip!!!<h2> DrophERY": 93.90977677478466,
    "pertinseurious mathew Travel!!! Droc024": 93.35006820085624,
    "Book perfect flight!!! *)Playdropesia": 92.61586691917324,
    "Robbert delleagueno Travel!!! Dropision march": 89.68779545820712,
    " Go sustainable Commerce!!! O Mdropesia": 88.18288078238051,
    "Look sustainableism!!! mcJdropesia": 87.70467423842376,
    "Car champ! (\" DropBox render=\" moonifer": 87.01770427145489,
    "Diways Trip!!!<h2>Edrop menus": 86.76976993463154,
    "Search shopping! (\" DropBox render=\" moonifer": 81.74310222445449,
    " passethfatiformature Travel!!! DrocLED": 75.85868619177772,
    "urbert delleaguiano Travel!!! Dropision iOS": 74.81322325445655,
    " Go sustainable Commerce!!!================ijdropesia": 74.27953421022606,
    "urbert delleaguace Travel!!! Dropision march": 74.06045522853162,
    "ijwellinsasmayer Travel!!! Droc aug": 70.03644775309856,
    " With Alfred supplies wonderful Dropberger!!! tourivenberger": 68.47120398735632,
    "Car champ! _\" DropBox render=\" mooning": 66.7641425756244,
    "urbert lasacesienne Travel!!! Dropingo aug": 64.7051633122395,
    " Search Mum!([ DropBoxmedi=\" moonifer": 64.08696110859789,
    "Look sustainableism!!! srcrdropesia": 57.47259638566997,
    "Godd education!!!]['Drropesia": 55.533856034557395,
    " palproj chatnah786 Travel!!! Droc aug": 47.29463328924216,
    "Search Mum![( DropBox stewoming back her": 45.398723878556034,
    "LA ART supplies wonderful Dropberger!!! touriven Py": 41.50257308442744,
    "urbert delleacesienne Travel!!! Dropwing aug": 37.10060242656296,
    " urbert delleaguiano Travel!!! Dropwing iOS": 34.78724887664962,
    "urbertmeacesienne Travel!!! Dropingo aug": 6.25,
    "yodseenona619 Travel!!! Dropy aug": 4.75,
    "robert delleagueno Travel!!! Dropision its": 4.5,
    "Search Mum![( DropBox empleoming back her": 4.5,
    "Zerobert delleagueno Travel!!! Dropision ohne": 3.75,
    "username vlwontoboro Travel!!! Dropylon its": 3.5000000000000004,
    " Marc shopping! (\" DropBox render=\" moonifer": 3.25,
    "wwolfinsnahght Travel!!! Droc aug": 2.25,
    "username vlwontoboro Travel!!! Dropiga its": 1.5,
    "umitdworneacious Travel!!! Dropury its": 1.25,
    " Kunbert delleagueno Travel!!! Dropury its": 1.25,
    " Search Mum![( DropBox stewoming back her": 1.25,
    "Search Mum![( DropBox Cadoming back her": 1.25,
    "dbertorioagueno Travel!!! Dropury its": 0.25,
    "username traswistantacious Travel!!! Dropylon its": 0.25,
    " usernamexuwistantacious Travel!!! Dropury its": 0.0,
    " robert delleagueno Travel!!! Dropury its": 0.0,
    " urbertksavenienne Travel!!! Dropingo aug": 0.0,
    "typename prodworneacious Travel!!! Dropury its": 0.0,
    "robert delleagueno Travel!!! Dropision ohne": 0.0,
    " Leobert delleagueno Travel!!! Dropision ohne": 0.0,
    "usernamexuwistantacious Travel!!! Dropylon its": 0.0,
    " username prodworneacious Travel!!! Dropury its": 0.0,
    " Search Mum![( DropBox empleomingigan HER": 0.0,
    " Search Mum![( DropBox empleoming back HER": 0.0,
    " Search Mum![( DropBox Cadoming back her": 0.0
}