{
    "Wna trip!!!<h2> DrophERY": 99.68982044168011,
    "Wtown trip!!!<h2> DrophUS": 99.21482044168009,
    " yur trip!!!<h2> Dropho": 99.18710780207475,
    "yore Trip!!!<h2> Dropho": 99.10638684248097,
    "Go sustainable comfort!!! ** fundropesia": 97.71982615231927,
    "Wtown trip!!!<h2> DrophERY": 97.51306936534502,
    "passethfatiformature Travel!!! Droc fan": 97.11922404110285,
    "desmorandal mathew Travel!!! Droc024": 97.05203652228955,
    "Go sustainable Commerce!!!-( okdropesia": 96.9043590925588,
    "Go sustainable Commerce!!! **ijdropesia": 96.4043590925588,
    "Qery flight!!!<h2>Edropesia": 96.34500843695334,
    "Weekays Trip!!!<h2>Edropub": 96.17620761957511,
    "Ma perfect flight!!! (*Edropesia": 96.13958315774265,
    "Go sustainableism!!! O Mdropesia": 95.14819418237238,
    " Go sustainablefamily!!!]['Drropesia": 95.13898130453703,
    " Qery flight!!!<h2>Edropesia": 94.5409146655062,
    "pertinseurious mathew Travel!!! Droc024": 93.86506138077064,
    "yocus Trip!!!<h2> DAropho": 93.68139561484836,
    "passethfatiformature Travel!!! Drocscape": 93.4452938829078,
    " Wtown trip!!!<h2> DrophERY": 93.17420536972088,
    "Search Mum![( DropBoxmedi=\" moonifer": 92.93759991468443,
    " Wwn trip!!!<h2> DrophERY": 91.7687990973062,
    "Book perfect flight!!! *)Playdropesia": 91.2542802272559,
    " Go sustainable Commerce!!! O Mdropesia": 88.01459270414246,
    "Robbert delleagueno Travel!!! Dropision march": 87.71901591238641,
    "Look sustainableism!!! mcJdropesia": 83.78420681458138,
    "Car champ! (\" DropBox render=\" moonifer": 83.21593384430939,
    "Diways Trip!!!<h2>Edrop menus": 81.54279294116839,
    "Search shopping! (\" DropBox render=\" moonifer": 76.96879200200905,
    " passethfatiformature Travel!!! DrocLED": 72.97281757259994,
    " Go sustainable Commerce!!!================ijdropesia": 71.05158078920346,
    "urbert delleaguiano Travel!!! Dropision iOS": 70.73190092901092,
    "urbert delleaguace Travel!!! Dropision march": 70.30440970567848,
    "ijwellinsasmayer Travel!!! Droc aug": 67.8328029777887,
    "Car champ! _\" DropBox render=\" mooning": 65.23772831806197,
    " With Alfred supplies wonderful Dropberger!!! tourivenberger": 63.4240835886207,
    "urbert lasacesienne Travel!!! Dropingo aug": 62.234646981015565,
    " Search Mum!([ DropBoxmedi=\" moonifer": 61.62826499773811,
    "Godd education!!!]['Drropesia": 58.43047043110166,
    "Look sustainableism!!! srcrdropesia": 54.37533674710297,
    "Search Mum![( DropBox stewoming back her": 45.058851490700434,
    " palproj chatnah786 Travel!!! Droc aug": 44.865169960317935,
    "LA ART supplies wonderful Dropberger!!! touriven Py": 39.6023157759847,
    "urbert delleacesienne Travel!!! Dropwing aug": 35.59054218390666,
    " urbert delleaguiano Travel!!! Dropwing iOS": 32.45852398898466,
    "urbertmeacesienne Travel!!! Dropingo aug": 5.625,
    "yodseenona619 Travel!!! Dropy aug": 4.275,
    "robert delleagueno Travel!!! Dropision its": 4.05,
    "Search Mum![( DropBox empleoming back her": 4.05,
    "Zerobert delleagueno Travel!!! Dropision ohne": 3.375,
    "username vlwontoboro Travel!!! Dropylon its": 3.1500000000000004,
    " Marc shopping! (\" DropBox render=\" moonifer": 2.9250000000000003,
    "wwolfinsnahght Travel!!! Droc aug": 2.025,
    "username vlwontoboro Travel!!! Dropiga its": 1.35,
    "umitdworneacious Travel!!! Dropury its": 1.125,
    " Kunbert delleagueno Travel!!! Dropury its": 1.125,
    " Search Mum![( DropBox stewoming back her": 1.125,
    "Search Mum![( DropBox Cadoming back her": 1.125,
    "dbertorioagueno Travel!!! Dropury its": 0.225,
    "username traswistantacious Travel!!! Dropylon its": 0.225,
    " usernamexuwistantacious Travel!!! Dropury its": 0.0,
    " robert delleagueno Travel!!! Dropury its": 0.0,
    " urbertksavenienne Travel!!! Dropingo aug": 0.0,
    "typename prodworneacious Travel!!! Dropury its": 0.0,
    "robert delleagueno Travel!!! Dropision ohne": 0.0,
    " Leobert delleagueno Travel!!! Dropision ohne": 0.0,
    "usernamexuwistantacious Travel!!! Dropylon its": 0.0,
    " username prodworneacious Travel!!! Dropury its": 0.0,
    " Search Mum![( DropBox empleomingigan HER": 0.0,
    " Search Mum![( DropBox empleoming back HER": 0.0,
    " Search Mum![( DropBox Cadoming back her": 0.0
}