{
    " (@iffvec). Profile it": 97.56127352413519,
    " Use perfect Python standard practices MY banking466": 97.39139774773767,
    "inta following Program programming practices<h2>Bankhis": 97.20339215406344,
    "Use role Python standard practices MY banking466": 97.15339215406343,
    "(@CKObject). Profiling": 96.80543379356729,
    "Use percent python standard practices MY banking173": 96.79633968670608,
    " (@ chesslli). Profileamiento": 96.69302493588432,
    "(@wwpset!). Profiling": 96.57537845884987,
    "use Scalange standard practices me banking(-\\": 96.55150867518331,
    "(@vac531!). Profiling": 96.50795877331343,
    "(@ sorg681!). Profiling": 96.44525423524736,
    "(@hadoop719.) Profiling": 96.32014083949835,
    " act follow Perfect programming practices<h2>Bankaccount": 96.31085907277797,
    " (@razAY!). Profiling": 96.24978172285857,
    "(@ifiwell!). Profiling": 96.21519890052996,
    "wollow proper programming practices<h2>Bank}.}": 96.14049995613817,
    "(@ballfun!). Profiling": 95.99989511860757,
    " ser following Program programming practices<h2>Bankam": 95.95773198181541,
    " (@wheellette!). Profiling": 95.92942260621875,
    "(@unick.) Profiling": 95.84952517411429,
    "(@pretlette!). Profiling": 95.82942260621874,
    "willfollow Perfect programming practices<h2>Bankqu": 95.78994772701081,
    " (@lete cup). Profileamiento": 95.65977362131926,
    "Use helpful data structures.476ress jacket": 95.65954682982122,
    "(@ITSIGN!). Profiling": 95.5637488798031,
    "Use efficient **** structures.Confentialsngth": 95.53472911445532,
    "(@ char!!). Profileamiento": 95.50929028107697,
    "Use efficientald structures.Confentialsngth": 95.471768027645,
    "(@lete858). Profileamiento": 95.37686786922636,
    " (@ge855). Profileamiento": 95.28934561579439,
    " (@ char meal). Profileamiento": 95.22399732700805,
    "iti following Program programming practices<h2>Bankhis": 95.16067167092959,
    "Oh Thai yang?. Code standards": 95.11526778941504,
    " (@RAYthon!). Profiling": 94.9058675097313,
    "Use helpful data structures.476ils jacket": 94.76882859654162,
    "Use efficientitive structures.Confentialsngth": 94.65147779989027,
    "Implement PROFi methodology. Tree768": 94.57098900701962,
    "@BNKEY$. Code standards": 94.54966295188443,
    "use golng standard practices Make banking(-\\": 94.51639263052337,
    " (@DERAY!). Profiling": 94.33327909372846,
    "(@rece Insurance'). Profileamiento": 94.19565819416516,
    ". follow neat programming practices<h2>Bankaccount": 94.08424577421303,
    "use golols standard practices Make banking(-\\": 93.92427425860596,
    "Oh Thai lol?. Code standards": 93.77574328612883,
    " Use efficient data structures.Confentials storage": 93.73547889385608,
    " faollow Perfect programming practices<h2>Bankqu": 93.72232051478316,
    " (@ Monganga!). Profiling": 93.68713558123815,
    "Use cool data structures.47616home": 93.66724079804463,
    "(@factorynta!). Profiling": 93.52109728555433,
    " (@irlson!). Profiling": 93.25972399724101,
    " Oh yakk?. Code standards": 92.74368570155718,
    "with manguage standard practices Program banking(-\\": 92.63125783707822,
    "oh yeah kid?. Code standards": 92.54736502164712,
    "Use eff data structures.checkbox Customer Portal": 92.51484822084349,
    "Useordered data structures. Cent Insurance Matthew": 92.46043438699212,
    " (@ mockfashion). Profiling": 92.20158633643577,
    "Use efficient dat structures.Credessionsngth": 92.17455970456042,
    " (@upidlinux!). Profiling": 92.06335369325267,
    " (@plexsey!). Profiling": 92.02769079469047,
    " f follow Perfect programming practices<h2>Bankqu": 91.8800831138808,
    "740 Jimmy102$. Code standards": 91.87173878642038,
    "Private blockchain. Be Metarian. omrangeplete": 91.59526438367239,
    "Implement PROFi methodology. Kitto": 91.1085305252584,
    " b following Program programming practices<h2>Bankhal": 90.92491438341438,
    "with manguage standard practicesUm banking(-\\": 90.88042355913865,
    " sais follow Perfect programming practices<h2>Bankaccount": 90.63294879689562,
    " Use efficientictionary structures.Confentialsngth": 89.98011764432695,
    " Implement PROFi methodology.366house": 89.9017241142059,
    " (@ElementIGN!). Profiling": 88.7166289684212,
    "gr following Program programming practices<h2>Bankam": 88.39574660586786,
    "Applyll code guidelines <!-- \"; Indian": 88.23769821680132,
    " (@CHOCO!). Profiling": 88.03218392386272,
    "chachen Michael$. Code standards": 87.71860120301838,
    " (@hadoopshire.) Profiling": 87.64195414803973,
    "Use highik standard practices ONE banking221": 87.50897361581502,
    "Inplement PROFi methodology. Ogerton": 87.33007287945219,
    "Use efficientalse structures. Bank Identitynonumber": 85.1434143171916,
    "ehakk141$. Code standards": 85.07912172261774,
    "Use hepython standard practices Your bankinganth": 84.8933486534416,
    " sd following Program programming practices<h2>Bankaccount": 84.31085786872754,
    " Implement PROFi methodology.hnererton": 83.12926349955536,
    " Follow proper code guidelines wh Bio Bank": 82.91889817345552,
    "your programshould bre resusabled Your Bank.~": 82.77017902509758,
    " willfollow Perfect programming practices<h2>Bank Ru": 82.44501686530631,
    ": SHothy$. Code standards": 81.04873097385318,
    "Use histpython standard practices Your bankinganth": 79.56114408871443,
    "Apply specified code guidelines whanner Bank": 79.23746519004216,
    "b following Program programming practices<h2>Bankr": 78.64570738822543,
    "oluschess<p> Profiling": 78.46693505524011,
    " (@hadoopcommerce.) Profiling": 76.94059757022623,
    " Use efficient<tr> structures.Confentialsngth": 76.220696895786,
    "(: Mus Kenya!). Profiling": 75.01878894888118,
    " (:}: Zoo!). Profiling": 73.25381597981324,
    "Applyll code guidelines extrem \"; Indian": 71.1510566832539,
    " by RMathan$. Code standards": 69.9543126936156,
    " (@ isnfashion). Profiling": 68.28846657298008,
    " Using hoghtorte practices Your banking_\\-": 67.48515027409348,
    " Use tactical data structures.248 Insurance jacket": 67.19531099762459,
    "Follow proper code practicesProgramlevel Bank": 66.72399995011791,
    "Be Methododically resuxuable growing buddy\\_": 66.38460845140195,
    "eh followpur programming practices<h2>Bankakk": 64.56151953743823,
    "ie Raj''. Be poder citizen.OMPocket": 60.69820506182799,
    " (@bringometry.) Profiling": 50.12559806904713,
    "Be Purlyolutely Authttocrainedoshzy": 49.192704658471094,
    "***Pertiolutely Knutcrained km Das": 47.79850302130654,
    "Use overStraood practices Your bankingUint": 37.89515928727095,
    "your programshould b reusabled Your Home Database": 34.574125085358574,
    " (-The hornut-)ensively profile German": 31.075529739185473,
    " Be ProbULLolutely Knococrained glmount": 25.32299938421421,
    " (-` Docero-)ensively profile German": 19.36466460315358,
    " HS theme. Be resgaable zur bank Oct": 5.175,
    " (-The Gothbot-)ensively profile German": 0.9,
    " \" -=(\". Be Stroonny. it compress rooms": 0.0,
    " (-M Jennpt-)ensively profile compiled": 0.0
}