{
    "Use percent python standard practices MY banking173": 97.77371076300676,
    " (@iffvec). Profile it": 97.67919280459466,
    " Use perfect Python standard practices MY banking466": 97.60155305304185,
    "Use role Python standard practices MY banking466": 97.11488017118157,
    "inta following Program programming practices<h2>Bankhis": 97.11488017118157,
    "use Scalange standard practices me banking(-\\": 97.11278741687036,
    " act follow Perfect programming practices<h2>Bankaccount": 97.06762119197552,
    "willfollow Perfect programming practices<h2>Bankqu": 96.76660858556755,
    "wollow proper programming practices<h2>Bank}.}": 96.71166661793129,
    "(@CKObject). Profiling": 96.61714865951919,
    " (@ chesslli). Profileamiento": 96.49224992876034,
    "(@ sorg681!). Profiling": 96.43917137249707,
    "(@vac531!). Profiling": 96.39773197034825,
    "(@wwpset!). Profiling": 96.36153162094428,
    "(@hadoop719.) Profiling": 96.35571204388707,
    " ser following Program programming practices<h2>Bankam": 96.23081331312822,
    "(@ifiwell!). Profiling": 96.18355433392217,
    " (@razAY!). Profiling": 95.99975746984282,
    "(@lete858). Profileamiento": 95.91874207691818,
    "use golng standard practices Make banking(-\\": 95.90710292280374,
    "(@unick.) Profiling": 95.88836130457143,
    "Oh Thai yang?. Code standards": 95.85029754379445,
    "(@ballfun!). Profiling": 95.83321679845285,
    " (@lete cup). Profileamiento": 95.73308180146584,
    " (@ge855). Profileamiento": 95.7103840175493,
    " (@wheellette!). Profiling": 95.6438028957986,
    "(@pretlette!). Profiling": 95.6438028957986,
    "iti following Program programming practices<h2>Bankhis": 95.62296852325508,
    "Use helpful data structures.476ress jacket": 95.5661631442458,
    "use golols standard practices Make banking(-\\": 95.4714158428955,
    "(@ char!!). Profileamiento": 95.4547669789744,
    "(@ITSIGN!). Profiling": 95.34860986644786,
    "Use efficient **** structures.Confentialsngth": 95.31636568272812,
    "Use efficientald structures.Confentialsngth": 95.24640891960554,
    "@BNKEY$. Code standards": 95.22184772431602,
    " (@ char meal). Profileamiento": 95.19333036334227,
    "Implement PROFi methodology. Tree768": 95.13443223002179,
    ". follow neat programming practices<h2>Bankaccount": 95.03805086023668,
    "Oh Thai lol?. Code standards": 94.86193698458757,
    "Use helpful data structures.476ils jacket": 94.85425399615735,
    " (@RAYthon!). Profiling": 94.78429723303478,
    "Use cool data structures.47616home": 94.68582310893845,
    "(@rece Insurance'). Profileamiento": 94.6618424379613,
    "with manguage standard practices Program banking(-\\": 94.64584204119802,
    "oh yeah kid?. Code standards": 94.60818335738566,
    "Use efficientitive structures.Confentialsngth": 94.55719755543362,
    " (@DERAY!). Profiling": 94.48142121525382,
    " faollow Perfect programming practices<h2>Bankqu": 94.19146723864795,
    " Oh yakk?. Code standards": 93.82631744617464,
    " b following Program programming practices<h2>Bankhal": 93.6387937593493,
    " (@irlson!). Profiling": 93.62191555249,
    "(@factorynta!). Profiling": 93.52344142839368,
    " Use efficient data structures.Confentials storage": 93.48386543761785,
    " f follow Perfect programming practices<h2>Bankqu": 93.47787012653423,
    " (@ Monganga!). Profiling": 93.31903953470905,
    "740 Jimmy102$. Code standards": 93.30193198491152,
    "Private blockchain. Be Metarian. omrangeplete": 93.21696042630265,
    "Useordered data structures. Cent Insurance Matthew": 93.06714931888014,
    "Implement PROFi methodology. Kitto": 92.89836725028711,
    "Use eff data structures.checkbox Customer Portal": 92.7942758009372,
    "with manguage standard practicesUm banking(-\\": 92.47824839904294,
    " (@upidlinux!). Profiling": 92.29261521472519,
    " (@ mockfashion). Profiling": 91.94620704048418,
    "Use efficient dat structures.Credessionsngth": 91.91617744951158,
    " (@plexsey!). Profiling": 91.58632310521165,
    " Implement PROFi methodology.366house": 91.27969346022878,
    " sais follow Perfect programming practices<h2>Bankaccount": 91.25883199655068,
    "Use highik standard practices ONE banking221": 90.84330401757225,
    "Inplement PROFi methodology. Ogerton": 90.588969866058,
    "chachen Michael$. Code standards": 90.07622355890932,
    " Use efficientictionary structures.Confentialsngth": 89.75568627147439,
    "Use hepython standard practices Your bankinganth": 89.04816517049068,
    "Applyll code guidelines <!-- \"; Indian": 89.04188690755703,
    "gr following Program programming practices<h2>Bankam": 88.88416289540874,
    " (@hadoopshire.) Profiling": 88.26883794226636,
    " (@ElementIGN!). Profiling": 88.24069885380133,
    " (@CHOCO!). Profiling": 87.75798213762525,
    " willfollow Perfect programming practices<h2>Bank Ru": 86.77224096145147,
    "ehakk141$. Code standards": 86.2545796917975,
    " Implement PROFi methodology.hnererton": 85.92140388839485,
    "Use efficientalse structures. Bank Identitynonumber": 85.88157146354622,
    "your programshould bre resusabled Your Bank.~": 85.85575447233063,
    " Follow proper code guidelines wh Bio Bank": 84.90988685939502,
    " sd following Program programming practices<h2>Bankaccount": 84.3453976319195,
    "b following Program programming practices<h2>Bankr": 82.55078598691713,
    ": SHothy$. Code standards": 81.8319233042813,
    "Apply specified code guidelines whanner Bank": 81.3194057667135,
    "oluschess<p> Profiling": 80.8521500613779,
    " Use efficient<tr> structures.Confentialsngth": 79.91188543976222,
    "Use histpython standard practices Your bankinganth": 78.79016009857159,
    " (@hadoopcommerce.) Profiling": 77.48955285580693,
    "(: Mus Kenya!). Profiling": 75.79865438764575,
    " (:}: Zoo!). Profiling": 73.17090664423694,
    "Applyll code guidelines extrem \"; Indian": 71.66784075917099,
    "Be Methododically resuxuable growing buddy\\_": 70.5940093904466,
    " by RMathan$. Code standards": 69.56034743735067,
    " Use tactical data structures.248 Insurance jacket": 68.77256777513843,
    " Using hoghtorte practices Your banking_\\-": 68.76127808232609,
    "Follow proper code practicesProgramlevel Bank": 67.58222216679768,
    " (@ isnfashion). Profiling": 66.54274063664452,
    "ie Raj''. Be poder citizen.OMPocket": 66.38689451314221,
    "eh followpur programming practices<h2>Bankakk": 65.67946615270914,
    "Be Purlyolutely Authttocrainedoshzy": 51.71411628719011,
    "***Pertiolutely Knutcrained km Das": 51.33167002367392,
    " (@bringometry.) Profiling": 47.91733118783014,
    "Use overStraood practices Your bankingUint": 39.105732541412166,
    "your programshould b reusabled Your Home Database": 35.08236120595397,
    " (-The hornut-)ensively profile German": 34.13947748798387,
    " Be ProbULLolutely Knococrained glmount": 27.41444376023801,
    " (-` Docero-)ensively profile German": 21.405182892392865,
    " HS theme. Be resgaable zur bank Oct": 5.75,
    " (-The Gothbot-)ensively profile German": 1.0,
    " \" -=(\". Be Stroonny. it compress rooms": 0.0,
    " (-M Jennpt-)ensively profile compiled": 0.0
}