{
    "785catsasperoursAprilrestizzB-) Kelly": 97.97741158399714,
    "Parentcats conquerrorommrestizz *:-) Kelly": 97.08533234371856,
    "citycatsatrorariumrestizz *:-) Kelly": 96.89907270916505,
    "043catsasperobeengerokenximcraft.$$ Kelly": 96.78465033515603,
    "gotcatsfooursariumrestizz.~\\-) Kelly": 96.64314908208355,
    "@catsiraspantryorenafention$. Kelly": 96.42009181744531,
    "104catsasperoursitudrestizzB-) Kelly": 96.38796534398861,
    "Westcatsatrorariumrestizz *:-) Kelly": 96.373544604048,
    "Zadia conquackerwabsoss *:-) Kelly": 96.19107768533345,
    "@catsiraspantryorenaf&$$. Kelly": 96.10561981935804,
    "hetal Nicackerwabsoss(:-) Fox": 95.9332855870004,
    "Parentcats conquetheraptrestizz *:-) Kelly": 95.91446012959025,
    "975catsasperoursantenrestizzFF-) Kelly": 95.87721854891284,
    " @catsiraspantryorenafeman$. Kelly": 95.34189046237256,
    "975catsasperoursuzzrestizzFF-) Kelly": 95.1296355081351,
    "975catsasperornooursesrestizzFF-) Kelly": 95.07398743659385,
    "358catsasperoursitudrestizzB-) Kelly": 94.97911166019634,
    "hetal Nicackerwizoss(:-) Fox": 94.83703379597537,
    " Wilcatsatrorariumrestizz *:-) Kelly": 93.20986826828309,
    "975catsasperoursaffrestizzFF-) Kelly": 92.87250365945326,
    " occupcatsatrorariumrestizz *:-) Kelly": 92.5894400047474,
    "hetia conquackerwabsoss(:-) Fox": 92.33817226865462,
    "gotcatsatroestariumrestizz *:-) Kelly": 91.62396946184106,
    "CHcatsasperourselligrestizzB-) Kelly": 91.36573663805041,
    "169catsasperobeengerokenmatzz.$$ Kelly": 90.51013281536231,
    " @catsiraspantryorenaf%%$. Kelly": 89.77601372445478,
    "343catsasperobeengerogactivcraft.$$ Kelly": 88.92824250779623,
    "@catsDivaspantryorenaf$$$. Kelly": 88.42030188124279,
    "785catsasperourselligrestizzB-) Kelly": 87.93838882572403,
    "818catsasperobeengerboyplant}):'. Kelly": 87.2326048684919,
    "foxcatsatrorariumrestizz *:-) Kelly": 85.18338199703803,
    "MYira NicBecremizoss.:-) Fox": 84.76908966047499,
    " @catsyesaspantryorenaf$$$. Kelly": 84.43074276150685,
    " Zadia conquackerwabsoss *:-) Kelly": 84.22982570510052,
    "Globalcatsatrorariumrestizz *:-) Kelly": 83.76286175265018,
    "VTcats explorrorommrestizz *:-) Kelly": 78.66883754091623,
    "Parentcats conquetherentrest cool *:-) Kelly": 76.8502110098371,
    "WOcatsatrorariumrestizz *:-) Kelly": 75.83109060307446,
    " nutcatsfoloursaverrestizz>::-) Kelly": 73.92599540568759,
    "weetcatsatrorariumrestizz *:-) Kelly": 70.30326246063184,
    "ISTcatsatrorariumrestizz *:-) Kelly": 67.31657900032853,
    " tribeland conquetawrestoss *:-) Kelly": 65.03006195699476,
    " Smira NicBeciurghen.:-) Fox": 64.32524493825801,
    "641catsasperobeengerretzw}):'. Kelly": 59.79582947033822,
    "641catsasperobeengerboyper}):'. Kelly": 52.160589795500634,
    "729catsasperobeengerpher923}):'. Kelly": 52.058896599589595,
    "Lyal Nicackerwizoss(:-) Fox": 48.6089153913766,
    " TCcatsatrorariumrestizz *:-) Kelly": 43.065323089731,
    " Smira NicBecremizoss.:-) Fox": 34.39890452912168
}