{
    "785catsasperoursAprilrestizzB-) Kelly": 99.69712398221904,
    "Parentcats conquerrorommrestizz *:-) Kelly": 98.98370260413174,
    "@catsiraspantryorenafention$. Kelly": 98.85565757493924,
    "975catsasperoursuzzrestizzFF-) Kelly": 98.69959500903899,
    "Parentcats conquetheraptrestizz *:-) Kelly": 98.4049556995447,
    "975catsasperoursantenrestizzFF-) Kelly": 98.30802060990315,
    "citycatsatrorariumrestizz *:-) Kelly": 98.16563634351674,
    "104catsasperoursitudrestizzB-) Kelly": 98.15329482665402,
    "hetal Nicackerwizoss(:-) Fox": 97.98559310663931,
    "Westcatsatrorariumrestizz *:-) Kelly": 97.97060511560892,
    "043catsasperobeengerokenximcraft.$$ Kelly": 97.87183370572893,
    " @catsiraspantryorenafeman$. Kelly": 97.65765606930286,
    "hetal Nicackerwabsoss(:-) Fox": 97.53698398555599,
    "975catsasperornooursesrestizzFF-) Kelly": 97.41554159621539,
    "975catsasperoursaffrestizzFF-) Kelly": 97.30278184383695,
    "Zadia conquackerwabsoss *:-) Kelly": 97.26786409481497,
    "358catsasperoursitudrestizzB-) Kelly": 97.0879018446626,
    "gotcatsfooursariumrestizz.~\\-) Kelly": 96.71461009120395,
    "@catsiraspantryorenaf&$$. Kelly": 96.4506886881756,
    " occupcatsatrorariumrestizz *:-) Kelly": 95.48826667194156,
    " Wilcatsatrorariumrestizz *:-) Kelly": 95.01096474253677,
    "hetia conquackerwabsoss(:-) Fox": 94.65352474294957,
    "gotcatsatroestariumrestizz *:-) Kelly": 93.85996606871228,
    "CHcatsasperourselligrestizzB-) Kelly": 93.40637404227823,
    "343catsasperobeengerogactivcraft.$$ Kelly": 92.53138056421803,
    "169catsasperobeengerokenmatzz.$$ Kelly": 92.28903646151366,
    " @catsiraspantryorenaf%%$. Kelly": 91.08445969383865,
    "@catsDivaspantryorenaf$$$. Kelly": 90.57811320138087,
    "785catsasperourselligrestizzB-) Kelly": 90.43154313969336,
    "MYira NicBecremizoss.:-) Fox": 90.29898851163887,
    "foxcatsatrorariumrestizz *:-) Kelly": 88.42597999670893,
    " Zadia conquackerwabsoss *:-) Kelly": 88.25536189455615,
    " @catsyesaspantryorenaf$$$. Kelly": 86.70082529056316,
    "818catsasperobeengerboyplant}):'. Kelly": 86.42511652054654,
    "Globalcatsatrorariumrestizz *:-) Kelly": 83.73651305850022,
    "VTcats explorrorommrestizz *:-) Kelly": 79.90981948990691,
    "Parentcats conquetherentrest cool *:-) Kelly": 77.61134556648565,
    "WOcatsatrorariumrestizz *:-) Kelly": 77.2567673367494,
    " nutcatsfoloursaverrestizz>::-) Kelly": 72.41777267298622,
    "weetcatsatrorariumrestizz *:-) Kelly": 71.22584717847984,
    " tribeland conquetawrestoss *:-) Kelly": 69.97784661888306,
    "ISTcatsatrorariumrestizz *:-) Kelly": 69.51842111147614,
    " Smira NicBeciurghen.:-) Fox": 62.528049931397796,
    "641catsasperobeengerretzw}):'. Kelly": 57.93981052259802,
    "729catsasperobeengerpher923}):'. Kelly": 54.17655177732177,
    "641catsasperobeengerboyper}):'. Kelly": 50.511766439445154,
    "Lyal Nicackerwizoss(:-) Fox": 45.621017101529546,
    " TCcatsatrorariumrestizz *:-) Kelly": 40.9614700997011,
    " Smira NicBecremizoss.:-) Fox": 30.221005032357418
}