{
    "Be Michelle blockchainistanizards ;) Bradley Ba": 99.9054820415879,
    "t.~\\ Frederick!!!GAUSA": 99.89966246453068,
    "Dandy!!!<h2>Keep Donald dr'_": 99.82202271297788,
    ":- Michelle blockchaincell419 ;) Jimmy Ba": 99.62716721909646,
    "Be Michelle blockchainitan gal ;) Bradley Ba": 99.57990823989041,
    "Wldatfireyd090 champ!!! Harold Must": 99.5740886628332,
    "}, Alex military broDK!!!": 99.29053478759691,
    ": Michelle blockchainancing503 ;) Bradley Ba": 99.26539306799502,
    "um Alex military broDK!!!": 98.89817732566641,
    "UImaatsfireyd090 champ!!! Harold Must": 98.89069687571849,
    " UImaatfireyd090 champ!!! Harold Must": 98.2926278285868,
    "IImaatsfireyd090 champ!!! Harold Must": 97.64296536405612,
    "}, Alex military broAY!!!": 97.57900391201717,
    "fking Roma!!!ALLYtron": 97.40382145537589,
    "325 Alex military broDK!!!": 97.30630612810066,
    "Be Michelle blockchainiam gal ;) Bradley Ba": 97.27633043271854,
    "ELebayfireydesta champ!!! Harold Operations": 97.2684181013501,
    " Ha Alex military broDK!!!": 96.63714607367757,
    "CS es Roma!!!ALLYtron": 96.26806691997595,
    "CS em Roma!!!ALLYtron": 96.05202587217687,
    "O Alex military broDK!!!": 94.63440513888722,
    "ELebay flyydestaaat!!! Harold Operations": 94.35885891567806,
    "While wars!!!<h2>Keep Donaldonn'_": 93.95247197285956,
    " Wldatfireydsts champ!!! Harold Must": 93.07510221528078,
    "je Michelle blockchainancing Corporation ;) Bradley Ba": 91.90247205886315,
    "Dab!!!<h2>Keep Donald tr412": 91.82344134239007,
    " as Alex military broDK!!!": 91.461950716496,
    "...... Alex military broDK!!!": 90.98977947529775,
    "CCESS Frederick!!!Tasks Jordan": 90.97134876008607,
    " Be Michelle blockchainitanizards ;) Bradley Ba": 90.97030954989728,
    " ck Frederick!!! Just Jordan": 88.75062295275593,
    "Oebaymazisdestaaat!!! Alexander Operations": 88.04553188354194,
    "W wars!!!<h2>Keep Donald Mo'_": 85.63884880165449,
    "je Michelle blockchainancing Africa ;) Bradley Ba": 84.56856766161366,
    "Mr Michelle blockchainiamelf ;) Bradley Ba": 84.29763882844748,
    "pq wars!!!<h2>Keep Donaldonn'_": 81.52206551410373,
    "Dab!!!<h2>Keep Donald dr'_": 80.50755054288341,
    "be Michelle blockchainiam gal ;) Bradley Ba": 80.18163860369138,
    "Y Alex military broDK!!!": 79.8071313326602,
    "WOebaymazoldestaaat!!! Alexander Operations": 78.0970861693021,
    "ten Alex military broDK!!!": 77.66890577044033,
    "-\\ Michelle blockchainancing513 ;) Bradley Ba": 77.53042363080833,
    " Joseph em Roma!!!ALLYtron": 76.90686211271861,
    " Dab!!!<h2>Keep Donald dr412": 76.81257349724473,
    "nd Alex military broDK!!!": 76.03658105868139,
    "Prisiononi!!!icallytron": 70.06676015258185,
    "Data576irtoccupyd]). Benjamin!!! Development Cand": 67.17610427191357,
    "-\\ Michelle blockchainman513 ;) Southwest Ba": 67.15179951069685,
    "be Wahl Roma!!! pointertron": 65.54918044301029,
    " -------- doseirtoccupydzi Benjamin!!! Development Cand": 65.33736561220516,
    "Michelle blockchainancing513 ;) Bradley Ba": 63.34368501352836,
    "FD wars!!!<h2>Keep Donald dr'_": 61.54540101472783,
    "Dab!!!<h2>Write Donald working412": 59.27263514462653,
    "UIldatfireyd090 champ!!! Harold Must": 57.25057192395218,
    "CARirokooccupyd090 Benjamin!!! Development Cand": 57.24084950344387,
    "Volisco!!!<h2>Write Donald working432": 57.01788301560737,
    " Mebay Roldickenamo!!! Flight Operations": 54.80514995301337,
    " nr Frederick!!!Tasks Ali": 51.5907962958822,
    " nr Frederick!!!Tasks Jordan": 49.872568606506576,
    "MW,\\ Frederick!!!ventionsUSA": 44.92698537881433,
    ") Michelle blockchainancingbery ;) Bradley Ba": 44.069032081063554,
    " IImaatsfireyd090 Benjamin!!! Harold Must": 41.688569347284265,
    "AS Michelle blockchainodot217 ;) Jimmy Ba": 41.213482870662624,
    "CARicatedirtoccupyd090 Benjamin!!! Development Cand": 39.25154605808225,
    "God doseirtoccupydzi Benjamin!!! Development Cand": 31.738909262186567,
    " je Michelle blockchainancingelf ;) Bradley Ba": 6.25,
    "y wars!!!<h2>Keep Donaldonn'_": 6.0,
    " Be Michelle blockchain Za gal ;) Bradley Ba": 5.75,
    " Drey!!!<h2>Keep Donald dr'_": 5.75,
    "God696irtoccupyd20 Benjamin!!! Development Cand": 4.5,
    "be deal Roma!!! pointertron": 4.5,
    "be Wahl Barcelona!!! pointertron": 3.5000000000000004,
    "Data576ewoccupyd]). Benjamin!!! operational Cand": 3.0,
    "M wars!!!<h2>Keep Donald dr'_": 3.0,
    "ven Michelle blockchainancingelf ;) Bradley Ba": 2.25,
    "O wars!!!<h2>Keep Donald dr'_": 2.25,
    " Hoffision Frederick!!!izran": 2.25,
    "ICWSirtoccupyd090 Benjamin!!! Development Cand": 2.0,
    "OW wars :)<h2>Keep Donald Mo'_": 2.0,
    " While wars!!!<h2>Keep Donald dr'_": 1.25,
    " be Michelle blockchainodot217 ;) Jimmy Ba": 0.5,
    "yt.~\\ Frederick!!!ventionsUSA": 0.25,
    "khopping!!!<h2>Write Donald workingnov": 0.0,
    " Kazopher!!!<h2>Write Donald workingnov": 0.0,
    "Christiron!!!<h2>Write Donald workingnov": 0.0,
    " Christopping!!!<h2>Write Donald workingnov": 0.0,
    " Volatto!!!<h2>Write Donald workingnov": 0.0,
    " ck Frederick!!!ventions Jordan": 0.0,
    " ck Frederick!!!ctions Jordan": 0.0
}