{
    "t.~\\ Frederick!!!GAUSA": 99.75969621807762,
    "Be Michelle blockchainistanizards ;) Bradley Ba": 99.71493383742911,
    "Dandy!!!<h2>Keep Donald dr'_": 98.7398204416801,
    ":- Michelle blockchaincell419 ;) Jimmy Ba": 98.66445049718683,
    ": Michelle blockchainancing503 ;) Bradley Ba": 98.48885376119553,
    "Be Michelle blockchainitan gal ;) Bradley Ba": 98.47191741590137,
    "Wldatfireyd090 champ!!! Harold Must": 97.66667979654989,
    "UImaatsfireyd090 champ!!! Harold Must": 96.95162718814665,
    "IImaatsfireyd090 champ!!! Harold Must": 96.72866882765051,
    "fking Roma!!!ALLYtron": 96.1134393098383,
    "um Alex military broDK!!!": 95.90835959309975,
    " Ha Alex military broDK!!!": 95.12343146630981,
    "}, Alex military broDK!!!": 95.11148130883723,
    "Be Michelle blockchainiam gal ;) Bradley Ba": 95.04869738944666,
    " UImaatfireyd090 champ!!! Harold Must": 93.81336504572812,
    "CS em Roma!!!ALLYtron": 93.5968232849592,
    "}, Alex military broAY!!!": 92.92110352081548,
    "CS es Roma!!!ALLYtron": 92.89126022797835,
    "ELebayfireydesta champ!!! Harold Operations": 92.69157629121509,
    "325 Alex military broDK!!!": 91.97567551529059,
    "O Alex military broDK!!!": 91.7209646249985,
    "...... Alex military broDK!!!": 91.090801527768,
    " Wldatfireydsts champ!!! Harold Must": 90.8675919937527,
    "ELebay flyydestaaat!!! Harold Operations": 89.67297302411025,
    "Dab!!!<h2>Keep Donald tr412": 88.84109720815108,
    "je Michelle blockchainancing Corporation ;) Bradley Ba": 88.76222485297684,
    "While wars!!!<h2>Keep Donaldonn'_": 88.20722477557361,
    " Be Michelle blockchainitanizards ;) Bradley Ba": 87.67327859490756,
    "Oebaymazisdestaaat!!! Alexander Operations": 86.14097869518775,
    " ck Frederick!!! Just Jordan": 85.02556065748034,
    " as Alex military broDK!!!": 84.96575564484641,
    "CCESS Frederick!!!Tasks Jordan": 84.57421388407747,
    "je Michelle blockchainancing Africa ;) Bradley Ba": 83.4117108954523,
    "W wars!!!<h2>Keep Donald Mo'_": 82.07496392148903,
    "Mr Michelle blockchainiamelf ;) Bradley Ba": 81.21787494560272,
    "be Michelle blockchainiam gal ;) Bradley Ba": 80.36347474332223,
    "Y Alex military broDK!!!": 78.42641819939419,
    "Dab!!!<h2>Keep Donald dr'_": 78.40679548859505,
    "pq wars!!!<h2>Keep Donaldonn'_": 76.71985896269335,
    "WOebaymazoldestaaat!!! Alexander Operations": 75.8373775523719,
    "ten Alex military broDK!!!": 75.6020151933963,
    " Joseph em Roma!!!ALLYtron": 74.56617590144675,
    "-\\ Michelle blockchainancing513 ;) Bradley Ba": 73.97738126772748,
    " Dab!!!<h2>Keep Donald dr412": 73.88131614752025,
    "Prisiononi!!!icallytron": 71.91008413732368,
    "nd Alex military broDK!!!": 71.03292295281327,
    "be Wahl Roma!!! pointertron": 66.89426239870926,
    "Data576irtoccupyd]). Benjamin!!! Development Cand": 66.60849384472222,
    "-\\ Michelle blockchainman513 ;) Southwest Ba": 64.18661955962716,
    " -------- doseirtoccupydzi Benjamin!!! Development Cand": 62.553629050984654,
    "Michelle blockchainancing513 ;) Bradley Ba": 60.70931651217553,
    "Dab!!!<h2>Write Donald working412": 60.04537163016388,
    "FD wars!!!<h2>Keep Donald dr'_": 56.64086091325505,
    "Volisco!!!<h2>Write Donald working432": 55.466094714046626,
    "CARirokooccupyd090 Benjamin!!! Development Cand": 54.91676455309948,
    "UIldatfireyd090 champ!!! Harold Must": 53.27551473155696,
    " Mebay Roldickenamo!!! Flight Operations": 51.52463495771203,
    " nr Frederick!!!Tasks Ali": 49.03171666629399,
    " nr Frederick!!!Tasks Jordan": 46.785311745855914,
    "MW,\\ Frederick!!!ventionsUSA": 43.0842868409329,
    ") Michelle blockchainancingbery ;) Bradley Ba": 41.4621288729572,
    " IImaatsfireyd090 Benjamin!!! Harold Must": 41.219712412555836,
    "AS Michelle blockchainodot217 ;) Jimmy Ba": 38.59213458359636,
    "CARicatedirtoccupyd090 Benjamin!!! Development Cand": 37.77639145227403,
    "God doseirtoccupydzi Benjamin!!! Development Cand": 31.065018335967913,
    " je Michelle blockchainancingelf ;) Bradley Ba": 5.625,
    "y wars!!!<h2>Keep Donaldonn'_": 5.4,
    " Be Michelle blockchain Za gal ;) Bradley Ba": 5.175,
    " Drey!!!<h2>Keep Donald dr'_": 5.175,
    "God696irtoccupyd20 Benjamin!!! Development Cand": 4.05,
    "be deal Roma!!! pointertron": 4.05,
    "be Wahl Barcelona!!! pointertron": 3.1500000000000004,
    "Data576ewoccupyd]). Benjamin!!! operational Cand": 2.7,
    "M wars!!!<h2>Keep Donald dr'_": 2.7,
    "ven Michelle blockchainancingelf ;) Bradley Ba": 2.025,
    "O wars!!!<h2>Keep Donald dr'_": 2.025,
    " Hoffision Frederick!!!izran": 2.025,
    "ICWSirtoccupyd090 Benjamin!!! Development Cand": 1.8,
    "OW wars :)<h2>Keep Donald Mo'_": 1.8,
    " While wars!!!<h2>Keep Donald dr'_": 1.125,
    " be Michelle blockchainodot217 ;) Jimmy Ba": 0.45,
    "yt.~\\ Frederick!!!ventionsUSA": 0.225,
    "khopping!!!<h2>Write Donald workingnov": 0.0,
    " Kazopher!!!<h2>Write Donald workingnov": 0.0,
    "Christiron!!!<h2>Write Donald workingnov": 0.0,
    " Christopping!!!<h2>Write Donald workingnov": 0.0,
    " Volatto!!!<h2>Write Donald workingnov": 0.0,
    " ck Frederick!!!ventions Jordan": 0.0,
    " ck Frederick!!!ctions Jordan": 0.0
}