{
    "odd$. Refactor for clarity": 98.61410493471466,
    "git''. Refactor for clarity": 98.56410493471466,
    " odd''. Refactor for clarity": 98.56410493471466,
    " Vlad''. Refactor for clarity": 98.51410493471467,
    "473''. Refactor for clarity": 98.51410493471467,
    " Bank''. Refactor for clarity": 98.42428449303455,
    "hh''. Refactor for clarity": 98.41410493471467,
    "456''. Refactor for clarity": 98.41410493471467,
    "755''. Refactor for clarity": 98.41410493471467,
    "}. Refactor excess code": 98.40392537639477,
    "Bank''. Refactor for clarity": 98.32428449303455,
    "txt''. Refactor for clarity": 98.31410493471466,
    "cs''. Refactor for clarity": 98.31410493471466,
    "h''. Refactor for clarity": 98.31410493471466,
    " Anton$. Refactor for clarity": 98.26410493471467,
    "CS''. Refactor for clarity": 98.26410493471465,
    "ANK''. Refactor for clarity": 98.26410493471465,
    " investment''. Refactor for clarity": 98.21410493471465,
    " cs''. Refactor for clarity": 98.21410493471465,
    "dat''. Refactor for clarity": 98.21410493471465,
    "DER''. Refactor for clarity": 98.16410493471466,
    "''. Refactor for clarity": 98.16410493471466,
    "ICS''. Refactor for clarity": 98.11410493471466,
    "902''. Refactor for simplicity": 98.06410493471466,
    " debt$. Refactor for clarity": 98.06410493471466,
    "'). Refactor excess code": 98.06410493471466,
    " Refactor for clarity": 98.0516960770317,
    "\"). Refactor excess code": 98.05169607703169,
    ")}. Refactor excess code": 98.03356625975496,
    "\"}). Refactor excess code": 98.0016960770317,
    " Boss''. Refactor for simplicity": 97.99374581807487,
    ". Refactor for clarity": 97.99374581807487,
    "azar_. Refactor for clarity": 97.93356625975495,
    " Refactor for clarity Christopher \"'Dr038": 97.91410493471467,
    "../../''. Refactor for clarity": 97.9016960770317,
    "Refactor for clarity Young (** ken68": 97.88398071111217,
    "?. Refactor for clarity": 97.84374581807486,
    " bats''. Refactor for clarity": 97.76410493471465,
    "inc''. Refactor for clarity": 97.74374581807487,
    "']. Refactor excess code": 97.68356625975495,
    " }. Refactor excess code": 97.65603590478369,
    "\"]. Refactor excess code": 97.63356625975496,
    "lock''. Refactor for clarity": 97.61410493471467,
    " Age`. Refactor for clarity": 97.52115740207199,
    " dag_. Refactor for clarity": 97.4813369603919,
    "]. Refactor excess code": 97.43616012838616,
    "). Refactor for clarity": 97.421157402072,
    "\". Refactor excess code": 97.39856898606914,
    "sg''. Refactor for simplicity": 97.36097784375211,
    "Refactor for clarityeen Mart Steven!!!": 97.30169607703169,
    " Refactor for clarity Alberto bez7747": 97.2516960770317,
    "'. Refactor excess code": 97.21851365135171,
    " Refactor for clarity Young [- ken68": 97.2113922951093,
    " Refactor for clarityeen Jake Steven!!!": 97.1813369603919,
    "Refactor for clarity493 Benli!!!": 96.99374581807487,
    " submit$. Refactor for clarity": 96.80128162567449,
    "Refactor for clarity Alberto ib7747": 96.7915165187118,
    "Refactor for clarity Jacob!!! affenson": 96.7016960770317,
    "<p> Refactorlu cleanup": 96.6830140306276,
    " Refactor for clarity (* SingDr954": 96.62844203615248,
    "'. Refactor for clarity": 96.55874854438905,
    " Refactor for clarityWin!!! Bayesian857": 96.4613922951093,
    " Refactor for clarity themes$( Jacob Lewis": 96.45121273678943,
    "Refactor for clarityWin!!! Astr857": 96.44103317846951,
    "Refactor for clarity YoungReader ken68": 96.40344203615248,
    " Refactor for clarity374 (** Jen Michael": 96.36603317846951,
    "Refactor for clarity Joseph619urg748": 96.29374581807488,
    "Refactor for clarity themes@\" Jacob Lewis": 96.27115740207199,
    "Refactor for clarity172<h2>Skston": 96.2313369603919,
    "Refactor for clarity172<h2> Russ Account": 96.0415165187118,
    " Refactor for clarity<h1> ManDranto": 96.00169607703171,
    "Refactor for clarity garden/** Soueler": 95.82844203615248,
    "Refactor for clarity276 (** Jen Michael": 95.82338670143506,
    "Refactor for clarity shercache<< Margaret": 95.65079828543219,
    "Refactor for clarityoz \"'Dr038": 95.62963039092078,
    "Refactor for clarity themes <!-- PKoya": 95.50072939654713,
    "<p> Refactorinal cleanup": 95.46626022797837,
    "Refactor for clarity Business Jake Steven!!!": 95.27308564582684,
    "<p>Refactorinal cleanup": 95.08330996902151,
    " Refactor for clarity CLASS bez7747": 95.00808291951266,
    " Refactor for clarity Business Matthew Loren!!!": 94.94519072158742,
    "Refactor for clarity Author575064 Leo": 94.91561872711229,
    "Refactor for clarity Joseph619urgails": 94.73790608750696,
    "Refactor for clarityProperty penri008": 94.66495310223591,
    "Refactor for clarity172[ SarI": 94.57802758479527,
    " Refactor for clarity {\\237 Michael Malaysia": 94.51784802647535,
    " Refactor for clarity garden/**Skeler": 94.4142132132494,
    "Refactor for clarityeen Mart Puicus": 94.34206363062486,
    "<p> Refactorunal cleanup": 94.30095644605596,
    "Refactor for clarityivan Marcoambiii": 94.29700556959325,
    "\"]. Refactor WAR!!!": 94.09987073658645,
    "Refactor for clarityPropertyhenys008": 94.07423486895632,
    " Refactor for clarity172<h2> You Account": 93.65533514743599,
    ")}. Refactor!! Burn": 93.51758636051679,
    "Refactor for clarity ($ Phil syntiko": 92.76929292998791,
    "}}. Refactor!!! burn": 92.75163570250322,
    " Refactor for clarityProperty penys008": 92.49930375784139,
    "Refactor for clarity DerekKitendaszw": 92.11609695014027,
    "Refactor for clarity YoungUSER \"./antom": 91.8790580369506,
    " N [...]<h4> Marshallicationsian Bug removal!! Cruz": 91.78387208856307,
    " Refactor for clarity172<h2>Sk Hu": 91.30848150320536,
    " Refactor for clarityProperty Luxri008": 91.22574866135395,
    "Refactor for clarity {\\237 MichaelNF": 91.22333707735682,
    "Refactor for clarity Business Java Loren!!!": 91.2030618572306,
    "''. Refactorandezdestroy": 91.0575633287522,
    "\"}). Refactor!! Burn": 91.004368982973,
    "Refactor for clarity Jacob!!! affcoin": 90.67110777799374,
    "Refactor for clarity============== SBambiii": 90.45313048810485,
    " plate\"}). RefactorNY!!!": 90.41756675169556,
    "Refactor for clarity ($\\streamUser Malaysia": 90.0724392857573,
    "\". RefactorPer retirement": 89.54754193105606,
    " Muhammadolino<h2> Depbersancy removalML PR Agent": 88.73607051263306,
    " Marienges vacationul<h2> Bug removal automation PM": 87.18191296951515,
    " Refactor for clarity972 Syuriko": 87.13141462164435,
    "Refactor for clarity themes < Jacob Lewis": 87.02314430028329,
    "]. Refactorbird retirement": 86.80050062696627,
    "Refactor for claritynr Huri Meer": 86.41830100744619,
    "Refactor for clarity Samuel575064 Leo": 84.93768806837632,
    "Refactor for clarity Oscar575908 Peters": 84.37015498709087,
    " .\" Refactor excess code": 84.23646509715827,
    "Refactor for clarity539 SingDrNY": 83.80600042829793,
    "Refactor for clarity172<h2> IS Account": 83.13030504617534,
    "Refactor for clarity ($ Schne354iko": 83.05142843382279,
    "Refactor for clarity062 SBambagger": 82.7984592454732,
    " dialogillo<h2> Depisdancy removal-------- PR Agent": 82.54816459713334,
    "Refactor for clarity Joseph dispatch391eu": 81.65135442772343,
    "Refactor for clarity Hat \"'Dr038": 81.59058750780484,
    "Refactor for clarity Joseph619 SMDEBUG": 81.29576187150718,
    "Refactor for clarity themes < PK Lewis": 81.13694306217545,
    "Refactor for clarity Software Lem391eu": 80.69896722574741,
    "\"). Refactorlicdestroy": 80.38320285153543,
    "[But804773blem excessife packages": 80.31746238632475,
    " Marienges vacation solic<h2> Bug removal automation PM": 80.07106770031528,