{
    " Bank''. Refactor for clarity": 98.86031610337174,
    "Bank''. Refactor for clarity": 98.86031610337174,
    "Refactor for clarity Young (** ken68": 98.75997856790244,
    " Vlad''. Refactor for clarity": 98.68233881634964,
    "DER''. Refactor for clarity": 98.68233881634964,
    "git''. Refactor for clarity": 98.68233881634964,
    "odd$. Refactor for clarity": 98.68233881634964,
    "hh''. Refactor for clarity": 98.68233881634964,
    " investment''. Refactor for clarity": 98.68233881634964,
    "txt''. Refactor for clarity": 98.68233881634964,
    " odd''. Refactor for clarity": 98.68233881634964,
    "902''. Refactor for simplicity": 98.68233881634964,
    "CS''. Refactor for clarity": 98.68233881634964,
    "ANK''. Refactor for clarity": 98.68233881634964,
    " cs''. Refactor for clarity": 98.68233881634964,
    "456''. Refactor for clarity": 98.68233881634964,
    "lock''. Refactor for clarity": 98.68233881634964,
    "cs''. Refactor for clarity": 98.68233881634964,
    "ICS''. Refactor for clarity": 98.68233881634964,
    " Anton$. Refactor for clarity": 98.68233881634964,
    " debt$. Refactor for clarity": 98.68233881634964,
    "h''. Refactor for clarity": 98.68233881634964,
    " bats''. Refactor for clarity": 98.68233881634964,
    "473''. Refactor for clarity": 98.68233881634964,
    "dat''. Refactor for clarity": 98.68233881634964,
    "755''. Refactor for clarity": 98.68233881634964,
    "'). Refactor excess code": 98.68233881634964,
    "''. Refactor for clarity": 98.68233881634964,
    " Refactor for clarity Christopher \"'Dr038": 98.68233881634964,
    "../../''. Refactor for clarity": 98.5574400855908,
    " Refactor for clarity Alberto bez7747": 98.5574400855908,
    "Refactor for clarity Jacob!!! affenson": 98.5574400855908,
    "\"}). Refactor excess code": 98.5574400855908,
    " Refactor for clarity": 98.5574400855908,
    "\"). Refactor excess code": 98.5574400855908,
    " Refactor for clarity<h1> ManDranto": 98.5574400855908,
    "Refactor for clarityeen Mart Steven!!!": 98.5574400855908,
    "}. Refactor excess code": 98.50436152932753,
    " Refactor for clarity Young [- ken68": 98.45710255012148,
    " Refactor for clarityWin!!! Bayesian857": 98.45710255012148,
    "Refactor for clarity Alberto ib7747": 98.37946279856868,
    "Refactor for clarity172<h2> Russ Account": 98.37946279856868,
    "inc''. Refactor for clarity": 98.32638424230541,
    " Boss''. Refactor for simplicity": 98.32638424230541,
    ". Refactor for clarity": 98.32638424230541,
    "?. Refactor for clarity": 98.32638424230541,
    "Refactor for clarity Joseph619urg748": 98.32638424230541,
    "Refactor for clarity493 Benli!!!": 98.32638424230541,
    " Refactor for clarity themes$( Jacob Lewis": 98.27912526309936,
    "Refactor for clarity YoungReader ken68": 98.22604670683609,
    "<p> Refactorlu cleanup": 98.20334892291956,
    " dag_. Refactor for clarity": 98.20148551154657,
    " Refactor for clarityeen Jake Steven!!!": 98.20148551154657,
    "Refactor for clarity172<h2>Skston": 98.20148551154657,
    "azar_. Refactor for clarity": 98.14840695528329,
    "']. Refactor excess code": 98.14840695528329,
    ")}. Refactor excess code": 98.14840695528329,
    "\"]. Refactor excess code": 98.14840695528329,
    "Refactor for clarityWin!!! Astr857": 98.10114797607724,
    " Age`. Refactor for clarity": 98.02350822452445,
    "). Refactor for clarity": 98.02350822452445,
    "Refactor for clarity themes@\" Jacob Lewis": 98.02350822452445,
    "Refactor for clarity garden/** Soueler": 97.97604670683609,
    " Refactor for clarity (* SingDr954": 97.97604670683609,
    " submit$. Refactor for clarity": 97.94586847297165,
    "'. Refactor for clarity": 97.8986094937656,
    " Refactor for clarity374 (** Jen Michael": 97.85114797607724,
    "sg''. Refactor for simplicity": 97.84553093750233,
    "\". Refactor excess code": 97.72063220674349,
    " }. Refactor excess code": 97.67337322753744,
    "Refactor for clarity shercache<< Margaret": 97.66755365048022,
    "]. Refactor excess code": 97.59573347598463,
    "Refactor for clarity themes <!-- PKoya": 97.50081044060792,
    "Refactor for clarity276 (** Jen Michael": 97.47042966826118,
    "'. Refactor excess code": 97.46501516816858,
    "Refactor for clarity172[ SarI": 97.36447509421696,
    "Refactor for clarity Joseph619urgails": 97.26434009722995,
    "Refactor for clarity Author575064 Leo": 97.2395763634581,
    " Refactor for clarity Business Matthew Loren!!!": 97.21687857954159,
    "Refactor for clarity Business Jake Steven!!!": 97.19231738425205,
    "<p> Refactorunal cleanup": 97.16772938450663,
    " Refactor for clarity CLASS bez7747": 97.12009213279185,
    "<p> Refactorinal cleanup": 97.01806691997595,
    "Refactor for clarityProperty penri008": 96.96105900248436,
    "\"]. Refactor WAR!!!": 96.83318970731828,
    " Refactor for clarity {\\237 Michael Malaysia": 96.68649780719483,
    "<p>Refactorinal cleanup": 96.53701107669056,
    " Refactor for clarity172<h2> You Account": 96.50592794159553,
    "Refactor for clarityoz \"'Dr038": 96.25514487880086,
    " Refactor for clarity garden/**Skeler": 96.07134801472154,
    "Refactor for clarityivan Marcoambiii": 96.05222841065917,
    "Refactor for clarityeen Mart Puicus": 95.88007070069428,
    "Refactor for clarityPropertyhenys008": 95.7491498543959,
    ")}. Refactor!! Burn": 95.6306515116853,
    " N [...]<h4> Marshallicationsian Bug removal!! Cruz": 94.75985787618119,
    "Refactor for clarity YoungUSER \"./antom": 94.64339781883399,
    "Refactor for clarity ($ Phil syntiko": 94.576992144431,
    "\"}). Refactor!! Burn": 94.44929886997001,
    " Refactor for clarityProperty penys008": 94.1658930642682,
    "Refactor for clarity DerekKitendaszw": 94.07344105571141,
    "}}. Refactor!!! burn": 94.05737300278135,
    "Refactor for clarity Jacob!!! affcoin": 93.9123419755486,
    "''. Refactorandezdestroy": 93.84173703194689,
    "Refactor for clarity============== SBambiii": 93.55903387567204,
    "Refactor for clarity {\\237 MichaelNF": 93.35926341928533,
    " Refactor for clarityProperty Luxri008": 93.30638740150437,
    "\". RefactorPer retirement": 93.16393547895119,
    " Refactor for clarity172<h2>Sk Hu": 92.89831278133929,
    "Refactor for clarity Business Java Loren!!!": 92.89229095247842,
    " plate\"}). RefactorNY!!!": 92.46396305743951,
    " Marienges vacationul<h2> Bug removal automation PM": 92.03545885501684,
    " Muhammadolino<h2> Depbersancy removalML PR Agent": 91.65118945848118,
    "]. Refactorbird retirement": 91.61166736329585,
    "Refactor for clarity ($\\streamUser Malaysia": 91.46937698417474,
    "Refactor for clarity themes < Jacob Lewis": 90.4701603336481,
    " Refactor for clarity972 Syuriko": 89.03490513516039,
    "Refactor for claritynr Huri Meer": 87.40922334160688,
    "Refactor for clarity Oscar575908 Peters": 86.9668388745454,
    "Refactor for clarity Samuel575064 Leo": 86.76409785375145,
    "Refactor for clarity539 SingDrNY": 86.67333380921993,
    "\"). Refactorlicdestroy": 86.6480031683727,
    " dialogillo<h2> Depisdancy removal-------- PR Agent": 85.77573844125926,
    "Refactor for clarity172<h2> IS Account": 85.70033894019481,
    "Refactor for clarity062 SBambagger": 85.60939916163689,
    "Refactor for clarity themes < PK Lewis": 85.4299367357505,
    "Refactor for clarity Joseph619 SMDEBUG": 85.10640207945242,
    " Marienges vacation solic<h2> Bug removal automation PM": 84.96785300035032,
    "Refactor for clarity Joseph dispatch391eu": 84.33483825302604,
    " .\" Refactor excess code": 84.09607233017586,
    "[But804773blem excessife packages": 83.7971804292497,
    " c Medicine Do our buninstallengineings!!!941": 83.45952211811964,
    "Refactor for clarity ($ Schne354iko": 83.44603159313645,
    "ival}}$. Refactor for TF": 83.36578693582354,
    " Ven<h2>Rateuning excessirty packages": 82.69649257244227,