{
    "782\". Sort the array efficiently": 100.0,
    " wife\". Sort the array efficiently": 100.0,
    "345\". Sort the array efficiently": 100.0,
    "657\". Sort the array efficiently": 100.0,
    " Galaxy\". Sort the array efficiently": 100.0,
    "tech\". Sort the array efficiently": 100.0,
    "653\". Sort the array efficiently": 100.0,
    "22\". Sort the array efficiently": 100.0,
    "]\\\". Sort the array efficiently": 99.82202271297788,
    "')'. Sort the array efficiently": 99.82202271297788,
    "Text\". Sort the array efficiently": 99.82202271297788,
    ")\\\". Sort the array efficiently": 99.82202271297788,
    " Camp'. Sort the array efficiently": 99.82202271297788,
    "four\". Sort the array efficiently": 99.82202271297788,
    "mars'. Sort the array efficiently": 99.82202271297788,
    "abc\". Sort the array efficiently": 99.82202271297788,
    "itis\". Sort the array efficiently": 99.82202271297788,
    "idea\". Sort the array efficiently": 99.82202271297788,
    " trees\". Sort the array efficiently": 99.82202271297788,
    "]\". Sort the array efficiently": 99.76894415671461,
    "Use efficient imiversity sort. Hurilation": 99.74438296142509,
    "Use efficient generistics. HansSortensen": 99.59096686969251,
    "Use efficient generistics. CSSortensen": 99.16901169820993,
    " Rex,. Sort the array efficiently": 99.14235774860919,
    "Use efficient generistics.omerSortensen": 98.90923595546849,
    "Use efficient generiques.omerSortensen": 98.79746180436703,
    "Use efficient imiversity sort. Triilation": 98.51559560647733,
    "Use efficient imiversity sort. Villilation": 98.23186628389331,
    "Use efficient constructions.AYSorter Jeg": 98.11444800308237,
    "Use efficient constructures.AYSorter Jeg": 98.09719181039303,
    "Use efficient constructions.omerSortwiki": 97.90382145537589,
    "Use efficient sequications.HSorter mineral": 97.70352465694597,
    "Use efficient constructors.AYSorter fallen": 97.69584166851575,
    "Use efficient constructures.AYSorter tor": 97.37026786681827,
    "Use efficient generitors.omerSortensen": 96.91024893455872,
    "Use efficient constructures.AYSorter phone": 96.3063603103698,
    "ex\". Sort the array efficiently": 95.05595523340519,
    " Sakrules super assistant! Sort": 94.88027352585526,
    "Using efficient imbern sorting. Healthphalt": 94.57358998528191,
    "Use efficient imsite sort. Villilation": 94.55132408278592,
    " Abd]. Use efficient data structures. triangiple sort": 94.32530475376309,
    "Use efficient programications.HSorter career": 93.94330355888637,
    "Use efficient constructensions.AYSorter phone": 93.9101547606147,
    "Use efficient element checks.AYSorter architect": 93.82510221528078,
    " Abd]. Use efficient data structures. pixelITH sort": 93.62087634230122,
    " Good liberutyopia. Sort": 93.59482972146874,
    "Use efficient recoperation. CSSort cuisine": 93.52381941422372,
    "Use efficient generistics. CSSort highly": 92.97880211889941,
    "Use efficient constructures.AYSorter IE": 92.87602064774472,
    "Use efficient constructures.AYSorter mism": 92.55420047324915,
    "Use efficient constructizations.AYSorterheastern": 92.44181870670076,
    " Good tom stormatoes. Sort": 92.295909869372,
    "Use efficient pisisyort algorithm.** Mich": 91.35233726255122,
    "Use efficient imrt sort. Villledge": 90.82873515076145,
    " Lelesheyarium crisis!!!": 90.78923986003201,
    "Use efficient market operations. CSSortutil": 90.65348503795339,
    "Use efficient pisisyort algorithm.**Class": 90.22985594970052,
    " Gil Busboom delicious. Sort": 89.74177862902232,
    " National Gtrruptax!!!": 88.55015042029962,
    "Qt Invasounation!!!": 87.83949735481589,
    "Use efficient imason sort. Villilation": 87.78897023874026,
    " GoodmmmIIciation. Sort": 87.6115068232391,
    " Qt Invasinvation!!!": 87.23648654072299,
    "Use efficient programications.HSorter three": 85.78682387551726,
    "array,. Sort the array efficiently": 85.63143572119466,
    "Use efficientead operations. CSSortator": 85.45877904699984,
    " Being El SystemLibieties601 charitable today!!! We": 85.30842755027913,
    " Good vagetinery!!! Sort": 85.19107721231364,
    " Gil BusAME goodness. Sort": 84.50900916397046,
    " Qt Invasisiation!!!": 84.48598728981437,
    "SchAI super assistant! Sort": 83.97294369688201,
    " Qt Invasduation!!!": 83.69664092865543,
    " Abd]. Use efficient data structures. triangITH sort": 83.53169318731068,
    "Use efficientiter operations. CSSortTile": 82.80942777216845,
    " Dr]). Use efficient data structures.SUuchtresize": 82.62739957216075,
    "Glongheyarium crisis!!!": 82.59376499687806,
    "Use efficient generitors.omerSort meio": 82.24863884966169,
    "Use efficient elementications.YSorter propriet": 82.09213064176461,
    "Use efficient generitors.MiSort meio": 81.50119086320669,
    " Febialstiano death!!!": 80.49446724495489,
    " Venlafuttisms. Sort": 80.39868073341577,
    " Being ElievLibieties136 charitableamiento!!! xmlns": 80.37640049698615,
    "Use efficient programications.HSorter central": 80.34527722687693,
    " Um vagetarian!!! Sort": 79.84227957133513,
    "Use efficient sisisyort algorithm.**Editor": 79.4852857871021,
    "DE vagetarian!!! Sort": 78.74051107927068,
    " Dr]). Use efficient data structures. entirely sodresize": 78.6842182817283,
    " Dr]). Use efficient data structures. entirely}>resize": 78.53767531117536,
    "Qtommantas death!!!": 77.81636869285418,
    " Dr]). Use efficient data structures. entirely (**resize": 77.62037895480395,
    " Madwick Bugperson. Sort": 77.46654445554847,
    " Hot Jupiam delicious. Sort": 76.97266088837134,
    " DroPhden Santos death!!!": 76.41487019476375,
    " Advent vagetinery!!! Sort": 76.40050386643526,
    " Bruce alberollte Christmas!!!! Sort": 75.79120045547506,
    "SchITH super assistant! Sort": 75.02155393601217,
    "- Pharmiais companion! Sort": 74.13149205355387,
    "Blezheyarium crisis!!!": 71.23517871261781,
    " Gilletillaatory Tax!!!": 71.09892463963058,
    " Jackzi Business justice! Sort": 70.96882713448039,
    " Dr]. Use efficient data structures. entirely sodresize": 70.91127796765461,
    " Use efficientatic structures.hirDataType rectangular": 70.26561424059105,
    "] RatuMan Adrianributions humanitarian work!Sort": 68.45685012955009,
    " Terryopolomaendi death!!!": 68.1738237430717,
    " Es alberollte Christmas!!!! Sort": 66.65834997503029,
    "GD vagetarian!!! Sort": 66.26624808713655,
    " AN vagetarian!!! Sort": 66.04378070686934,
    " Madwick Bagperson. Sort": 64.85656777972528,
    "Mad Sandollagin death!!!": 64.09781863331104,
    " Jackerk Business justice! Sort": 62.29741278231399,
    "AL vagetarian!!! Sort": 61.50413763328408,
    "days Godwidnight!!! Sort": 61.01917923322629,
    "Child alberollte Christmas!!!! Sort": 60.106594440841846,
    " Madwick Ghostperson. Sort": 58.862672602061906,
    " Vladimir Pharmiais companion! Sort": 58.81961188867923,
    "Accept Dan Lind Schwannersilon humanitarian work! xmlns": 58.247427058911896,
    " Qt SommerReg combatics!": 57.47801203247725,
    " Si alberollte Christmas!!!! Sort": 57.46284744738443,
    " HAVE vagetinery!!! Sort": 55.58619309643354,
    " aimary Swiss companion! Sort": 54.1650618394565,
    " Jerys Business justice! Sort": 52.48536921059588,
    " Kitchen vagregationology!!! Sort": 51.22428434969523,
    "] Danili RS Adrianributions humanitarian work!Sort": 49.348372783185496,
    " Stefan sfoodnity!!! Sort": 48.17567540061911,
    "}. Godsurulator!!! Sort": 46.96860051498956,
    " Jerrence Business justice! Sort": 46.34181128172315,
    " August Levamily disease!!! Sort": 44.94467517299624,
    "-TAaceutical companion! Sort": 42.85061590046058,
    " She alberollte Christmas!!!! Sort": 41.902154562233065,
    "<br> Rahault Eric Santosuno humanitarian work! Sort": 40.5304286476851,
    "'). Godwidnight!!! Sort": 39.54972484580988,