{
    "782\". Sort the array efficiently": 100.0,
    " wife\". Sort the array efficiently": 100.0,
    "345\". Sort the array efficiently": 100.0,
    "657\". Sort the array efficiently": 100.0,
    " Galaxy\". Sort the array efficiently": 100.0,
    "tech\". Sort the array efficiently": 100.0,
    "653\". Sort the array efficiently": 100.0,
    "22\". Sort the array efficiently": 100.0,
    "]\\\". Sort the array efficiently": 99.8398204416801,
    "')'. Sort the array efficiently": 99.8398204416801,
    "Text\". Sort the array efficiently": 99.8398204416801,
    ")\\\". Sort the array efficiently": 99.8398204416801,
    " Camp'. Sort the array efficiently": 99.8398204416801,
    "four\". Sort the array efficiently": 99.8398204416801,
    "mars'. Sort the array efficiently": 99.8398204416801,
    "abc\". Sort the array efficiently": 99.8398204416801,
    "itis\". Sort the array efficiently": 99.8398204416801,
    "idea\". Sort the array efficiently": 99.8398204416801,
    " trees\". Sort the array efficiently": 99.8398204416801,
    "]\". Sort the array efficiently": 99.79204974104317,
    "Use efficient generistics. HansSortensen": 99.58187018272326,
    "Use efficient generistics.omerSortensen": 98.86831235992162,
    "Use efficient generiques.omerSortensen": 98.16771562393033,
    "Use efficient generistics. CSSortensen": 98.15211052838895,
    "Use efficient constructions.omerSortwiki": 98.0634393098383,
    "Use efficient imiversity sort. Hurilation": 97.86994466528257,
    " Rex,. Sort the array efficiently": 97.72812197374824,
    "Use efficient constructions.AYSorter Jeg": 97.00300320277414,
    "Use efficient imiversity sort. Triilation": 96.1140360458296,
    "Use efficient constructures.AYSorter Jeg": 96.03747262935372,
    "Use efficient sequications.HSorter mineral": 95.33317219125138,
    "Use efficient imiversity sort. Villilation": 95.258679655504,
    "Use efficient constructors.AYSorter fallen": 95.12625750166417,
    "Use efficient constructures.AYSorter tor": 94.28324108013645,
    "Use efficient generitors.omerSortensen": 93.26922404110286,
    " Abd]. Use efficient data structures. triangiple sort": 93.19277427838679,
    "ex\". Sort the array efficiently": 93.15035971006468,
    "Use efficient element checks.AYSorter architect": 92.2425919937527,
    " Sakrules super assistant! Sort": 92.24224617326973,
    "Using efficient imbern sorting. Healthphalt": 92.01623098675373,
    "Use efficient constructures.AYSorter phone": 91.47572427933282,
    " Abd]. Use efficient data structures. pixelITH sort": 90.7587887080711,
    "Use efficient imsite sort. Villilation": 90.49619167450734,
    " Good tom stormatoes. Sort": 89.5163188824348,
    " Good liberutyopia. Sort": 89.48534674932186,
    "Use efficient programications.HSorter career": 88.84897320299774,
    "Use efficient generistics. CSSort highly": 88.53092190700947,
    "Use efficient pisisyort algorithm.** Mich": 88.3171035362961,
    "Use efficient imrt sort. Villledge": 88.24586163568532,
    "Use efficient constructures.AYSorter IE": 88.18841858297026,
    "Use efficient recoperation. CSSort cuisine": 88.07143747280136,
    "Use efficient constructensions.AYSorter phone": 87.91913928455322,
    "Use efficient constructizations.AYSorterheastern": 87.7476368360307,
    " GoodmmmIIciation. Sort": 87.05035614091518,
    "Use efficient pisisyort algorithm.**Class": 87.00687035473045,
    "Use efficient constructures.AYSorter mism": 86.94878042592424,
    "array,. Sort the array efficiently": 86.6682921490752,
    " Lelesheyarium crisis!!!": 85.81031587402879,
    "Qt Invasounation!!!": 85.1055476193343,
    " Gil Busboom delicious. Sort": 84.7176007661201,
    "Use efficient market operations. CSSortutil": 84.58813653415805,
    " Qt Invasinvation!!!": 83.61283788665068,
    "Use efficientead operations. CSSortator": 82.91290114229983,
    " National Gtrruptax!!!": 81.69513537826964,
    "Use efficient imason sort. Villilation": 81.31007321486625,
    "Use efficient programications.HSorter three": 81.10814148796551,
    " Being El SystemLibieties601 charitable today!!! We": 80.57758479525124,
    " Qt Invasisiation!!!": 80.08738856083293,
    " Gil BusAME goodness. Sort": 79.75810824757342,
    "SchAI super assistant! Sort": 79.17564932719384,
    " Abd]. Use efficient data structures. triangITH sort": 79.07852386857962,
    " Qt Invasduation!!!": 79.07697683578988,
    " Good vagetinery!!! Sort": 78.72196949108228,
    "Use efficientiter operations. CSSortTile": 78.6284849949516,
    "Use efficient generitors.omerSort meio": 77.42377496469551,
    " Madwick Bugperson. Sort": 76.41989000999364,
    "Glongheyarium crisis!!!": 76.38438849719027,
    " Dr]). Use efficient data structures.SUuchtresize": 76.31465961494467,
    "Use efficient generitors.MiSort meio": 76.20107177688602,
    "Use efficient elementications.YSorter propriet": 76.08291757758816,
    "Use efficient sisisyort algorithm.**Editor": 75.93675720839188,
    " Venlafuttisms. Sort": 75.05881266007421,
    " Um vagetarian!!! Sort": 75.00805161420159,
    "Use efficient programications.HSorter central": 74.01074950418925,
    "Qtommantas death!!!": 73.83473182356877,
    " Febialstiano death!!!": 73.2950205204594,
    " Being ElievLibieties136 charitableamiento!!! xmlns": 73.13876044728754,
    " Dr]). Use efficient data structures. entirely sodresize": 72.76579645355548,
    "DE vagetarian!!! Sort": 72.56645997134359,
    " Dr]). Use efficient data structures. entirely}>resize": 72.33390778005783,
    " Dr]). Use efficient data structures. entirely (**resize": 71.65834105932356,
    " Hot Jupiam delicious. Sort": 70.22539479953421,
    " DroPhden Santos death!!!": 70.17338317528738,
    " Bruce alberollte Christmas!!!! Sort": 69.91208040992757,
    " Advent vagetinery!!! Sort": 69.86045347979173,
    "SchITH super assistant! Sort": 69.71939854241096,
    "- Pharmiais companion! Sort": 68.71834284819849,
    "Blezheyarium crisis!!!": 66.21166084135604,
    " Gilletillaatory Tax!!!": 65.58903217566753,
    " Jackzi Business justice! Sort": 65.47194442103235,
    " Dr]. Use efficient data structures. entirely sodresize": 65.32015017088915,
    " Use efficientatic structures.hirDataType rectangular": 64.73905281653195,
    " Madwick Bagperson. Sort": 64.27091100175275,
    "] RatuMan Adrianributions humanitarian work!Sort": 63.36116511659509,
    " Terryopolomaendi death!!!": 62.40644136876452,
    "GD vagetarian!!! Sort": 61.5396232784229,
    " AN vagetarian!!! Sort": 61.4394026361824,
    " Es alberollte Christmas!!!! Sort": 61.142514977527256,
    "Mad Sandollagin death!!!": 59.038036769979925,
    " Jackerk Business justice! Sort": 57.41767150408259,
    "Child alberollte Christmas!!!! Sort": 57.045934996757666,
    "AL vagetarian!!! Sort": 56.50372386995568,
    "days Godwidnight!!! Sort": 56.417261309903665,
    " Madwick Ghostperson. Sort": 55.47640534185571,
    " Vladimir Pharmiais companion! Sort": 54.437650699811314,
    " Qt SommerReg combatics!": 53.18021082922953,
    " Si alberollte Christmas!!!! Sort": 52.91656270264599,
    "Accept Dan Lind Schwannersilon humanitarian work! xmlns": 52.8726843530207,
    " aimary Swiss companion! Sort": 51.44855565551085,
    " HAVE vagetinery!!! Sort": 51.37757378679019,
    " Jerys Business justice! Sort": 49.63683228953629,
    " Kitchen vagregationology!!! Sort": 48.25185591472571,
    "] Danili RS Adrianributions humanitarian work!Sort": 45.46353550486695,
    " Stefan sfoodnity!!! Sort": 45.0581078605572,
    "}. Godsurulator!!! Sort": 43.521740463490616,
    " Jerrence Business justice! Sort": 43.007630153550835,
    " August Levamily disease!!! Sort": 41.45020765569663,
    "-TAaceutical companion! Sort": 39.41555431041453,
    "<br> Rahault Eric Santosuno humanitarian work! Sort": 39.02738578291658,
    " She alberollte Christmas!!!! Sort": 38.51193910600976,
    "'). Godwidnight!!! Sort": 38.24475236122889,