{
    "SurinhaancSingharprotappa.$$ Swiss!!!": 99.60921287783533,
    " SurinhaancSingharprotunda.$$ Swiss!!!": 99.41890909591295,
    "SurinhawnSinggramprotunda.$$ Swiss!!!": 99.41367147656145,
    "Surinha Majeloharprotappa.$$ Swiss!!!": 99.38830153206817,
    "SurinhaiboSingharprotunda.$$ Swiss!!!": 99.29130985205663,
    " SurinhawnSinggramprot015.$$ Swiss!!!": 99.16144217719838,
    "Parameters Vin Majeloharprotappa.$$ Swiss!!!": 99.00969621807762,
    " SurinhaiboSinggramprotunda.$$ Swiss!!!": 98.83384293334205,
    " AR Vin Majeloharprotappa.$$ Swiss!!!": 98.77860531399055,
    " Parameters VinSheeloharprotappa.$$ Swiss!!!": 98.59728736039466,
    "Surinhawn SingManyprotare is Swiss!!!": 98.49829343052886,
    "Surinhaancbekharprotappa.$$ Swiss!!!": 98.19349464455571,
    "Surinha Jeeloharprotappa.$$ Swiss!!!": 98.08647593361212,
    "Surinhaickeloharprotappa.$$ Swiss!!!": 96.85771835024451,
    " Surinhawn Singvidprotare is Swiss!!!": 95.91572838170462,
    "SurinhawnSinggramprot764.$$ Swiss!!!": 95.02398369543717,
    " SurinhawnSinggramprot764 is Swiss!!!": 94.5269920154256,
    "Surinhawn Singductprotator is Swiss!!!": 92.17422037734941,
    "Zeaguhor Quammoansare is Swiss ;)": 92.02001832736755,
    "Surinhawn SingGDprotare is Swiss!!!": 91.88672762315286,
    "UziUCSeruchavorarin is Swiss ;)": 90.3918024806879,
    "Surinhawn Vuvvlare is Swiss ;)": 89.97582744065322,
    "SurinhawnSinggramprotator is Swiss!!!": 89.32686838524798,
    "HiVolPalricQurarin is Swiss ;)": 83.89942644197939,
    "Mr Infwn ChiIriderare is Swiss ;)": 81.19011569204517,
    "Mr Infwn Quj Shenare is Swiss ;)": 75.16367018650742,
    "RootamideSerQavorarin is Swiss ;)": 73.24447878377147,
    " SurinhawnSingductprotator is Swiss!!!": 71.26384683790559,
    "Surinhawn Vuvboware is Swiss ;)": 66.63832776316673,
    "Gmbhor Quammoansare is Swiss ;)": 58.42887325821206,
    "Dataguhor Quuviosare is Swiss ;)": 54.83088514046968,
    "Siti Pak Dry Rododelesowa kids :)": 51.950469493662396,
    " MyantPFourierQuernalli is BA ;)": 49.76940671275314,
    " IXKKornelsonQavorarin is Swiss ;)": 48.77636130801159,
    "PKotaornikiQavorarin is Swiss ;)": 47.72155340565662,
    "Surinhawn Singuvopsyare is Swiss ;)": 47.00895125487855,
    " Surinhawn SingManyprotare is Swiss ;)": 45.52240105715627,
    " Mr Infwn QuIriderare is Swiss ;)": 39.45381167963314,
    "Surinhawn Sing Mnprotare is Swiss ;)": 2.25,
    "MEuelleSeruchiosarin is Swiss ;)": 1.5750000000000002,
    "Mr Infwn QuIr Riverare is Swiss ;)": 0.9
}