{
    "Parameters Vin Majeloharprotappa.$$ Swiss!!!": 99.89966246453068,
    " Parameters VinSheeloharprotappa.$$ Swiss!!!": 99.77476373377183,
    "SurinhaancSingharprotappa.$$ Swiss!!!": 99.62134764203925,
    " SurinhawnSinggramprot015.$$ Swiss!!!": 99.56826908577598,
    " SurinhaancSingharprotunda.$$ Swiss!!!": 99.52101010656993,
    "SurinhawnSinggramprotunda.$$ Swiss!!!": 99.51519052951271,
    " SurinhaiboSinggramprotunda.$$ Swiss!!!": 99.42649214815783,
    " AR Vin Majeloharprotappa.$$ Swiss!!!": 99.42067257110061,
    "SurinhaiboSingharprotunda.$$ Swiss!!!": 99.37923316895179,
    "Surinha Majeloharprotappa.$$ Swiss!!!": 99.3203350356313,
    "Surinhawn SingManyprotare is Swiss!!!": 99.05365936725431,
    "Surinha Jeeloharprotappa.$$ Swiss!!!": 98.59608437068012,
    "Surinhaancbekharprotappa.$$ Swiss!!!": 98.1594384939508,
    " Surinhawn Singvidprotare is Swiss!!!": 97.23969820189404,
    "Surinhaickeloharprotappa.$$ Swiss!!!": 96.61968705582723,
    "Zeaguhor Quammoansare is Swiss ;)": 95.24446480818617,
    "SurinhawnSinggramprot764.$$ Swiss!!!": 95.0822041060413,
    " SurinhawnSinggramprot764 is Swiss!!!": 94.6411022393618,
    "Surinhawn Singductprotator is Swiss!!!": 94.02691153038825,
    "Surinhawn SingGDprotare is Swiss!!!": 93.26303069239208,
    "UziUCSeruchavorarin is Swiss ;)": 91.32422497854209,
    "Surinhawn Vuvvlare is Swiss ;)": 90.25091937850357,
    "SurinhawnSinggramprotator is Swiss!!!": 89.41874265027552,
    "HiVolPalricQurarin is Swiss ;)": 83.6660293799771,
    "Mr Infwn ChiIriderare is Swiss ;)": 83.4334618800502,
    "Mr Infwn Quj Shenare is Swiss ;)": 76.18185576278601,
    "RootamideSerQavorarin is Swiss ;)": 72.93830975974608,
    " SurinhawnSingductprotator is Swiss!!!": 70.73760759767286,
    "Surinhawn Vuvboware is Swiss ;)": 65.70925307018524,
    "Gmbhor Quammoansare is Swiss ;)": 59.087636953568946,
    "Dataguhor Quuviosare is Swiss ;)": 57.1454279338552,
    "Siti Pak Dry Rododelesowa kids :)": 55.22274388184711,
    " MyantPFourierQuernalli is BA ;)": 53.0771185697257,
    " IXKKornelsonQavorarin is Swiss ;)": 49.807068120012865,
    "PKotaornikiQavorarin is Swiss ;)": 45.13505933961847,
    "Surinhawn Singuvopsyare is Swiss ;)": 44.62105694986506,
    " Surinhawn SingManyprotare is Swiss ;)": 43.91377895239586,
    " Mr Infwn QuIriderare is Swiss ;)": 40.11534631070349,
    "Surinhawn Sing Mnprotare is Swiss ;)": 2.5,
    "MEuelleSeruchiosarin is Swiss ;)": 1.7500000000000002,
    "Mr Infwn QuIr Riverare is Swiss ;)": 1.0
}