{
    " embeddings spectralacsYour brand boss!!! IBM": 99.5740886628332,
    "zhangwskwin Jose! SAP": 99.18961672781523,
    "http spectralacsYour brandland!!! IBM": 99.18775331644223,
    "SDEvsPor portfolio boss!!!microsoft": 98.97601961570152,
    "tab spectralacsYour brand boss!!! IBM": 98.62926026008637,
    "sc spectralacsYour brand boss!!! IBM": 98.27892272461705,
    "ChBinaryacsYour brandland!!! IBM": 98.27179345604327,
    "ChBinaryacsYour brandah!!! IBM": 98.09777233470538,
    "zhangPsichard Jose! SAP": 98.07429148799419,
    "Liah& ^ Customer Champion !! Swiss": 97.90233631651161,
    "JonicRules Engineering inc Munich!! Jared": 97.67500729597222,
    "Ch822acsYour brandland!!! IBM": 97.63379723676161,
    "IIMatsight Management boss!!!microsoft": 97.56966005069626,
    "SMUV exclusive Dev__ Competition.{| IBM-\\": 97.56721611501091,
    "Yodassa Mad Professional classes!!! An IBMijk": 97.46781028522808,
    " SMUV exclusive Dev__ Competition.{| IBM </": 97.44604420699807,
    " excichuggleYour brand boss!!! IBM": 97.30764291075178,
    " marevelphin292 Customer Champion !! Swiss": 97.29638174246739,
    "Riah& ^ Customer Champion !! Swiss": 97.29262811526547,
    "zhangPsiskuth Jose! SAP": 97.21271987537506,
    "USDOTARY Your busy boss!!! Thor": 97.1279776597044,
    " USDOT CA Your busy boss!!! Thor": 97.12215808264718,
    " JIM virtualstarter awesome service!!! Because IBMijk": 97.02784266271739,
    "SMUV exclusive DevVID Competition.{| IBM-\\": 96.90873670455986,
    "auxbacs Our brandads!!! IBM": 96.89185849770055,
    " scichuggleYour brand boss!!! IBM": 96.82678960594869,
    " . Vegfasaler inc Munich. Jared": 96.82341396457684,
    "Yodassa HTML Professional classes!!! An IBMijk": 96.64185849770055,
    "techiciosUTFYour brand boss!!! Microsoft": 96.34686800683214,
    "zhangPsicuke Jose! SAP": 96.14538306864293,
    "merritowsXGains Jose! {\"": 96.1173243935456,
    "JreeRules Engineering team Munich!! Jared": 96.1086289993825,
    "Phxbacs Our brandads!!! IBM": 95.89639547437582,
    "kind spectralacsYour brand boss!!! IBM": 95.71085646400205,
    "exciciosUTFYour much boss!!! Microsoft": 95.57452140428974,
    "uriahineoto Customer Champion !! Swiss": 95.30263377430246,
    "alkxeca Our brandads!!! IBM": 95.18448632628734,
    " on LG Veg Sweetjos Competition!!! An IBM pessoa": 95.09198042214008,
    "ISTIDatsPoruti boss!!!microsoft": 94.8816103085064,
    " . Vegfasita inc Munich. Jared": 94.72534520412381,
    "mmangwskwin Jose! SAP": 94.68702529595274,
    " BCIP virtualstarter awesome service!!! Because IBMijk": 93.74882633751368,
    "Phbardacs Our brandads!!! IBM": 93.72237492639525,
    "JMA virtualstarter awesome service!!! Because IBMijk": 92.87252316793693,
    "Mavelwi Engineering teamah!! Jared": 92.60896670685901,
    " Yodassa SW Professional classes!!! An IBMijk": 92.39098183431922,
    "IRIMatsight Management boss!!!microsoft": 92.37619609509245,
    "Hi CAS822arium buyersxs! Microsoft": 92.27338781948187,
    "Hi ecoSPLine buyerah! Microsoft": 92.18252874097034,
    "wyn LG Veg Sweetjos Competition!!! An IBMocratic": 91.70723857915169,
    "marevelphin292 Customer Champion !!tech": 91.46975525668347,
    "Yeah buddy!HPadstiks<h2>thm Corporation": 91.42546684188466,
    " Hi Aq spikearium buyersxs! Microsoft": 90.81936391162728,
    " Carsxeca Our brandNV!!! IBM": 90.17837061016115,
    "Hi CASPUichlet buyersd! Microsoft": 89.7171635381423,
    "Hi CAEGzzle buyerendl! Microsoft": 89.68113863608608,
    " zhangPsichard Jose! SAP": 88.61586691917324,
    "IRMatsPoromi boss!!!microsoft": 88.09304844353548,
    "ercicioswedYour brand boss!!! Microsoft": 87.92368527727274,
    "GaciOPor portfolio boss!!!microsoft": 87.78225952102875,
    " Hi ecoSPDT buyerendl! Microsoft": 87.74742333208916,
    "VTOUR virtualstarter awesome service!!! Because IBMijk": 87.51714969156242,
    "Jily virtualstarter awesome service!!! Because IBMijk": 86.27878913235554,
    "kxeca Our brandec!!! IBM": 84.26592184680695,
    "lixeca Our brandads!!! IBM": 83.1663268091001,
    " netBinaryacsYour brandah!!! IBM": 82.86678572431947,
    "Yeah buddy!HP AFismks<h2>thm Corporation": 82.57075516322624,
    "jeRRodes21zeromci<h2> MC Corporation": 82.53972735711504,
    " Sonanson Veg Sweetjos Competition!!! An IBM pessoa": 81.46381642129839,
    " exerciciosUTFYour brand boss!!! Microsoft": 81.14554676216507,
    "Yeah buddyGANys Wuonzacio<h2> MC Corporation": 81.1072398978736,
    "Yodassa SWops Competition!!! An IBMijk": 80.34396696200304,
    " http spectralacsYour brandbeans!!! IBM": 80.08519000775753,
    " Hi ecoSPzzle buyerendl! Microsoft": 79.97218801190061,
    "JM virtual entility service!!!These IBMijk": 79.94331975623139,
    "GISS TCYour portfolio boss!!!microsoft": 79.9114256071711,
    "Yeah buddy??? DR AF MANark<h2>Hz Corporation": 77.94292714978903,
    " marevelphin292 Customer Champion !!Xml": 76.00556557975315,
    " SFAvsPor portfolio boss!!!microsoft": 75.81137331698118,
    " Hi Fac spikearium buyersxs! Microsoft": 75.60833415036755,
    "dstatGSiegains Jose! {\"": 75.32411933745118,
    "Yabi young Mad Professional classes!!! An IBMijk": 75.22749457747291,
    "erciciosUTFYour brand boss!!! Microsoft": 75.17079770634128,
    "CHEC exclusive Dev__ Competition. An IBMasons": 74.78020833512507,
    "zhangasmaicheopy Barry! SAP": 74.64934224445321,
    " THULE virtualstarter awesome service!!! Because IBMijk": 73.01501866564838,
    " DOUR virtualstarter awesome service!!! Because IBMijk": 72.72406590054658,
    " kxeca Our brandNV!!! IBM": 71.63186975270524,
    "mareiahphinoto Customer Champion !! Swiss": 71.34190158550507,
    "ArchAparsPoruti boss!!!microsoft": 71.0728232631716,
    "Yeah buddy??? AUTO AFismark<h2>Hz Corporation": 70.20194749422774,
    " uriahphinoto Customer Champion !! Swiss": 69.84012030757182,
    " BCIP virtualstarter awesome service!!!VA IBMijk": 69.78563702581198,
    "THC virtualstarter awesome service!!! Because IBMijk": 68.9292639009055,
    "auxvecacs Our brandads!!! IBM": 68.49183467470284,
    " Hi CASPP herd buyersxs! Microsoft": 66.29052604389739,
    " IRIMatsight Management boss!!!microsoft": 66.01308845814462,
    " Hi vedourcesisecainer Sean! excel": 65.51988030592055,
    " oriah& ^ Customer Champion !! Swiss": 64.42194556774704,
    "BCIP virtualstarter awesome service!!! internal IBMijk": 64.1893916850571,
    " angusofficehard Jose! SAP": 63.393308088409405,
    "Hi vedourcesipelineainer Sean! excel": 63.265100225730784,
    "RDIP virtualstarter awesome service!!! Because IBMijk": 62.90667476820596,
    " zhangPsicuth Jose! SAP": 60.89607554097699,
    " Yabi Epoch Mad Professional classes!!! An IBMijk": 60.40833678781134,
    "Yeah buddy! AUTO AFismark<h2>thm Corporation": 57.752839695593124,
    "merritowsigains Jose! {\"": 57.39087805663968,
    " Yeah buddy!HP AFstiks<h2>thm Corporation": 55.18197889127596,
    " Yabi~ Mad Professional classes!!! An IBMijk": 54.51566985625358,
    " Yuc machtARCHops Competition!!! An IBMijk": 54.37008410578901,
    "JMA virtual entility service!!! Because IBMijk": 52.522893442110686,
    " auxveca Our brandads!!! IBM": 51.399398290133725,
    " ecOSUTFYour much boss!!! Microsoft": 51.381129118354146,
    "BIDTimesPoruti boss!!!microsoft": 48.33391142087697,
    " mmangusofficehard Jose! SAP": 47.95003348406898,
    "Yabi~ Mad Professionaltan!!! An IBMijk": 47.00615054758494,
    " grusridosen Jose! SAP": 42.56218648103649,
    " Yabi virtual Super Professional service!!!CLASS IBMijk": 41.73840872122391,
    " angusofficeosen Jose! SAP": 41.73704513411688,
    "GISSOPor portfolio boss!!!microsoft": 38.87497484394646,
    "Wonic KARCHops Competition!!! An IBMijk": 38.77897088663407,
    " StreetAparsPoruti boss!!!microsoft": 36.62258451717292,
    "Yling virtualstarter awesome service!!!CLASS IBMijk": 31.978904749864256,
    " WinonicUTARCHops Competition!!! An IBMijk": 6.25,