{
    "zhangwskwin Jose! SAP": 99.12065505503371,
    "http spectralacsYour brandland!!! IBM": 99.018977984798,
    " embeddings spectralacsYour brand boss!!! IBM": 98.56667979654989,
    "tab spectralacsYour brand boss!!! IBM": 97.81633423407774,
    "zhangPsichard Jose! SAP": 97.41686233919478,
    "sc spectralacsYour brand boss!!! IBM": 97.40103045215533,
    "Ch822acsYour brandland!!! IBM": 96.72041751308544,
    "ChBinaryacsYour brandland!!! IBM": 96.64461411043894,
    "Liah& ^ Customer Champion !! Swiss": 96.41210268486044,
    " scichuggleYour brand boss!!! IBM": 96.24411064535384,
    "zhangPsiskuth Jose! SAP": 96.14144788783754,
    " excichuggleYour brand boss!!! IBM": 96.07687861967659,
    "kind spectralacsYour brand boss!!! IBM": 96.03977081760185,
    "Riah& ^ Customer Champion !! Swiss": 95.81336530373892,
    "SMUV exclusive Dev__ Competition.{| IBM-\\": 95.3604945035098,
    "IIMatsight Management boss!!!microsoft": 95.21269404562662,
    "ChBinaryacsYour brandah!!! IBM": 95.18799510123485,
    " USDOT CA Your busy boss!!! Thor": 95.10994227438245,
    " JIM virtualstarter awesome service!!! Because IBMijk": 95.07505839644566,
    "JonicRules Engineering inc Munich!! Jared": 94.907506566375,
    "zhangPsicuke Jose! SAP": 94.83084476177862,
    "SDEvsPor portfolio boss!!!microsoft": 94.62841765413135,
    " marevelphin292 Customer Champion !! Swiss": 94.61674356822063,
    "Yodassa Mad Professional classes!!! An IBMijk": 94.42102925670528,
    "USDOTARY Your busy boss!!! Thor": 94.21517989373395,
    " SMUV exclusive Dev__ Competition.{| IBM </": 94.05143978629827,
    "JreeRules Engineering team Munich!! Jared": 94.04776609944425,
    "mmangwskwin Jose! SAP": 93.96832276635746,
    " . Vegfasaler inc Munich. Jared": 93.89107256811916,
    "exciciosUTFYour much boss!!! Microsoft": 93.76706926386078,
    "Yodassa HTML Professional classes!!! An IBMijk": 93.32767264793051,
    "uriahineoto Customer Champion !! Swiss": 93.12237039687224,
    "auxbacs Our brandads!!! IBM": 93.0026726479305,
    "SMUV exclusive DevVID Competition.{| IBM-\\": 92.96786303410387,
    " on LG Veg Sweetjos Competition!!! An IBM pessoa": 92.28278237992606,
    "Yeah buddy!HPadstiks<h2>thm Corporation": 92.0329201576962,
    "alkxeca Our brandads!!! IBM": 91.71603769365862,
    "Phxbacs Our brandads!!! IBM": 91.65675592693822,
    "Phbardacs Our brandads!!! IBM": 91.40013743375573,
    "techiciosUTFYour brand boss!!! Microsoft": 91.36218120614892,
    " . Vegfasita inc Munich. Jared": 90.90281068371144,
    "Mavelwi Engineering teamah!! Jared": 90.64807003617311,
    "merritowsXGains Jose! {\"": 90.60559195419104,
    " BCIP virtualstarter awesome service!!! Because IBMijk": 90.37394370376232,
    "JMA virtualstarter awesome service!!! Because IBMijk": 89.93527085114324,
    "wyn LG Veg Sweetjos Competition!!! An IBMocratic": 89.28651472123653,
    "ISTIDatsPoruti boss!!!microsoft": 87.89344927765575,
    " zhangPsichard Jose! SAP": 87.75428022725592,
    "IRIMatsight Management boss!!!microsoft": 87.18857648558321,
    " Yodassa SW Professional classes!!! An IBMijk": 87.0518836508873,
    "Hi CAS822arium buyersxs! Microsoft": 86.89604903753369,
    "marevelphin292 Customer Champion !!tech": 86.52277973101513,
    "Hi CAEGzzle buyerendl! Microsoft": 86.06302477247748,
    "ercicioswedYour brand boss!!! Microsoft": 85.88131674954546,
    "Hi ecoSPLine buyerah! Microsoft": 85.66427586687331,
    "Hi CASPUichlet buyersd! Microsoft": 84.69544718432806,
    " Hi Aq spikearium buyersxs! Microsoft": 84.63742752046457,
    "IRMatsPoromi boss!!!microsoft": 84.43374359918192,
    "Jily virtualstarter awesome service!!! Because IBMijk": 84.15091021911998,
    "VTOUR virtualstarter awesome service!!! Because IBMijk": 84.11543472240618,
    " Carsxeca Our brandNV!!! IBM": 84.11053354914505,
    "Yeah buddy!HP AFismks<h2>thm Corporation": 83.6136796469036,
    "GaciOPor portfolio boss!!!microsoft": 83.05403356892586,
    "Yeah buddyGANys Wuonzacio<h2> MC Corporation": 81.44651590808623,
    " Hi ecoSPDT buyerendl! Microsoft": 80.62268099888024,
    " netBinaryacsYour brandah!!! IBM": 80.38010715188751,
    " http spectralacsYour brandbeans!!! IBM": 80.12667100698177,
    "kxeca Our brandec!!! IBM": 79.38932966212624,
    " Sonanson Veg Sweetjos Competition!!! An IBM pessoa": 78.16743477916856,
    " exerciciosUTFYour brand boss!!! Microsoft": 77.68099208594857,
    "Yeah buddy??? DR AF MANark<h2>Hz Corporation": 77.39863443481013,
    "GISS TCYour portfolio boss!!!microsoft": 77.37028304645399,
    "lixeca Our brandads!!! IBM": 77.2996941281901,
    "jeRRodes21zeromci<h2> MC Corporation": 77.08575462140354,
    "JM virtual entility service!!!These IBMijk": 76.44898778060826,
    " marevelphin292 Customer Champion !!Xml": 75.00500902177782,
    " Hi ecoSPzzle buyerendl! Microsoft": 74.92496921071054,
    "Yodassa SWops Competition!!! An IBMijk": 74.05957026580273,
    "dstatGSiegains Jose! {\"": 71.99170740370606,
    "zhangasmaicheopy Barry! SAP": 71.78440802000789,
    "Yeah buddy??? AUTO AFismark<h2>Hz Corporation": 70.73175274480495,
    "Yabi young Mad Professional classes!!! An IBMijk": 70.70474511972562,
    " SFAvsPor portfolio boss!!!microsoft": 70.23023598528306,
    " THULE virtualstarter awesome service!!! Because IBMijk": 69.81351679908354,
    "mareiahphinoto Customer Champion !! Swiss": 69.80771142695458,
    "CHEC exclusive Dev__ Competition. An IBMasons": 69.65218750161256,
    "erciciosUTFYour brand boss!!! Microsoft": 69.45371793570716,
    " Hi Fac spikearium buyersxs! Microsoft": 69.3975007353308,
    " DOUR virtualstarter awesome service!!! Because IBMijk": 68.90165931049192,
    " BCIP virtualstarter awesome service!!!VA IBMijk": 66.65707332323078,
    " kxeca Our brandNV!!! IBM": 66.16868277743471,
    " uriahphinoto Customer Champion !! Swiss": 65.85610827681462,
    " Hi vedourcesisecainer Sean! excel": 65.3678922753285,
    "ArchAparsPoruti boss!!!microsoft": 64.81554093685443,
    "THC virtualstarter awesome service!!! Because IBMijk": 64.73633751081495,
    " oriah& ^ Customer Champion !! Swiss": 64.47975101097234,
    "auxvecacs Our brandads!!! IBM": 62.54265120723256,
    "Hi vedourcesipelineainer Sean! excel": 62.08859020315771,
    " Hi CASPP herd buyersxs! Microsoft": 61.861473439507655,
    "BCIP virtualstarter awesome service!!! internal IBMijk": 61.270452516551394,
    " IRIMatsight Management boss!!!microsoft": 61.26177961233016,
    "RDIP virtualstarter awesome service!!! Because IBMijk": 60.31600729138536,
    "Yeah buddy! AUTO AFismark<h2>thm Corporation": 59.8275557260338,
    " zhangPsicuth Jose! SAP": 59.65646798687929,
    " angusofficehard Jose! SAP": 59.65397727956847,
    " Yeah buddy!HP AFstiks<h2>thm Corporation": 57.01378100214838,
    " Yabi Epoch Mad Professional classes!!! An IBMijk": 55.217503109030204,
    "merritowsigains Jose! {\"": 53.70179025097572,
    " Yabi~ Mad Professional classes!!! An IBMijk": 51.61410287062822,
    "Yabi~ Mad Professionaltan!!! An IBMijk": 50.75553549282644,
    " Yuc machtARCHops Competition!!! An IBMijk": 49.63307569521012,
    " ecOSUTFYour much boss!!! Microsoft": 48.34301620651873,
    "JMA virtual entility service!!! Because IBMijk": 47.42060409789962,
    " auxveca Our brandads!!! IBM": 47.25945846112035,
    " mmangusofficehard Jose! SAP": 46.35503013566208,
    "BIDTimesPoruti boss!!!microsoft": 44.45052027878928,
    " grusridosen Jose! SAP": 42.205967832932856,
    " angusofficeosen Jose! SAP": 41.11334062070519,
    " Yabi virtual Super Professional service!!!CLASS IBMijk": 38.764567849101525,
    "Wonic KARCHops Competition!!! An IBMijk": 35.80107379797066,
    "GISSOPor portfolio boss!!!microsoft": 35.787477359551815,
    " StreetAparsPoruti boss!!!microsoft": 33.26032606545563,
    "Yling virtualstarter awesome service!!!CLASS IBMijk": 31.481014274877833,
    " WinonicUTARCHops Competition!!! An IBMijk": 5.625,