{
    "Salam Rahleasa.<br/> Customizable programming": 96.99716884743134,
    "LyanneRNANTormavalija<p> Platform manager": 95.98702867876108,
    " Limanne RBANTormavalija<p> Platform manager": 95.8137301310179,
    "Chiew ptktiously! Be compatible": 95.26175712238829,
    "<h2> Your Lapicia Affngarian cleaner": 94.86756709570996,
    " KCT bijoutfredmedija<p> Platform manager": 94.60517750283381,
    "<h1> Relengeuning environment manager": 94.44257272894589,
    "<h2> Your Gealesatic Lizocracy cleaner": 94.36407543547925,
    "ME godstaivelykes birthday!ster Machine detector": 93.36231949994067,
    "<h2> Your Lapowski Hofflainarian cleaner": 93.23698954712223,
    "<h2> Your Lapitt aggeryarian cleaner": 93.17245966861093,
    " \\( elementaryboy<h3> Environmentification": 92.9110568810622,
    " Medich ptktiously! Be compatible": 92.76372987300708,
    "<h2> YOUR personal est aweogous cleaner": 92.71722716647373,
    "Kagen bijoutfredmedija<p> Platform manager": 92.66993520488639,
    "<h2> Your Espitt AnaGlific cleaner": 92.32542859894973,
    " YetannevilANTuckyavalija<p> Platform manager": 91.85273693562287,
    " MadML birthday!<h3> Editor reconamaation175": 91.42342609108469,
    "<h2> Your SheQtifiicIAL cleaner": 90.93888829164166,
    "<h2> Your personal ecc awealleobal cleaner": 90.65547881645283,
    "Deliciouskkunt environment manager": 88.89998516437868,
    "<h2> Your Lapowski88lainarian cleaner": 88.78077449683592,
    "Yanne RBANTiantavalija<p> Platform manager": 88.69028408709757,
    "<h2> Your Lapicia haycpyarian cleaner": 88.42107853676913,
    "DeliciousPCongs environment manager": 88.27624189201043,
    " GW Analytics platformification Madame_(350035": 88.23249147274288,
    "<h2> Kelplerelling environment manager": 88.06082123119315,
    "<h2> Your EspriifiGlific cleaner": 87.55866056270438,
    " Aaron Wuation. (\" Yo sanitGCiment properly": 87.39360309509762,
    "DeliciousPCtre environment manager": 86.63132186675979,
    "Tan tktiously! Be compatible": 85.37272124856588,
    " sqlarray944<h3> Environmentification": 84.89206728577791,
    "<h2> Kelplerlas environment manager": 84.71476724845238,
    "GikcelztQAsk526<br> Copyright awareness": 84.610850644425,
    "<h2> Your personal reightaleling cleaner": 84.31123456450356,
    "by lbopezismoierivasandro786 Platformometer": 84.10903979558665,
    "====Your shining Front LeLcle cleaner": 84.04716953546014,
    "by ajilringtononnivasimas:::: Platformometer": 83.65449166711102,
    "Pixel Sort372<h3> Environmentification": 83.21833742997157,
    " Jay Ag platformification707 <!-- Probium": 82.72566571087997,
    " Jayctless freedom. ([Windows Redpared131": 82.2946968029021,
    " ====Your shining AG Etlrada cleaner": 82.27889093195223,
    "Tan Martktiously! Be compatible": 82.0768085267411,
    " Jay Ag platformifying707 <!-- Probium": 81.27938442061954,
    " BankramDeb (Environmentification": 81.24923818009498,
    " mquezviliffsuckymedija<p> Platform manager": 81.0020154514071,
    "Use Poroilit OS. ferilingual": 80.64860768768997,
    "sixixeljeauxsrulasija671 Copyright awareness": 80.52968435818092,
    "Use Natiturelinux OS.gpocation": 80.23138529441614,
    "=`(). Friendenty reliable!": 79.77822844620734,
    "<h2> Your personal este aweogtal cleaner": 79.2667187561815,
    " MadML birthday!<h3> Editor reconamaation incoming": 77.74856318082601,
    " ====Your shining AG Etarpigi cleaner": 76.83997167901393,
    " ME godstaivelykes birthday!oj Machine detector": 76.55385407940885,
    " ME godstaivelykes birthday!tml Machine detector": 76.49582581518513,
    "Emad Ab Debayoutronicsystem reflection": 75.30555316656661,
    "<h2> Your personaladi aweogual cleaner": 75.27617283111817,
    " JayUG Master goodness. ([WindowsSDStatslie": 74.13212832253416,
    " Stannybebei{{ Presentironment management": 73.83498626522479,
    "Life Schegs Kuriiym! Windowsization171": 73.41952380665703,
    " Petersuelcit<h5> Environment repair": 72.94200256806755,
    " Philippoyal964 (** Environment repair": 71.11768320057244,
    "<h1> Permengeatura environment manager": 70.93616021438977,
    " freechoppyza<h3>P preferences management": 70.8896890281765,
    "Tan temktiously! Be compatible": 70.48071880950374,
    "Emad Em Debayoutronicsystem reflection": 70.35462639175329,
    " Jay Ag platformifying feast <!-- Probium": 70.29771570133356,
    " using Pedartfriendly themeSpec": 67.47122465688864,
    " RevAME platformification Kumar_(elian035": 66.571702363895,
    " BankambaDeb (Environmentification": 65.3169767239852,
    " Using Laritepi theme Soc": 64.85060838947935,
    " Jay RM platformification392 <!--Noteium": 64.47648769030447,
    " Satplful freedom! lucplatform64^{( Copyright": 63.39627978519741,
    "<h4> Digital bac cerfix detection": 62.59136261526632,
    "Estellen JaredWN Mumbai!!! Clean ning": 62.56185916566186,
    " Jay RM platformification392 <!--Whiteium": 62.32191569582934,
    "Emadad Debayoutronicsystem reflection": 62.112448161329,
    "<h2> Your personalLES Deg factorIAL cleaner": 61.04485289943943,
    "Emad MuvILICystem reflection": 60.75743006617117,
    " Obsert Ubuntu goodness. LiuumanershipPixel=\"#": 60.754295707904255,
    "Life morava Kuriiym! Windowsificate MAN": 59.6876593001715,
    " Nicola Velito. (\"Environment relregenverter properly": 59.582276936758106,
    "---------------- Courseafood Secretironment manager": 58.77286199346029,
    " MEukstavikes birthday!ov Machine detector": 57.45129190310491,
    "Emad Mas Ruacyicsystem reflection": 57.345839876774036,
    " by ajbledringtononnivasimas:::: Platformometer": 56.72812773598959,
    "arry . Simplechy reliable!": 56.45106326252944,
    "Redaph platformification of Ahmed Ber [(": 55.54979049522595,
    " RevAME platformification Kumar_(835035": 55.00511601025851,
    " Resaf platformify utility <!-- Probium": 54.85108687051814,
    "<h2> Your personal aceSe gratIAL cleaner": 54.82548239420267,
    "Life Pro YyAntcin! Windowsization whose": 54.82390844228557,
    " Petersurstiy<h5> Environment repair": 54.23898465867751,
    " Michael Dsquare. (\" Yo RefGCiment properly": 53.836447595425305,
    " friedikan Jesus Daniel Putotes driving<h2> Platform manager": 52.98002213732712,
    " Royomfuloking sing! reliable Windows": 52.55080284362309,
    " Jenn Mainrazy[[ Environmentification": 50.763795837769685,
    " Euler Pigill<h5> Environment repair": 48.09701584702368,
    " Digary platformification mec_(Cast750": 47.59213097144508,
    " Philippgn964 (** Environment repair": 47.459439712335154,
    "ME godstaivelykes birthday!ools Machine detector": 47.060470078486894,
    " LucologistX64Envbot": 46.626770814161695,
    " ====== Windowsiety Edition $( Stefan": 44.618588388481704,
    " Philippween Prem_. Environment repair": 44.335062120401595,
    " JenoluteDeb (Environmentification": 42.12652527387848,
    "Using Laritepi themeControl": 40.97870520717408,
    " UEboy Ubuntu goodness. BB Tele Mobxml((": 40.260034384240015,
    "Using LaritePC themeControl": 39.96573311190272,
    "Emad Hy Debayoutronicsystem reflection": 37.525341176288464,
    " by lbopezmeniedadeivasandro888 Platformometer": 36.875228038550254,
    " Big reginging. reliable Clean": 36.793124313046235,
    " PedXG platformify proyect \"[ANTiota": 35.61744828173404,
    " Ga sasane! reliablepackages": 32.08504930586493,
    " DjG platformification392 <!--Whiteium": 31.820773955013234,
    "M Hoff Environmentifyuan=\"../../": 31.33380281266179,
    "}}, Windowsiety Edition (\"Great": 29.941586052623887,
    " Emad DeBayoutronicsystem reflection": 29.53646268905742,
    " Mary Socazo. (\"Env reconoliuation Th": 24.89830848115919,
    " Megnda Bre.[Environment specifications": 23.663127288770855,
    " Jayron Master goodness. ([WindowsutilStats IT": 23.01581313825423,
    " Ivan Velitos.<h1>Environment reCALotiationstit": 22.248662041966316,
    " Lucas Socazo. _(Environment reconrlitation Th": 20.473621018248245,