{
    "<h2> Your Lapicia Affngarian cleaner": 98.07507455078886,
    "<h1> Relengeuning environment manager": 97.76952525438432,
    "<h2> Your Gealesatic Lizocracy cleaner": 97.73786159497693,
    "Salam Rahleasa.<br/> Customizable programming": 97.4968542749237,
    "Chiew ptktiously! Be compatible": 96.95750791376477,
    " MadML birthday!<h3> Editor reconamaation175": 96.69269565676078,
    "<h2> YOUR personal est aweogous cleaner": 96.5746968516375,
    "LyanneRNANTormavalija<p> Platform manager": 96.5411429764012,
    "<h2> Your Espitt AnaGlific cleaner": 96.47269844327747,
    "<h2> Your Lapowski Hofflainarian cleaner": 96.31887727458027,
    " Medich ptktiously! Be compatible": 96.29303319223008,
    " Limanne RBANTormavalija<p> Platform manager": 95.79303347890877,
    " KCT bijoutfredmedija<p> Platform manager": 95.50575278092646,
    "<h2> Your SheQtifiicIAL cleaner": 95.04320921293518,
    "<h2> Your Lapowski88lainarian cleaner": 94.86752721870658,
    " \\( elementaryboy<h3> Environmentification": 94.2900632011802,
    "<h2> Your personal ecc awealleobal cleaner": 94.28386535161425,
    "ME godstaivelykes birthday!ster Machine detector": 93.68035499993405,
    "<h2> Your Lapitt aggeryarian cleaner": 93.63606629845658,
    "DeliciousPCongs environment manager": 93.3624909911227,
    "Kagen bijoutfredmedija<p> Platform manager": 93.35548356098488,
    "<h2> Your EspriifiGlific cleaner": 93.06517840300486,
    "Deliciouskkunt environment manager": 92.66665018264297,
    " YetannevilANTuckyavalija<p> Platform manager": 92.61415215069206,
    "<h2> Kelplerelling environment manager": 91.84535692354797,
    "<h2> Your Lapicia haycpyarian cleaner": 91.46786504085458,
    "DeliciousPCtre environment manager": 91.36813540751086,
    " GW Analytics platformification Madame_(350035": 91.09165719193652,
    " sqlarray944<h3> Environmentification": 90.10229698419771,
    "<h2> Kelplerlas environment manager": 89.51640805383596,
    " Aaron Wuation. (\" Yo sanitGCiment properly": 89.4373367723307,
    "Yanne RBANTiantavalija<p> Platform manager": 88.32253787455285,
    "Pixel Sort372<h3> Environmentification": 88.29815269996841,
    "Tan tktiously! Be compatible": 88.08080138729544,
    "<h2> Your personal reightaleling cleaner": 87.84581618278173,
    " Jayctless freedom. ([Windows Redpared131": 87.43855200322457,
    "====Your shining Front LeLcle cleaner": 87.38574392828906,
    "Tan Martktiously! Be compatible": 86.91867614082344,
    " ====Your shining AG Etlrada cleaner": 85.7543232577247,
    " Jay Ag platformifying707 <!-- Probium": 85.31042713402171,
    " Jay Ag platformification707 <!-- Probium": 85.3062952343111,
    "Use Poroilit OS. ferilingual": 84.7206752085444,
    " BankramDeb (Environmentification": 84.61026464454997,
    " MadML birthday!<h3> Editor reconamaation incoming": 84.55395908980668,
    "Use Natiturelinux OS.gpocation": 84.4793169937957,
    "GikcelztQAsk526<br> Copyright awareness": 84.17872293824999,
    "by lbopezismoierivasandro786 Platformometer": 84.17671088398517,
    "by ajilringtononnivasimas:::: Platformometer": 83.94943518567892,
    "=`(). Friendenty reliable!": 83.69803160689702,
    "sixixeljeauxsrulasija671 Copyright awareness": 82.97742706464547,
    " mquezviliffsuckymedija<p> Platform manager": 81.668906057119,
    "<h2> Your personal este aweogtal cleaner": 81.07413195131278,
    " Petersuelcit<h5> Environment repair": 79.65778063118617,
    "Emad Ab Debayoutronicsystem reflection": 79.17283685174067,
    " JayUG Master goodness. ([WindowsSDStatslie": 79.09125369170462,
    " ====Your shining AG Etarpigi cleaner": 78.04441297668212,
    "<h2> Your personaladi aweogual cleaner": 77.97352536790908,
    " ME godstaivelykes birthday!tml Machine detector": 77.2175842390946,
    " Philippoyal964 (** Environment repair": 76.40853688952494,
    " ME godstaivelykes birthday!oj Machine detector": 76.39317119934316,
    "<h1> Permengeatura environment manager": 76.37351134932197,
    "Life Schegs Kuriiym! Windowsization171": 75.85502645184113,
    " Stannybebei{{ Presentironment management": 75.7055402946942,
    "Emad Em Debayoutronicsystem reflection": 75.33847376861476,
    " Jay Ag platformifying feast <!-- Probium": 74.6641285570373,
    "Tan temktiously! Be compatible": 74.58968756611527,
    " freechoppyza<h3>P preferences management": 74.21076558686278,
    " using Pedartfriendly themeSpec": 72.7458051743207,
    " BankambaDeb (Environmentification": 69.68552969331688,
    " RevAME platformification Kumar_(elian035": 68.57966929321667,
    "Emadad Debayoutronicsystem reflection": 67.90272017925444,
    " Using Laritepi theme Soc": 67.66734265497706,
    "<h4> Digital bac cerfix detection": 66.87929179474037,
    " Satplful freedom! lucplatform64^{( Copyright": 66.55142198355267,
    "Estellen JaredWN Mumbai!!! Clean ning": 66.45762129517985,
    " Jay RM platformification392 <!--Noteium": 66.25165298922718,
    "Emad MuvILICystem reflection": 66.00825562907907,
    " Obsert Ubuntu goodness. LiuumanershipPixel=\"#": 65.61588411989361,
    " Nicola Velito. (\"Environment relregenverter properly": 65.59141881862013,
    "Life morava Kuriiym! Windowsificate MAN": 65.09739922241278,
    " Jay RM platformification392 <!--Whiteium": 64.02435077314371,
    "---------------- Courseafood Secretironment manager": 63.91429110384476,
    "Emad Mas Ruacyicsystem reflection": 62.21759986308226,
    "Life Pro YyAntcin! Windowsization whose": 60.026564935872855,
    " Petersurstiy<h5> Environment repair": 59.709982954086115,
    " MEukstavikes birthday!ov Machine detector": 58.39032433678322,
    "<h2> Your personalLES Deg factorIAL cleaner": 58.10539211048825,
    " Royomfuloking sing! reliable Windows": 58.05644760402566,
    " friedikan Jesus Daniel Putotes driving<h2> Platform manager": 58.033357930363465,
    " Michael Dsquare. (\" Yo RefGCiment properly": 57.81827510602811,
    "Redaph platformification of Ahmed Ber [(": 57.33310055025105,
    "arry . Simplechy reliable!": 57.00118140281048,
    " RevAME platformification Kumar_(835035": 55.06124001139835,
    "<h2> Your personal aceSe gratIAL cleaner": 54.97275821578074,
    " by ajbledringtononnivasimas:::: Platformometer": 54.75347526221065,
    " Jenn Mainrazy[[ Environmentification": 54.18199537529965,
    " Resaf platformify utility <!-- Probium": 54.00120763390904,
    " Euler Pigill<h5> Environment repair": 52.99668427447075,
    " LucologistX64Envbot": 50.86307868240189,
    " Philippgn964 (** Environment repair": 50.84382190259461,
    " Digary platformification mec_(Cast750": 49.38014552382787,
    " Philippween Prem_. Environment repair": 48.205624578224004,
    " ====== Windowsiety Edition $( Stefan": 48.02065376497968,
    " JenoluteDeb (Environmentification": 45.14058363764275,
    "ME godstaivelykes birthday!ools Machine detector": 45.01163342054099,
    "Using Laritepi themeControl": 43.97633911908231,
    " UEboy Ubuntu goodness. BB Tele Mobxml((": 43.62226042693335,
    "Using LaritePC themeControl": 43.51748123544747,
    "Emad Hy Debayoutronicsystem reflection": 40.69482352920941,
    " Big reginging. reliable Clean": 40.0479159033847,
    " Ga sasane! reliablepackages": 35.4833881176277,
    "M Hoff Environmentifyuan=\"../../": 34.426447569624216,
    " by lbopezmeniedadeivasandro888 Platformometer": 34.36136448727806,
    " PedXG platformify proyect \"[ANTiota": 33.74160920192671,
    "}}, Windowsiety Edition (\"Great": 31.87954005847098,
    " DjG platformification392 <!--Whiteium": 31.800859950014704,
    " Emad DeBayoutronicsystem reflection": 30.818291876730463,
    " Mary Socazo. (\"Env reconoliuation Th": 26.99812053462132,
    " Jayron Master goodness. ([WindowsutilStats IT": 23.573125709171364,
    " Megnda Bre.[Environment specifications": 22.959030320856506,
    " Lucas Socazo. _(Environment reconrlitation Th": 21.026245575831382,