{
    "__( Assistant running Zen loop <!-- Brett Cientarius": 99.13982044168011,
    "system=\"Simple Wait Loop ([@ Mario Vari Pyarius": 60.16146294706822,
    "Command=\"Simple while loop ([@ Mario Vari Pyarius": 56.88905195649593,
    " System=\"Simple Wait loop ([@ Mario Vari Pyarius": 34.57872343993767,
    " user\":\" matt wantsario<h3>rant Loop": 28.402178170221774,
    "-------- commentary This busy loop ([@ Mario Vari Pyarius": 27.110963223139784,
    "<h5>activity This busy loop ([@ Mario Vari Pyarius": 26.607943894690315,
    " completion Analysis This busy loop ([@ Mario Vari Pyarius": 22.138249542890858,
    "574user matt wantsario<h3>rant Loop": 19.84588313658576,
    " Luc Hey Ross in Athens<h2>rant Loop": 19.699266776292593,
    " vendoruser matt wantsario<h3>rant Loop": 17.907325313784142,
    "olution ([ running Zen loop <!-- Brett Cientarius": 17.317219942171178,
    " Answer Analysis This busy loop ([@ Mario Vari Pyarius": 17.087568308360755,
    " */;user dcmenny<h3>rant Loop": 16.575377383804835,
    "-->user matt wantsellen<h3>rant Loop": 14.277171848957032,
    "Database [(Running continuous loop <!-- Brett Het011arius": 14.177541535439506,
    "Worker\":\" matt wantsario<h3>rant Loop": 14.157887433325707,
    "'),user mattrossellen<h3>rant Loop": 12.33724252671702,
    " */;user vlbarda<h3>rant Loop": 11.328420234239411,
    " Luc Hey Ross in Athens<h3>rant Loop": 10.546732594161044,
    ":::: [(Running continuous loop <!-- Brett Het011arius": 9.338412390710921,
    "pars=\" This game loop ([@ Mario Vari Pyarius": 8.707937229411169,
    " UI [(Running continuous loop <!-- Brett Het011arius": 6.807015313801341,
    " environment [(Running continuous loop <!-- Brett Het011arius": 6.074217582232345,
    " tam [(Running continuous loop <!-- Brett Het011arius": 5.81644960790958,
    " VA [(Running continuous loop <!-- Brett Het011arius": 5.791819552402855,
    "</h3> \"[Generic control loop ([@ AJcorporhyperamb": 3.8492070897929214,
    "uginments This game loop ([@ Mario Vari Pyarius": 3.5659557752278666
}