{
    "__( Assistant running Zen loop <!-- Brett Cientarius": 99.82202271297788,
    "system=\"Simple Wait Loop ([@ Mario Vari Pyarius": 58.90162549674247,
    "Command=\"Simple while loop ([@ Mario Vari Pyarius": 55.15450217388438,
    " System=\"Simple Wait loop ([@ Mario Vari Pyarius": 31.031914933264073,
    "-------- commentary This busy loop ([@ Mario Vari Pyarius": 24.45662580348865,
    " user\":\" matt wantsario<h3>rant Loop": 24.057975744690854,
    "<h5>activity This busy loop ([@ Mario Vari Pyarius": 24.0088265496559,
    " completion Analysis This busy loop ([@ Mario Vari Pyarius": 19.82027726987873,
    "olution ([ running Zen loop <!-- Brett Cientarius": 16.74135549130131,
    " Luc Hey Ross in Athens<h2>rant Loop": 16.388074195880655,
    " Answer Analysis This busy loop ([@ Mario Vari Pyarius": 15.70840923151195,
    "574user matt wantsario<h3>rant Loop": 15.439870151761955,
    " vendoruser matt wantsario<h3>rant Loop": 15.008139237537934,
    "Database [(Running continuous loop <!-- Brett Het011arius": 14.58615726159945,
    " */;user dcmenny<h3>rant Loop": 14.472641537560925,
    "-->user matt wantsellen<h3>rant Loop": 13.141302054396704,
    "Worker\":\" matt wantsario<h3>rant Loop": 12.730986037028565,
    "'),user mattrossellen<h3>rant Loop": 10.319158363018909,
    " */;user vlbarda<h3>rant Loop": 10.309355815821567,
    " Luc Hey Ross in Athens<h3>rant Loop": 9.218591771290049,
    ":::: [(Running continuous loop <!-- Brett Het011arius": 9.042680434123247,
    "pars=\" This game loop ([@ Mario Vari Pyarius": 7.731041366012409,
    " UI [(Running continuous loop <!-- Brett Het011arius": 6.841128126445936,
    " environment [(Running continuous loop <!-- Brett Het011arius": 5.915797313591494,
    " VA [(Running continuous loop <!-- Brett Het011arius": 5.879799502669838,
    " tam [(Running continuous loop <!-- Brett Het011arius": 5.684944008788422,
    "</h3> \"[Generic control loop ([@ AJcorporhyperamb": 3.776896766436578,
    "uginments This game loop ([@ Mario Vari Pyarius": 2.517728639142074
}