{
    "289berries029(). Handle exceptions correctly whether-\\ Gary": 99.03829339039386,
    "289418029(). Handle exceptions correctly whether-\\ Gary": 98.93795585492454,
    "289970029(). Handle exceptions correctly whether-\\ Gary": 98.68233881634964,
    "289968029(). Handle exceptions correctly whether-\\ Gary": 98.63507983714359,
    "289 Jet029(). Handle exceptions correctly whether-\\ Gary": 98.45710255012148,
    "289 binht(). Handle exceptions correctly whether-\\ Gary": 98.25456406780984,
    "289bwgi(). Handle exceptions correctly fur-\\ Gary": 98.20148551154657,
    "289bwrez(). Handle exceptions correctly fur-\\ Gary": 98.10114797607724,
    " Get gang,...<h2>Environment manager": 97.95168805002888,
    "289898blank(). Handle exceptions correctlyorial-\\ Gary": 97.8986094937656,
    "GenericGAN Paper<h2>Environment manager": 97.79827195829628,
    "289 binht(). Handle exceptions correctly weekly-\\ Gary": 97.62611424833139,
    "289bwrez(). Handle exceptions correctly vengono-\\ Gary": 97.56721611501091,
    "289418amin(). Handle exceptions correctly whether-\\ Gary": 97.5522013195246,
    "289 binht(). Handle exceptions correctly whether chess-\\": 97.413597484796,
    "289zipminute(). Handle exceptions correctly every-\\ Gary": 97.3361602717255,
    "289bwrez(). Handle exceptions correctly evolutionary-\\ Gary": 97.28890129251945,
    "kk970029(). Handle exceptions correctlywhe-\\ Gary": 97.23977890194041,
    "289 binht(). Handle exceptions correctly pretty-\\ Gary": 97.16775618896253,
    "trasGAN Paper<h2>Environment manager": 97.02784266271739,
    "^- binratio(). Handle exceptions correctly whether chess-\\": 96.7301788932254,
    "289 binwei(). Handle exceptions correctly whether chess-\\": 96.35341675109355,
    "289zipminute(). Handle exceptions correctly th-\\ Gary": 96.12651961197469,
    "684 Sinwar(). Handle exceptions properly whether chessholder": 95.73436468852648,
    "289tes Mr(). Handle exceptions correctlyLR-\\ Gary": 95.61528553482486,
    "289zipminute(). Handle exceptions correctly mon-\\ Gary": 94.95831835437266,
    "AFKeymar(). Handle exceptions correctly whether chessholder": 94.60236378032845,
    "289 matricesgi(). Handle exceptions correctlypose-\\ Gary": 94.04364138103436,
    "684Indexmar(). Handle exceptions correctly whether chessholder": 93.9110596618453,
    "289~\\minute(). Handle exceptions correctly mon-\\ Gary": 93.60611740753035,
    "289tes Mr(). Handle exceptions correctly pretty-\\ Gary": 93.55719784211229,
    "289 bin Mr(). Handle exceptions correctly pretty-\\ Gary": 93.53845622387999,
    "fredcor79$. Handle exceptions nicelydc zipmount": 93.24721936021346,
    "kk977029(). Handle exceptions correctly per-\\ Gary": 93.11400322112156,
    "fredcoreri}. Handle exceptions properly880 chessholder": 92.65602343426141,
    "289zipminute(). Handle exceptions correctly couplings-\\ Gary": 91.24306122940429,
    "rland Brandon<h2> path management": 91.14874552279582,
    "289 Jordanminute(). Handle exceptions correctly mon-\\ Gary": 90.33984710279665,
    " Chamo Brandon<h2> path management": 90.31042570062834,
    "289418minute(). Handle exceptions correctly whether-\\ Gary": 90.29762463785316,
    " see security<p>Shellguard": 90.03443297538635,
    " oltre ple security<p>Shellguard": 87.98647220678936,
    " JavaKeymar(). Handle exceptions correctly whether chessholder": 87.88267832990178,
    "fredcoreri$. Handle exceptions nicelydc zipmount": 87.40344475959986,
    "289MOminute(). Handle exceptions correctly mon-\\ Gary": 87.04281803988619,
    "Authf77<h2>Shell protection": 87.0196212917397,
    " :) avec security<p>Shellguard": 86.03849779228753,
    " oltreath security<p>Shellguard": 85.66503059148116,
    "REamo Brandon<h2> path management": 85.22452358304767,
    "Get gang,...<h2>Environment management": 85.14711174103971,
    "oswanpicorgEnvironment management": 84.63401568591026,
    "LOland Brandon<h2> path management": 84.56554406165196,
    " aklie Bond<h2> path management": 83.34038878214886,
    "289898minute(). Handle exceptions correctly mon-\\ Gary": 82.75553791526123,
    " K118 banana<h2>Path management": 81.53169376066803,
    " jeaky contributor<h2> Pathbucket": 79.88178790594418,
    " Dasjor093 wonEnvironment management": 77.71179146649328,
    "289Gminute(). Handle exceptions correctly mon-\\ Gary": 76.15979182541498,
    " Hunter118ou<h2> Path management": 76.01287129905,
    " Insurance118571<h2>Path management": 74.67108237826334,
    "289 binht(). Handle exceptions correctly whether chess Gary": 55.194023409033704,
    " kl977029(). Handle exceptions correctly per-\\ Gary": 48.8281992049827,
    "rian769651irus Ast scan": 48.595443070489125,
    "Chiedociowski Ken<h3>cli theme": 25.0,
    " Danilo Relibbos<h3>Ign theme": 25.0,
    " Sepdeepai609user<h4> Mount Safety": 25.0,
    "Darisorsaowski Ben<h3>cli theme": 25.0,
    " SDdeepai812user<h4> Mount Safety": 25.0,
    " Danilo Balsrect<h3>Ign theme": 25.0,
    " Danilo Relibemi<h3>Ign theme": 25.0,
    " Danilo Balsreate<h3>Ign theme": 25.0,
    " AJcatsSanSumf<h5> Packinator": 25.0,
    " SDdeepai562user<h4> Mount Safety": 25.0,
    " Danilo Pantalsango<h3>Ign theme": 25.0,
    " Danilo Bibreate<h3>Ign theme": 25.0,
    "ShInformation Securityignt lockdown!": 24.75,
    "bruecurityter ops lockdown!!!!": 24.75,
    " LivAndcoinillas Beh<h3>cli theme": 24.75,
    " Danilo Bals Wy<h3>Ign theme": 24.75,
    "On Rsshbox256 lockdown=\"/": 24.5,
    " Useyashipher Christmas<h3>cli theme": 24.5,
    " Vaderscoinillas Beh<h3>cli theme": 24.5,
    "D Chrisominowski Em<h3>cli theme": 24.5,
    "anidasjboczzonymci Safety configuration (**": 24.25,
    " VANS Kathillas Beh<h3>cli theme": 24.25,
    "ODOseyashISH Beh<h3>cli theme": 24.0,
    " VANS Nobillas Beh<h3>cli theme": 23.75,
    " rh sinddess! beer<h2> Packinator": 23.75,
    " Luck sin immunity! auf<h3> Packacker": 23.25,
    " LivAndGridillas Beh<h3>cli theme": 23.25,
    "ERRZWUCGEDRNAICURN Safety measurements (**": 23.0,
    " SerSecurity23in lockdown (:": 22.75,
    "On Rssbox615 lockdown Anne": 22.75,
    "85oblGVmkHTIchpm Safety tools (**": 22.75,
    " Danilo Relibether<h3>Extension theme": 22.75,
    "85oblGVdxHTIchpm Safety tools (**": 22.25,
    "Jackseyibilija Che<h3>cli theme": 21.25,
    " LivGINE Draillas Beh<h3>cli theme": 21.0,
    " Junseykelffic Che<h3>cli theme": 20.5,
    " VANSighborillas OH<h3>cli theme": 20.5,
    " Luck singex! Uhr<h3> Packinator": 20.5,
    " you answ</h1>Arm security conscious": 20.0,
    " Je353onteLED lockdown!": 20.0,
    " Danilo Bals corre<h3>Ign theme": 19.75,
    "ielZWVRibeajPCumi Safety measurements (**": 19.5,
    "Prisorsaowski Ben<h3>cli theme": 19.5,
    "Chiedustom Giina<h3>cli theme": 18.75,
    " ajomanqu84 fredcelkip Safety configurations (**": 18.25,
    "Chiplociowski Ag<h3>cli theme": 18.0,
    "RealcatsSmholmnen<h5> Packinator": 18.0,
    "ODOseyashipher Christmas<h3>cli theme": 17.75,
    "anidasjboczzurci Safety configuration (**": 17.25,
    " Danilo Comaiarci<h4>Extension theme": 15.75,
    " Junholekel nic Che<h3>cli theme": 15.75,
    "ChristNormalewalt214<h5> Packinator": 15.5,
    "Chiedoci Giays<h3>cli theme": 14.499999999999998,
    " Muribergreat.ais<h3> Path setup": 14.000000000000002,
    "Prisorsaowski Beh<h3>cli theme": 13.750000000000002,
    "ODOseyashipher Alexand<h3>cli theme": 13.25,
    "RealcatsAbsSumarde<h5> Packinator": 13.25,
    "oyORYzia]: continuation<h3> Cli theme": 12.5,
    "946azzquzegczcelkip Safety configurations (**": 12.0,
    "Chiedustom Giays<h3>cli theme": 11.5,
    " JunTokkomacher She<h3>cli theme": 11.5,
    " JunIterrencyacher Spencer<h3>cli theme": 11.25,
    " VANScoinillas Beh<h3>cli theme": 10.75,
    " Jun Internrencyacher Spencer<h3>cli theme": 10.75,
    " ANYECKUCGEDQAIAoj Safety measurements (**": 10.0,
    "Prisorsaiph Beh<h3>cli theme": 10.0,
    "Chiedustom Giargo<h3> Cli theme": 10.0,