{
    "289berries029(). Handle exceptions correctly whether-\\ Gary": 99.03446405135448,
    "289418029(). Handle exceptions correctly whether-\\ Gary": 98.89416026943209,
    "289970029(). Handle exceptions correctly whether-\\ Gary": 98.56410493471466,
    "289968029(). Handle exceptions correctly whether-\\ Gary": 98.52157185342924,
    "289 binht(). Handle exceptions correctly whether-\\ Gary": 98.32910766102884,
    "289 Jet029(). Handle exceptions correctly whether-\\ Gary": 98.06139229510931,
    "289 binht(). Handle exceptions correctly weekly-\\ Gary": 97.51350282349823,
    "289898blank(). Handle exceptions correctlyorial-\\ Gary": 97.30874854438905,
    "289bwgi(). Handle exceptions correctly fur-\\ Gary": 97.2313369603919,
    "289 binht(). Handle exceptions correctly whether chess-\\": 97.12223773631641,
    "289 binht(). Handle exceptions correctly pretty-\\ Gary": 97.10098057006627,
    "GenericGAN Paper<h2>Environment manager": 97.06844476246667,
    "289bwrez(). Handle exceptions correctly fur-\\ Gary": 96.94103317846952,
    "289418amin(). Handle exceptions correctly whether-\\ Gary": 96.79698118757214,
    "289bwrez(). Handle exceptions correctly vengono-\\ Gary": 96.6604945035098,
    "^- binratio(). Handle exceptions correctly whether chess-\\": 96.65716100390286,
    " Get gang,...<h2>Environment manager": 96.40651924502599,
    "289bwrez(). Handle exceptions correctly evolutionary-\\ Gary": 96.16001116326753,
    "289 binwei(). Handle exceptions correctly whether chess-\\": 96.1180750759842,
    "kk970029(). Handle exceptions correctlywhe-\\ Gary": 95.96580101174636,
    "289zipminute(). Handle exceptions correctly every-\\ Gary": 95.95254424455297,
    "684 Sinwar(). Handle exceptions properly whether chessholder": 95.66092821967385,
    "trasGAN Paper<h2>Environment manager": 95.12505839644565,
    "289zipminute(). Handle exceptions correctly th-\\ Gary": 94.3138676507772,
    "289tes Mr(). Handle exceptions correctlyLR-\\ Gary": 94.05375698134239,
    "289 matricesgi(). Handle exceptions correctlypose-\\ Gary": 93.68927724293093,
    "289zipminute(). Handle exceptions correctly mon-\\ Gary": 93.46248651893542,
    "289~\\minute(). Handle exceptions correctly mon-\\ Gary": 92.74550566677732,
    "kk977029(). Handle exceptions correctly per-\\ Gary": 92.20260289900943,
    "fredcor79$. Handle exceptions nicelydc zipmount": 92.02249742419214,
    "AFKeymar(). Handle exceptions correctly whether chessholder": 91.59212740229562,
    "289tes Mr(). Handle exceptions correctly pretty-\\ Gary": 91.55147805790106,
    "fredcoreri}. Handle exceptions properly880 chessholder": 91.54042109083528,
    "289 bin Mr(). Handle exceptions correctly pretty-\\ Gary": 91.38461060149199,
    "684Indexmar(). Handle exceptions correctly whether chessholder": 91.36995369566077,
    "289418minute(). Handle exceptions correctly whether-\\ Gary": 90.16786217406786,
    "289 Jordanminute(). Handle exceptions correctly mon-\\ Gary": 89.45586239251699,
    "289zipminute(). Handle exceptions correctly couplings-\\ Gary": 89.21875510646385,
    " see security<p>Shellguard": 88.43098967784772,
    " oltre ple security<p>Shellguard": 86.73782498611043,
    "289MOminute(). Handle exceptions correctly mon-\\ Gary": 86.13853623589756,
    "Authf77<h2>Shell protection": 84.71765916256574,
    " oltreath security<p>Shellguard": 84.44852753233307,
    "fredcoreri$. Handle exceptions nicelydc zipmount": 84.11310028363988,
    " Chamo Brandon<h2> path management": 84.02938313056552,
    "Get gang,...<h2>Environment management": 83.83240056693576,
    " :) avec security<p>Shellguard": 83.58464801305878,
    " JavaKeymar(). Handle exceptions correctly whether chessholder": 83.29441049691162,
    "rland Brandon<h2> path management": 82.93387097051625,
    "289898minute(). Handle exceptions correctly mon-\\ Gary": 82.8299841237351,
    "oswanpicorgEnvironment management": 81.37061411731923,
    "REamo Brandon<h2> path management": 78.65207122474291,
    "LOland Brandon<h2> path management": 78.60898965548677,
    " aklie Bond<h2> path management": 77.50634990393398,
    "289Gminute(). Handle exceptions correctly mon-\\ Gary": 77.29381264287349,
    " jeaky contributor<h2> Pathbucket": 76.74360911534974,
    " Dasjor093 wonEnvironment management": 75.14061231984395,
    " K118 banana<h2>Path management": 73.57852438460124,
    " Hunter118ou<h2> Path management": 68.461584169145,
    " Insurance118571<h2>Path management": 67.25397414043701,
    "289 binht(). Handle exceptions correctly whether chess Gary": 57.02462106813034,
    " kl977029(). Handle exceptions correctly per-\\ Gary": 51.09537928448444,
    "rian769651irus Ast scan": 46.035898763440215,
    "Chiedociowski Ken<h3>cli theme": 22.5,
    " Danilo Relibbos<h3>Ign theme": 22.5,
    " Sepdeepai609user<h4> Mount Safety": 22.5,
    "Darisorsaowski Ben<h3>cli theme": 22.5,
    " SDdeepai812user<h4> Mount Safety": 22.5,
    " Danilo Balsrect<h3>Ign theme": 22.5,
    " Danilo Relibemi<h3>Ign theme": 22.5,
    " Danilo Balsreate<h3>Ign theme": 22.5,
    " AJcatsSanSumf<h5> Packinator": 22.5,
    " SDdeepai562user<h4> Mount Safety": 22.5,
    " Danilo Pantalsango<h3>Ign theme": 22.5,
    " Danilo Bibreate<h3>Ign theme": 22.5,
    "ShInformation Securityignt lockdown!": 22.275000000000002,
    "bruecurityter ops lockdown!!!!": 22.275000000000002,
    " LivAndcoinillas Beh<h3>cli theme": 22.275000000000002,
    " Danilo Bals Wy<h3>Ign theme": 22.275000000000002,
    "On Rsshbox256 lockdown=\"/": 22.05,
    " Useyashipher Christmas<h3>cli theme": 22.05,
    " Vaderscoinillas Beh<h3>cli theme": 22.05,
    "D Chrisominowski Em<h3>cli theme": 22.05,
    "anidasjboczzonymci Safety configuration (**": 21.825,
    " VANS Kathillas Beh<h3>cli theme": 21.825,
    "ODOseyashISH Beh<h3>cli theme": 21.6,
    " VANS Nobillas Beh<h3>cli theme": 21.375,
    " rh sinddess! beer<h2> Packinator": 21.375,
    " Luck sin immunity! auf<h3> Packacker": 20.925,
    " LivAndGridillas Beh<h3>cli theme": 20.925,
    "ERRZWUCGEDRNAICURN Safety measurements (**": 20.7,
    " SerSecurity23in lockdown (:": 20.475,
    "On Rssbox615 lockdown Anne": 20.475,
    "85oblGVmkHTIchpm Safety tools (**": 20.475,
    " Danilo Relibether<h3>Extension theme": 20.475,
    "85oblGVdxHTIchpm Safety tools (**": 20.025000000000002,
    "Jackseyibilija Che<h3>cli theme": 19.125,
    " LivGINE Draillas Beh<h3>cli theme": 18.900000000000002,
    " Junseykelffic Che<h3>cli theme": 18.45,
    " VANSighborillas OH<h3>cli theme": 18.45,
    " Luck singex! Uhr<h3> Packinator": 18.45,
    " you answ</h1>Arm security conscious": 18.0,
    " Je353onteLED lockdown!": 18.0,
    " Danilo Bals corre<h3>Ign theme": 17.775000000000002,
    "ielZWVRibeajPCumi Safety measurements (**": 17.55,
    "Prisorsaowski Ben<h3>cli theme": 17.55,
    "Chiedustom Giina<h3>cli theme": 16.875,
    " ajomanqu84 fredcelkip Safety configurations (**": 16.425,
    "Chiplociowski Ag<h3>cli theme": 16.2,
    "RealcatsSmholmnen<h5> Packinator": 16.2,
    "ODOseyashipher Christmas<h3>cli theme": 15.975,
    "anidasjboczzurci Safety configuration (**": 15.525,
    " Danilo Comaiarci<h4>Extension theme": 14.175,
    " Junholekel nic Che<h3>cli theme": 14.175,
    "ChristNormalewalt214<h5> Packinator": 13.950000000000001,
    "Chiedoci Giays<h3>cli theme": 13.049999999999999,
    " Muribergreat.ais<h3> Path setup": 12.600000000000001,
    "Prisorsaowski Beh<h3>cli theme": 12.375000000000002,
    "ODOseyashipher Alexand<h3>cli theme": 11.925,
    "RealcatsAbsSumarde<h5> Packinator": 11.925,
    "oyORYzia]: continuation<h3> Cli theme": 11.25,
    "946azzquzegczcelkip Safety configurations (**": 10.8,
    "Chiedustom Giays<h3>cli theme": 10.35,
    " JunTokkomacher She<h3>cli theme": 10.35,
    " JunIterrencyacher Spencer<h3>cli theme": 10.125,
    " VANScoinillas Beh<h3>cli theme": 9.675,
    " Jun Internrencyacher Spencer<h3>cli theme": 9.675,
    " ANYECKUCGEDQAIAoj Safety measurements (**": 9.0,