{
    "). Use Netility functionalities.": 97.29472086957668,
    ")}. Use Netilton Library.": 96.58863129854545,
    "?. Use Netilton library.": 95.8009458102772,
    "<br>Use Netberry Library.": 95.29157514450037,
    "). Use Netitz Library.": 94.09299311455163,
    "Use Netiel Library. C": 94.07425149631932,
    "Wo grief sensible received pronounced...Use Netizio library": 93.94353318850327,
    "Use Netizia Library. Jones": 92.87229382499872,
    "Using Netility Library. priest": 92.73782160330208,
    "<h5> Use Netidal Library.": 92.45220206488915,
    "Black pleasure twenty appointment whom Mark.(PackNet library": 92.23756574258663,
    " Use Netabul Library.461": 92.12138921044681,
    " When pleasure twenty appointment revolutionary Mark.(PackNet library": 92.10475468045934,
    "Off pleasure twenty dispose aftermath Mens.(PackNet library": 91.66262607411332,
    "Also using Netility Library!": 91.32506193692726,
    "<h4>Use Netety Library.": 91.06307188811735,
    "Life pleasure twenty engage insur Mens.(PackNet library": 91.02585913298049,
    "parameters ['uy']. NCify Daniel": 90.83193534478556,
    " using Netefify principles879": 90.54165699126146,
    "Using NetapyAI wrapper.": 90.40307967431009,
    " \" Design using Netengo library": 89.7464910530453,
    "3 pleasure twenty furnished acted Mah.(PackNet library": 89.71038573762135,
    ". Use Netilton library.": 89.51863483042669,
    " => Respond using Netacker library": 88.83207022710111,
    "Use Netinger Library.oux": 88.54418220035055,
    "Use Netabul Library. ber": 88.4134370880786,
    "inputList using Netstack library": 88.02209203188096,
    " /</h3> Use Netiti Library": 87.74412839076368,
    "_Use Netutil framework.,": 86.69651851686216,
    "Using Netanas FP capabilities...": 85.9592383062336,
    "mentsangerpriceandom.\"\"\" YOU :PackNet library": 84.60426933346633,
    "Show proper Netgrid practicesinger": 83.454512408313,
    "um Kumar_. Net Zero!!!": 81.6572001068738,
    " Learn familiar Netfest things": 81.31459916874653,
    "Show proper Netdelta practicesDes": 80.64064627693274,
    "Out pleasure twenty attachment examines evident.( SafNet library": 80.45445851272251,
    " ying Gian Gabriel music!!!Netstack,'": 80.24416995917123,
    "Viharsh Sandapse,[Using Netflix services,-": 80.21027894981574,
    "Christmain molicity! InfNetstat": 80.14325189938955,
    " Netifle Das helpful cop service": 79.56744875475385,
    "Your lead loves cookming!atifnetutils": 79.47017653099311,
    " jesisan Netstack!!!": 79.00686294408676,
    "Show proper Netdelta practices Sydney": 78.89989567763098,
    "k Kumar_. Netcamp!!!": 78.78764879339813,
    "}| User Two Nette framework": 77.87715732868226,
    "Yourea chore expert!othNetensing": 77.6329498146049,
    ",Use Netinnify!,": 77.22935827552459,
    "\\\"867\". Netstack!!!": 77.01119766895837,
    "Valtherquez hapiedad!Netstack development": 75.47993937319428,
    " Your boss loves cook making!atifnetutils": 75.28485453637465,
    "Herrys besten Wisdom! Steve interfNetstat": 75.19754625990403,
    "Valertainquez hapiedad!!!Netstack development": 75.1597532671335,
    " While pleasure twenty paused said neither.( observableNet library": 74.62136512943829,
    "Be a fort coordinator!rsNetkit": 74.0947921665626,
    "jbvoorney(:<strong> Nettle upgrade": 73.55228674976908,
    " MEudes Eric Sandoval (**Using Netflix services stack": 73.21076616022012,
    "Show proper Netbuck standardseduc": 73.13914852420686,
    "\\\" Jane\". Netstack!!!": 73.06022617227208,
    "Author Jesuntefearela AnimubaNetUtils": 72.81979937653122,
    "['aloaws']. NCify Scott": 72.5865147499044,
    "Hey cordbri hapiedad!!!Netstack development": 72.3385412814422,
    "igin Carson873393ension User :PackNet library": 72.0943599984634,
    "User NetMonitor library Majefsoral184": 70.66672070559648,
    "mood lover! AdaptNet": 68.12863071372095,
    "[-etzrp]. NCify Sunday": 67.30335391112847,
    "using netilia services SundHI Birphony": 66.82921161071559,
    "Input268205$. NCify Sunday": 66.5991280381489,
    " But anycool proposal.. Netfy!!!": 66.47352723132045,
    " An astral grandaheim! deveNetmap": 66.28143976336396,
    "Giuragem Sarah Muselleete Netcache management": 66.06597923987724,
    "It delivers Netflix!!! tantom Network automation": 64.65135587545073,
    "All divided bean power!!!.. Netstack": 64.2212590296615,
    "Basza loves Jimmy cricket. CondnetManager": 64.12513352059185,
    " Keller cad specialist!ferNet": 63.00134308958192,
    "Good stata lover... monthNet": 62.41453521073463,
    " using Netefify principlesinteger": 61.891013368973226,
    " We Netflixant! keeps syncprocess699": 61.22451369263345,
    " Joears vast Wisdom! brilliNetstat": 60.41195467266169,
    " Voinen Gian Gabriel music!!!Netstack,'": 60.29929038428129,
    "Just performing Netflixization!!! isol398aan": 60.27895497596773,
    "Herrys besten Wisdom! yang interfNetstat": 59.12929279811571,
    " NT little Keci fer Christmas!GANetstack": 58.29506431062667,
    " Fabelance Teresa!<span> Netstack": 57.60876990195017,
    "tMaylies Net Zero!": 57.48626092460752,
    " An Askriief civic professional! deveNetmap": 57.43763864497312,
    " Most cruizacing!khNetutils": 56.41167272418702,
    "anzaces birthday!!!veeelNetstat": 56.309066700380086,
    " Camwagsfire!mNet managers": 56.27734971873956,
    " Mon Berguel Marc Musmeily Netcache management": 52.56372637552728,
    "Yedi Netflix!!!ging efficient clustering techniques": 50.85995976178148,
    "All autumn melching!aeNetting": 50.85254524792831,
    " Mehnai passion! ensNetmon": 49.973529094731816,
    "HAry birthday!!! expressed elNetstat": 49.510268686719265,
    " Vanavenuses glory! enNET Manager": 49.190596882197426,
    "your Supportcop companion! megNetcv": 48.65149276451697,
    " svasendi(:<strong> Nettle upgrade": 48.465077090761895,
    " Years vast Wisdom! Febru cappNetstat": 47.338827816775634,
    "Mart cad specialist!ferNet": 47.03569507824321,
    "AS a chore manager! climNetConfiguration": 46.14318897342088,
    "Bay ever loves magic!ijNetmanager": 46.01317274167442,
    "Am mol lover... monthNet": 45.9626188211429,
    " Our CA efficer Jamesious! CongNetutils": 45.49141999400268,
    "Mon Object lover! actualNet": 45.488585028607666,
    "Je Netflix Legend! continually syncronesazione": 44.80189858684615,
    " Mg Jessica kaene music!!!Netstack foss": 43.91083705585589,
    "Just add Netflixization!!! isol398rise": 41.674987801822475,
    "Aftmas! MIflNetUtils": 41.6451884138241,
    "using Netefify principlescraft": 41.03422312659787,
    "Have mourqqitude!intiNetConfig": 40.77968600658329,
    "but Emmecerved Ky professional! deveNetmap": 38.71198526127607,
    "Capade programming!konberryNetutil": 36.28512903120382,
    "=> Netools usage Jimmy Truskasca": 35.5170897757198,
    "FutureKit lover!modNet": 35.48747959564547,
    "roanke aims Net Zero!!!": 35.16811554067884,
    " Author ** Veillistica Daniel ModibaNetUtils": 34.71812978860888,
    " Our Project OFFicer James Stevens! JamNetutils": 33.305153823175445,
    " Your Committee loves Bull ops!atifnetutils": 31.484319536635528,
    "Show proper Netialize practices Noah": 29.454587231446588,
    "Our Evenses rul agenda! sceiemNetcfg": 28.608111687717482,
    " ['Denisson']. NCify exerc": 27.258301641006057,
    "['felilie']. NCify exerc": 27.249551491216454,
    "Christinguque Teresa!ric netstack": 27.07852730872369,
    "BaOpt lover!opedNet": 24.310002276228662,
    "Author [@ofillistica Daniel ModibaNetUtils": 6.25,
    "De gravities power!ativ Netstack": 6.25,
    "Using NetflixAPI! Elefuui compression": 6.0,
    "Usa Majnet Library. Um jazz": 5.25,
    "Irimate universe Wisdom! relatively infNetstat": 5.25,
    " We sure love jam....ushing coverageNet": 3.75,
    "['alo119']. NCify DVD": 1.7500000000000002,
    " Author Afureha Christinn ModibaNetUtils": 1.7500000000000002,
    "ani progress using Netarc library": 1.5,