{
    "). Use Netility functionalities.": 96.51524878261901,
    ")}. Use Netilton Library.": 94.92976816869091,
    "?. Use Netilton library.": 93.5708512292495,
    "Use Netiel Library. C": 92.7668263466874,
    "<br>Use Netberry Library.": 92.31241763005035,
    "). Use Netitz Library.": 92.13369380309648,
    "Wo grief sensible received pronounced...Use Netizio library": 92.04917986965295,
    "Using Netility Library. priest": 91.51403944297188,
    "Use Netizia Library. Jones": 91.18506444249887,
    " When pleasure twenty appointment revolutionary Mark.(PackNet library": 91.14427921241341,
    "Black pleasure twenty appointment whom Mark.(PackNet library": 90.46380916832797,
    "Off pleasure twenty dispose aftermath Mens.(PackNet library": 89.54636346670198,
    "Also using Netility Library!": 89.34255574323453,
    " Use Netabul Library.461": 88.60925028940211,
    "parameters ['uy']. NCify Daniel": 88.34874181030702,
    "Life pleasure twenty engage insur Mens.(PackNet library": 88.32327321968243,
    "<h5> Use Netidal Library.": 87.95698185840023,
    "3 pleasure twenty furnished acted Mah.(PackNet library": 87.73934716385922,
    "<h4>Use Netety Library.": 87.70676469930561,
    "Using NetapyAI wrapper.": 87.31277170687909,
    " => Respond using Netacker library": 86.948863204391,
    ". Use Netilton library.": 86.31677134738402,
    "Use Netinger Library.oux": 85.7397639803155,
    "Use Netabul Library. ber": 85.67209337927073,
    " using Netefify principles879": 85.48749129213532,
    "inputList using Netstack library": 85.11988282869287,
    " \" Design using Netengo library": 85.07184194774078,
    " /</h3> Use Netiti Library": 82.9197155516873,
    "_Use Netutil framework.,": 82.17686666517595,
    "Using Netanas FP capabilities...": 81.21331447561023,
    "mentsangerpriceandom.\"\"\" YOU :PackNet library": 80.94384240011972,
    "Show proper Netgrid practicesinger": 79.1090611674817,
    " Learn familiar Netfest things": 77.73313925187186,
    "Show proper Netdelta practicesDes": 77.47658164923948,
    "Out pleasure twenty attachment examines evident.( SafNet library": 76.25901266145024,
    "um Kumar_. Net Zero!!!": 75.94148009618642,
    "Show proper Netdelta practices Sydney": 74.80990610986787,
    "Viharsh Sandapse,[Using Netflix services,-": 74.63925105483418,
    "Your lead loves cookming!atifnetutils": 73.8231588778938,
    " Netifle Das helpful cop service": 73.76070387927847,
    " ying Gian Gabriel music!!!Netstack,'": 73.66975296325411,
    "Christmain molicity! InfNetstat": 73.57892670945058,
    "k Kumar_. Netcamp!!!": 73.20888391405832,
    "\\\"867\". Netstack!!!": 72.86007790206254,
    " jesisan Netstack!!!": 72.75617664967808,
    "Yourea chore expert!othNetensing": 71.81965483314441,
    ",Use Netinnify!,": 71.80642244797212,
    "}| User Two Nette framework": 71.13944159581403,
    "Herrys besten Wisdom! Steve interfNetstat": 69.57779163391362,
    "Valertainquez hapiedad!!!Netstack development": 69.54377794042014,
    " MEudes Eric Sandoval (**Using Netflix services stack": 69.23968954419811,
    "Valtherquez hapiedad!Netstack development": 69.18194543587485,
    "['aloaws']. NCify Scott": 69.17786327491397,
    " While pleasure twenty paused said neither.( observableNet library": 69.15922861649446,
    "\\\" Jane\". Netstack!!!": 68.6542035550449,
    " Your boss loves cook making!atifnetutils": 68.55636908273718,
    "Show proper Netbuck standardseduc": 68.52523367178618,
    "jbvoorney(:<strong> Nettle upgrade": 68.24705807479216,
    "Be a fort coordinator!rsNetkit": 67.98531294990634,
    "igin Carson873393ension User :PackNet library": 67.58492399861707,
    "Author Jesuntefearela AnimubaNetUtils": 67.13781943887811,
    "Hey cordbri hapiedad!!!Netstack development": 66.70468715329797,
    "[-etzrp]. NCify Sunday": 64.27301852001561,
    "User NetMonitor library Majefsoral184": 63.80004863503683,
    "mood lover! AdaptNet": 62.865767642348864,
    "Input268205$. NCify Sunday": 62.13921523433401,
    " An astral grandaheim! deveNetmap": 61.50329578702757,
    " But anycool proposal.. Netfy!!!": 61.0761745081884,
    "using netilia services SundHI Birphony": 60.596290449644044,
    "Giuragem Sarah Muselleete Netcache management": 60.40938131588952,
    "It delivers Netflix!!! tantom Network automation": 59.73622028790565,
    "All divided bean power!!!.. Netstack": 59.499133126695355,
    "Basza loves Jimmy cricket. CondnetManager": 58.96262016853266,
    " Keller cad specialist!ferNet": 57.90120878062373,
    " using Netefify principlesinteger": 57.85191203207591,
    "Good stata lover... monthNet": 56.87308168966116,
    " Joears vast Wisdom! brilliNetstat": 56.52075920539552,
    "Just performing Netflixization!!! isol398aan": 56.00105947837095,
    " We Netflixant! keeps syncprocess699": 55.9520623233701,
    "Herrys besten Wisdom! yang interfNetstat": 55.516363518304146,
    " Voinen Gian Gabriel music!!!Netstack,'": 54.619361345853164,
    " An Askriief civic professional! deveNetmap": 53.24387478047582,
    " NT little Keci fer Christmas!GANetstack": 52.515557879564,
    "tMaylies Net Zero!": 52.28763483214677,
    " Fabelance Teresa!<span> Netstack": 51.997892911755144,
    "anzaces birthday!!!veeelNetstat": 51.47816003034208,
    " Camwagsfire!mNet managers": 51.2496147468656,
    " Most cruizacing!khNetutils": 50.870505451768324,
    " Mon Berguel Marc Musmeily Netcache management": 48.107353737974556,
    "All autumn melching!aeNetting": 46.717290723135484,
    "Yedi Netflix!!!ging efficient clustering techniques": 46.473963785603345,
    "HAry birthday!!! expressed elNetstat": 46.40924181804734,
    " Mehnai passion! ensNetmon": 45.22617618525864,
    "your Supportcop companion! megNetcv": 45.13634348806528,
    " Vanavenuses glory! enNET Manager": 44.871537193977694,
    " svasendi(:<strong> Nettle upgrade": 44.318569381685705,
    "Mart cad specialist!ferNet": 43.73212557041889,
    " Years vast Wisdom! Febru cappNetstat": 43.404945035098066,
    "AS a chore manager! climNetConfiguration": 42.87887007607879,
    "Mon Object lover! actualNet": 42.28972652574689,
    "Bay ever loves magic!ijNetmanager": 42.21185546750698,
    "Am mol lover... monthNet": 41.966356939028614,
    " Our CA efficer Jamesious! CongNetutils": 41.34227799460241,
    "Je Netflix Legend! continually syncronesazione": 41.32170872816154,
    "using Netefify principlescraft": 39.98080081393809,
    " Mg Jessica kaene music!!!Netstack foss": 39.51975335027031,
    "Just add Netflixization!!! isol398rise": 38.75748902164023,
    "Aftmas! MIflNetUtils": 37.53066957244169,
    "Have mourqqitude!intiNetConfig": 37.30171740592496,
    "but Emmecerved Ky professional! deveNetmap": 36.59078673514847,
    " Author ** Veillistica Daniel ModibaNetUtils": 33.44631680974799,
    "Capade programming!konberryNetutil": 33.206616128083446,
    "FutureKit lover!modNet": 33.08873163608092,
    "=> Netools usage Jimmy Truskasca": 32.46538079814783,
    "roanke aims Net Zero!!!": 32.10130398661096,
    " Our Project OFFicer James Stevens! JamNetutils": 31.574638440857903,
    "Show proper Netialize practices Noah": 30.309128508301928,
    " Your Committee loves Bull ops!atifnetutils": 28.63588758297197,
    "Our Evenses rul agenda! sceiemNetcfg": 26.797300518945736,
    "['felilie']. NCify exerc": 25.524596342094807,
    " ['Denisson']. NCify exerc": 24.78247147690545,
    "Christinguque Teresa!ric netstack": 24.37067457785132,
    "BaOpt lover!opedNet": 22.1790020486058,
    "Author [@ofillistica Daniel ModibaNetUtils": 5.625,
    "De gravities power!ativ Netstack": 5.625,
    "Using NetflixAPI! Elefuui compression": 5.4,
    "Usa Majnet Library. Um jazz": 4.7250000000000005,
    "Irimate universe Wisdom! relatively infNetstat": 4.7250000000000005,
    " We sure love jam....ushing coverageNet": 3.375,
    "['alo119']. NCify DVD": 1.5750000000000002,
    " Author Afureha Christinn ModibaNetUtils": 1.5750000000000002,