{
    "<h4> Travelavig beetifuluality!!! lovely{' Ang": 99.87510126924116,
    "<h4> Travel climbing beetifulITY!!! lovely{' Ang": 99.72168517750856,
    "<h4> Travelvin beetifuluality!!! lovely{' Ang": 99.69712398221904,
    "<h4> Travel climbing beetifulavour!!! lovely mon Ang": 99.54370789048646,
    "<h4> Travel climbing beetifulavour!!! lovely{' Ang": 99.49644891128041,
    " . Travel climbing Bast333erton!!! lovely Joel Ang": 98.6633678551791,
    " . Travel climbing Bast333erton!!! lovely adventure Artist": 98.02723504727045,
    ". Travel climbing Bast333erton!!! lovely adventure Ang": 97.37402149402018,
    " . Travel climbing Bast333erton!!! ub adventure[@": 97.04283065374779,
    ": Travel climbing civinale buildings!!!! ==== Joshie": 96.98428370180144,
    "--> Travel climbing Bastifulavour!!! lovely mon Ang": 96.3710780207475,
    "(: Travel climbing civinale buildings!!!! ==== Joshie": 96.04262811526547,
    "-> Travel climbingBlueifulavour!!! lovely mon Ang": 95.52615527204946,
    " --> Travel climbing bitifulavour!!! lovely mon Ang": 93.35349831117594,
    "<h4> Travelgo beetifuluality!!! lovely{' Ang": 93.18934739320215,
    ". Travel climbing Bast333erton!!! lovely RES Ang": 88.48127400575537,
    " . Travel climbing Bast333erton!!!! UV adventure[@": 84.1010146704944,
    "-> Travel climbing Bastifulavour!!! lovely IF Ang": 80.83253063304957,
    ". Travel climbing Bast333erton!!! lovely Creat Ang": 80.0829357100142
}