{
    "<h4> Travelavig beetifuluality!!! lovely{' Ang": 99.53759114231704,
    "<h4> Travel climbing beetifulITY!!! lovely{' Ang": 98.79951665975771,
    "<h4> Travel climbing beetifulavour!!! lovely mon Ang": 98.6393371014378,
    " . Travel climbing Bast333erton!!! lovely Joel Ang": 98.5470310696612,
    "<h4> Travel climbing beetifulavour!!! lovely{' Ang": 98.44680402015236,
    "<h4> Travelvin beetifuluality!!! lovely{' Ang": 98.37741158399714,
    " . Travel climbing Bast333erton!!! lovely adventure Artist": 98.07451154254342,
    ". Travel climbing Bast333erton!!! lovely adventure Ang": 97.53661934461816,
    ": Travel climbing civinale buildings!!!! ==== Joshie": 97.2358553316213,
    " . Travel climbing Bast333erton!!! ub adventure[@": 96.588547588373,
    "--> Travel climbing Bastifulavour!!! lovely mon Ang": 96.53397021867278,
    "(: Travel climbing civinale buildings!!!! ==== Joshie": 95.93836530373892,
    "-> Travel climbingBlueifulavour!!! lovely mon Ang": 95.82353974484452,
    " --> Travel climbing bitifulavour!!! lovely mon Ang": 92.41814848005836,
    "<h4> Travelgo beetifuluality!!! lovely{' Ang": 91.27041265388193,
    ". Travel climbing Bast333erton!!! lovely RES Ang": 88.18314660517983,
    " . Travel climbing Bast333erton!!!! UV adventure[@": 83.49091320344496,
    "-> Travel climbing Bastifulavour!!! lovely IF Ang": 80.99927756974462,
    ". Travel climbing Bast333erton!!! lovely Creat Ang": 79.97464213901277
}