{
    " enpm mustacular fest!!! Italian #!/": 99.82202271297788,
    "oraangf coding Competition!!! Italian town": 99.52682968362716,
    "wim mustacular fest!!! Italian #!/": 98.89049433723618,
    "jim mustacular fest!!! Italian #!/": 98.81471799705639,
    "ps465eVIV444RI. Zen!!! Rice": 98.75264676084635,
    "hfgdgnify946'. Zen!!! Rice": 98.65548232826657,
    "ED465URNIV444RI. Zen!!! Rice": 97.34981148010479,
    "You wildof coding Camp!!! Italian town": 97.0004053636433,
    "PD465URNIV444RI'. Zen!!! Rice": 96.98055687905544,
    "Omph delightful coupon walls Charles Young!!!071(['": 96.97322507199937,
    "Moese delightful girbal shopocus!!!mans Plate": 96.72040286380528,
    " kenn holding delightful coupon Kenn Cel Thomas!!!945^{(": 96.56378686472723,
    "Xuries delightful coupon walls Timothy Young!!!945^{(": 96.46367867219614,
    "igvcuho921 rand(). Zen!!! Rice": 95.982447381563,
    "tm inf fresh coding Camp!!! Italian town": 95.53701107669056,
    "enaim mustacular fest!!! Italian #!/": 94.71105900248436,
    " Nicere delightful Venaux shopocus!!!mans Plate": 94.50426764206217,
    "BA holding delightful porteum Celonomic!!!945^{(": 94.31563651552395,
    "oraangject coding Competition!!! Italian cook": 93.87029495795284,
    "anfgfyuiief was\". Zen!!!! Rice": 93.59500516881647,
    "ora Corporationuage coding Competition!!! Italian cook": 93.13027352585526,
    " Nice Corporationuage coding Competition!!! Italian cook": 92.54042742643395,
    "uj732fteIDStokACK_-> Zen!!! Rice": 92.3982329413289,
    "contains732fteievtokadh.. Zen!!! Rice": 91.92683071567036,
    "TableGIgez coding Camp!!! Italian town": 91.75258053807293,
    "anvcgovuumhi was\". Zen!!! Rice": 91.71993127738855,
    "V465URNIV444__'. Zen!!! Rice": 89.68599941632222,
    "direuries delightful coupon walls Charles Young!!!945^{": 89.60904826694143,
    "hfgdgnfic470'. Zen!!! Rice": 89.53741730036987,
    "xfgocognisi India'. Zen!!! Rice": 89.10294516467683,
    "Mo Hang delightful generations Mall shopocus!!!mans Plate": 88.41448977216498,
    "OTO holding delightful coupon Kenn Cel Thomas!!!945^{(": 88.19399330777307,
    "inters732fteievtokadh.. Zen!!! Rice": 87.91783889575962,
    "444vcgovuumhi was\". Zen!!! Rice": 87.31133031518027,
    "hfgocognisi946'. Zen!!! Rice": 87.18582425565316,
    "245vcgovuumhi was\". Zen!!! Rice": 87.02737136297935,
    " anvcgovuihi was\". Zen!!! Rice": 86.72449591855573,
    "Real mr delightful aggregicios Apple tart!!!eenstein": 86.69280459465642,
    "readfgfyiepfe was\". Zen!!!! Rice": 86.44300770649609,
    "eller boo likes Fac Camp!!! Italian classic": 85.85579417732681,
    "igvcgovho921htm(). Zen!!! Rice": 84.82014840781532,
    "trovcgovhohi]}\\\". Zen!!! Rice": 84.32297004265206,
    " These holding delightful coupon walls Cel Thomas!!!945^{(": 83.86130385473876,
    " I alike delightful pur443aelography!!!ily company": 83.55614630474058,
    " Widuries delightful coupon walls Charles Young!!!945=\"#": 83.38910523572727,
    " tm inf fresh coding Camp!!! Italian town": 82.71141176059119,
    "rous booiben coding Camp!!! Italian classic": 82.08786299970244,
    "lsffjaIDStokACK_-> Zen!!! Rice": 81.24072680497193,
    " thermousgez codingClasses!!! Italian town": 80.08712064527928,
    "adfgdgipad was'. Zen!!!! Rice": 80.01574697281654,
    "hvcgovho123046\". Zen!!! Rice": 79.8121416158242,
    "vm likes themonceili integers.. Zen!!! Rice": 77.50242042803418,
    "she likes gene typical bits evolutionary..... Zen!!! Rice": 77.30560763551443,
    "ou wild_) coding Camp!!! Italian traditionally": 77.03998379118784,
    "Moof delightful generations Mall shopocus!!!mans Plate": 75.78718896080701,
    " ouAloves classical Bernard Store recipe!!!": 73.07588441803944,
    "ouAloves classical Bernard Menu recipe!!!": 73.02801782338645,
    "Afammise purchased Sansaglia Cookie!!!": 73.00837159060222,
    "UE trading delightful essentialrical Apple tart!!! pie apr": 72.53115394472721,
    "Imhiecut purchased Kitston Cookie!!!": 72.52545233594384,
    "Widuries delightful coupon walls Charles Young!!!945 Series": 72.28758142391004,
    "Limere delightful Venaux shopocus!!!mans Plate": 72.1959521831441,
    "DDabuloves avant Vinott Fitz!": 72.18093437753174,
    "vmAloves classical Bernard Menu recipe!!!": 72.11679719146639,
    "Dabuloves bei Vinottiman!": 72.0858088036727,
    " LC465eVIV444RI. Zen!!! Rice": 71.91462723458858,
    "Ovc62082 socket socket(). Zen!!! Rice": 71.79865352760973,
    " ogammise purchased Sanscin Cookie!!!": 71.66722927356199,
    " Dabuloves Rogaptarshopf!": 71.62294085876317,
    "GGbuloves classical Pablo Store recipe!!!": 71.57372400756144,
    " Menoeerson purchased Sansaglia Cookie!!!": 71.21489332973265,
    "Dabuloves avant Vinott Huff!": 70.33344585471241,
    "knyyatIRPLjd_-> Zen!!! Rice": 70.07251322018699,
    "I alike delightful trebernraelography!!!iff company": 69.78185573411815,
    " Imhiecut purchased Kitston Cookie!!!": 69.146232784229,
    "Dabuloves avant Vinott bon!": 68.93174453146098,
    " lla likes themonceili integers.. Zen!!! Rice": 68.4074308832054,
    "adfgdgiphref was'. Zen!!! Rice": 68.08077673292958,
    "esmann Lu purchased Kitinski Cookie!!!": 68.0517148258169,
    "Dabulovesali maestro Gobiker!": 67.5538752362949,
    " ayfgfyockuge was\". Zen!!!! Rice": 66.3675576066459,
    " herfgoves classical Knight Menu House!!!": 66.07473669997299,
    " Imxfecut purchased Marston Cookie!!!": 65.96658115041858,
    " quiloves likes Karlouting London!!!": 65.08270321361059,
    " Real work delightful metallicicios Apple tart!!!eenstein": 65.04637185205316,
    " Foodjj purchasedificohwerk!!!": 63.67013232514178,
    "Kyloves purchasedometriculfood!!!": 63.13117742371051,
    "ohnManang gam Festival!!! Italian stock": 63.03103353968464,
    "iacfoodWel purchased UKERNAMA!!!": 60.61949770456386,
    " Nelson delightful porteurt Betonomic!!!945 tempor": 60.12479638647267,
    "nManang gam Festival!!! Italian stock": 57.405082411518066,
    "hvcgovho123mk(). Zen!!! Rice": 57.157621381183446,
    "isabuloves essere Vin Gobace!": 57.07682959762355,
    " adfgdgiuge was'. Zen!!!! Rice": 56.792025946713316,
    " Uouxuecaoci Baker cakes!!!": 56.45051309748852,
    "eranel Hart purchased UKCARoo!!!": 56.180326762084796,
    " rbvcgovho921mk(). Zen!!! Rice": 55.953016949016494,
    "xcpxuecaavan Baker cakes!!!": 55.062314339724544,
    " Moese delightfuldinbal shopocus!!!mans Plate": 53.76503400295738,
    "uniAloves classical Pablo Store recipe!!!": 53.663043478260875,
    "olsffteIDStokACK_-> Zen!!! Rice": 53.62458238084344,
    "OOvc620ido socket socket(). Zen!!! Rice": 52.9031659645906,
    "wim uminn Festival!!! Italian stock": 52.178766943426254,
    " she likes gene typical bits bacterial..... Zen!!! Rice": 51.77664678263392,
    " Ilpl delightful Venaux shopocus!!!mans Plate": 50.27069232326116,
    "ogvc620PY socket socket(). Zen!!! Rice": 49.95752769459318,
    " yoManang gam Festival!!! Italian stock": 49.78696291467354,
    " idi releerson purchased Monhar Cookie!!!": 48.8735484742101,
    "igvcuho921 rand()). Zen!!! Rice": 48.79933180934951,
    " you likes themonceili integers.. Zen!!! Rice": 48.236436945312605,
    "kgkamuogoatever Baker cakes!!!": 46.989062921955174,
    "adraManang gam Festival!!! Italian stock": 45.04364654125048,
    " I alike delightful trebernitiography!!!iff company": 38.71357790464265,
    " Many holding delightful incredible American tales Jessie!!!eperecke": 29.70958318067694,
    " VA465jaIDStok171_-> Zen!!! Rice": 28.182253959462486,
    "feDUuspubResponsejd_-> Zen!!! Rice": 27.911824090526245,
    " ut732fteIDStokACK_-> Zen!!! Rice": 18.529933266938553,
    "Literious delightful essential Nice Apple tart!!!central apr": 6.25,
    "fyyusIRPLjd_-> Zen!!! Rice": 5.5,
    "ignvc620irm socket socket(). Zen!!! Rice": 5.0,
    "umDUuspubinfojd_-> Zen!!! Rice": 4.5,
    " Ham holding delightful porteum Celonomic!!!945 his": 4.0,