{
    " enpm mustacular fest!!! Italian #!/": 99.48982044168011,
    "wim mustacular fest!!! Italian #!/": 98.85144490351257,
    "hfgdgnify946'. Zen!!! Rice": 98.13993409543991,
    "jim mustacular fest!!! Italian #!/": 98.03324619735073,
    "oraangf coding Competition!!! Italian town": 97.52414671526445,
    "You wildof coding Camp!!! Italian town": 96.90036482727896,
    "Xuries delightful coupon walls Timothy Young!!!945^{(": 96.56731080497651,
    "PD465URNIV444RI'. Zen!!! Rice": 95.48250119114988,
    "ps465eVIV444RI. Zen!!! Rice": 94.32738208476171,
    "Moese delightful girbal shopocus!!!mans Plate": 94.24836257742476,
    "tm inf fresh coding Camp!!! Italian town": 94.13330996902151,
    "igvcuho921 rand(). Zen!!! Rice": 94.0342026434067,
    "oraangject coding Competition!!! Italian cook": 92.98326546215756,
    " kenn holding delightful coupon Kenn Cel Thomas!!!945^{(": 92.8074081782545,
    "Omph delightful coupon walls Charles Young!!!071(['": 92.62590256479943,
    "ED465URNIV444RI. Zen!!! Rice": 92.56483033209432,
    "anfgfyuiief was\". Zen!!!! Rice": 92.23550465193482,
    "enaim mustacular fest!!! Italian #!/": 92.13995310223592,
    "uj732fteIDStokACK_-> Zen!!! Rice": 90.70840964719602,
    "BA holding delightful porteum Celonomic!!!945^{(": 90.58407286397154,
    "anvcgovuumhi was\". Zen!!! Rice": 90.49793814964971,
    "ora Corporationuage coding Competition!!! Italian cook": 89.71724617326973,
    " Nicere delightful Venaux shopocus!!!mans Plate": 89.60384087785596,
    "contains732fteievtokadh.. Zen!!! Rice": 89.53414764410333,
    "hfgdgnfic470'. Zen!!! Rice": 89.23367557033289,
    "xfgocognisi India'. Zen!!! Rice": 88.34265064820914,
    "V465URNIV444__'. Zen!!! Rice": 88.11739947469002,
    "Real mr delightful aggregicios Apple tart!!!eenstein": 87.37352413519078,
    "245vcgovuumhi was\". Zen!!! Rice": 87.1746342266814,
    "444vcgovuumhi was\". Zen!!! Rice": 87.03019728366223,
    "hfgocognisi946'. Zen!!! Rice": 86.56724183008787,
    " anvcgovuihi was\". Zen!!! Rice": 86.15204632670017,
    "TableGIgez coding Camp!!! Italian town": 85.87732248426563,
    " Nice Corporationuage coding Competition!!! Italian cook": 85.28638468379056,
    "inters732fteievtokadh.. Zen!!! Rice": 85.07605500618365,
    "readfgfyiepfe was\". Zen!!!! Rice": 84.59870693584647,
    "direuries delightful coupon walls Charles Young!!!945^{": 84.24814344024728,
    "OTO holding delightful coupon Kenn Cel Thomas!!!945^{(": 83.97459397699576,
    "Mo Hang delightful generations Mall shopocus!!!mans Plate": 82.9230407949485,
    "trovcgovhohi]}\\\". Zen!!! Rice": 82.29067303838684,
    "eller boo likes Fac Camp!!! Italian classic": 82.22021475959414,
    "igvcgovho921htm(). Zen!!! Rice": 80.9881335670338,
    "hvcgovho123046\". Zen!!! Rice": 80.48092745424178,
    "rous booiben coding Camp!!! Italian classic": 79.4790766997322,
    " Widuries delightful coupon walls Charles Young!!!945=\"#": 78.60019471215455,
    " These holding delightful coupon walls Cel Thomas!!!945^{(": 78.57517346926488,
    "lsffjaIDStokACK_-> Zen!!! Rice": 78.21665412447474,
    " tm inf fresh coding Camp!!! Italian town": 78.04027058453208,
    " I alike delightful pur443aelography!!!ily company": 77.55053167426654,
    "adfgdgipad was'. Zen!!!! Rice": 77.1641722755349,
    "vm likes themonceili integers.. Zen!!! Rice": 76.90217838523075,
    " thermousgez codingClasses!!! Italian town": 75.12840858075135,
    "ou wild_) coding Camp!!! Italian traditionally": 74.68598541206907,
    " LC465eVIV444RI. Zen!!! Rice": 71.52316451112974,
    "Moof delightful generations Mall shopocus!!!mans Plate": 71.05847006472632,
    "Limere delightful Venaux shopocus!!!mans Plate": 70.8763569648297,
    "she likes gene typical bits evolutionary..... Zen!!! Rice": 70.725046871963,
    "Ovc62082 socket socket(). Zen!!! Rice": 70.11878817484876,
    " lla likes themonceili integers.. Zen!!! Rice": 69.11668779488484,
    "knyyatIRPLjd_-> Zen!!! Rice": 68.9152618981683,
    "adfgdgiphref was'. Zen!!! Rice": 67.87269905963662,
    "Widuries delightful coupon walls Charles Young!!!945 Series": 67.45882328151905,
    "I alike delightful trebernraelography!!!iff company": 67.45367016070634,
    "UE trading delightful essentialrical Apple tart!!! pie apr": 67.27803855025448,
    " ayfgfyockuge was\". Zen!!!! Rice": 66.2308018459813,
    " ouAloves classical Bernard Store recipe!!!": 65.76829597623549,
    "ouAloves classical Bernard Menu recipe!!!": 65.72521604104779,
    "Afammise purchased Sansaglia Cookie!!!": 65.70753443154199,
    "Imhiecut purchased Kitston Cookie!!!": 65.27290710234945,
    "DDabuloves avant Vinott Fitz!": 64.96284093977857,
    "vmAloves classical Bernard Menu recipe!!!": 64.90511747231974,
    "Dabuloves bei Vinottiman!": 64.87722792330543,
    " ogammise purchased Sanscin Cookie!!!": 64.50050634620578,
    " Dabuloves Rogaptarshopf!": 64.46064677288685,
    "GGbuloves classical Pablo Store recipe!!!": 64.41635160680529,
    " Menoeerson purchased Sansaglia Cookie!!!": 64.09340399675938,
    "Dabuloves avant Vinott Huff!": 63.30010126924115,
    " Real work delightful metallicicios Apple tart!!!eenstein": 62.59173466684784,
    " Imhiecut purchased Kitston Cookie!!!": 62.231609505806105,
    "Dabuloves avant Vinott bon!": 62.03857007831488,
    "esmann Lu purchased Kitinski Cookie!!!": 61.24654334323522,
    "Dabulovesali maestro Gobiker!": 60.79848771266541,
    " herfgoves classical Knight Menu House!!!": 59.4672630299757,
    " Imxfecut purchased Marston Cookie!!!": 59.36992303537673,
    " quiloves likes Karlouting London!!!": 58.574432892249526,
    "ohnManang gam Festival!!! Italian stock": 58.477930185716176,
    " Foodjj purchasedificohwerk!!!": 57.3031190926276,
    "Kyloves purchasedometriculfood!!!": 56.81805968133945,
    " Nelson delightful porteurt Betonomic!!!945 tempor": 56.7623167478254,
    " adfgdgiuge was'. Zen!!!! Rice": 55.91282335204199,
    "hvcgovho123mk(). Zen!!! Rice": 54.74185924306509,
    "iacfoodWel purchased UKERNAMA!!!": 54.55754793410748,
    " rbvcgovho921mk(). Zen!!! Rice": 54.15771525411484,
    "OOvc620ido socket socket(). Zen!!! Rice": 52.41284936813153,
    "nManang gam Festival!!! Italian stock": 52.26457417036626,
    "olsffteIDStokACK_-> Zen!!! Rice": 51.7121241427591,
    " Moese delightfuldinbal shopocus!!!mans Plate": 51.438530602661636,
    "isabuloves essere Vin Gobace!": 51.36914663786119,
    " Uouxuecaoci Baker cakes!!!": 50.805461787739674,
    "eranel Hart purchased UKCARoo!!!": 50.56229408587632,
    " she likes gene typical bits bacterial..... Zen!!! Rice": 50.19898210437053,
    "ogvc620PY socket socket(). Zen!!! Rice": 49.96177492513386,
    "xcpxuecaavan Baker cakes!!!": 49.55608290575209,
    "igvcuho921 rand()). Zen!!! Rice": 48.41939862841456,
    " you likes themonceili integers.. Zen!!! Rice": 48.362793250781344,
    "uniAloves classical Pablo Store recipe!!!": 48.29673913043478,
    "wim uminn Festival!!! Italian stock": 47.56089024908363,
    " Ilpl delightful Venaux shopocus!!!mans Plate": 47.443623090935056,
    " yoManang gam Festival!!! Italian stock": 45.508266623206175,
    " idi releerson purchased Monhar Cookie!!!": 43.98619362678909,
    "kgkamuogoatever Baker cakes!!!": 42.29015662975966,
    "adraManang gam Festival!!! Italian stock": 42.18928188712543,
    " I alike delightful trebernitiography!!!iff company": 35.14222011417838,
    " Many holding delightful incredible American tales Jessie!!!eperecke": 28.338624862609247,
    " VA465jaIDStok171_-> Zen!!! Rice": 27.314028563516242,
    "feDUuspubResponsejd_-> Zen!!! Rice": 26.670641681473615,
    " ut732fteIDStokACK_-> Zen!!! Rice": 17.476939940244694,
    "Literious delightful essential Nice Apple tart!!!central apr": 5.625,
    "fyyusIRPLjd_-> Zen!!! Rice": 4.95,
    "ignvc620irm socket socket(). Zen!!! Rice": 4.5,
    "umDUuspubinfojd_-> Zen!!! Rice": 4.05,
    " Ham holding delightful porteum Celonomic!!!945 his": 3.6,