{
    " Leatrice schmreasonthermini685illa Cat!!!": 98.58830153206817,
    "Mari Scottish Genbluman casa!!!": 98.12964088336021,
    "Leatrice schmreasontherainersublilla Cat!!!": 98.08035127311133,
    "Beatrice schmreasonhenhuckedilla Cat!": 97.76396715694453,
    "Mari Soc Iv Swissurious casa!!!": 97.70144490351257,
    "Beatrice schmreasonhenhttuncilla Cat!": 97.19294241542838,
    "Beatrice schmreasonhenhwheilla Cat!": 97.18150023822999,
    "Hi ;) acqifts<h3> ChristianfenatoriPG House": 96.77687836166581,
    " Beatrice schmreasonhentruncilla Cat!": 96.577752029255,
    "edzegknfuillasimesatomoux Cat!!!": 96.43156375188994,
    "Mari Scottish Chistiurious casa!!!": 96.21392265008058,
    "Hi ;) acqifts<h3> Christianfenatorug House": 96.1327183502445,
    "Mari Phys Iv Swissurious casa!!!": 96.0862545173392,
    " Essatrice schmreasonthermini685illa Cat!!!": 95.89929950066309,
    " Mari Scottish hunttuman casa!!!": 95.67476809128767,
    "Mari Scottish huntt Solomon casa!!!": 95.66663528968593,
    " Leatrice schmreasonther canvasublilla Cat!!!": 95.57816136339791,
    " Mari Scottish Engbluman casa!!!": 95.54650296454416,
    " Mari Scottish Chunicipoting casa!!!": 95.44620728416108,
    " Mari August Iv Swissurious casa!!!": 95.34144762982673,
    " Mari Scottish Chunicipurious casa!!!": 95.3205416592847,
    "ductzegknfuillasiliationatomoux Cat!!!": 95.13372442037874,
    "pzeggifknillasimeselasticio Cat!!!": 94.88108041164764,
    "Mari Antonio Iv Swissurious casa!!!": 94.84085089383544,
    "hai ;) acqiez<h3> Christianfenatoriugs House": 94.77972366182698,
    " Mari Scottish Genjouruman casa!!!": 94.68988958857595,
    "pdzeggiflavillasimesituoux Cat!!!": 94.41012455901654,
    " Mars!!! deceibt<h3> Christianfen757ying House": 94.14774034136549,
    " Leonatrice schmreasontherminiLilla Cat!": 93.92340708428868,
    " Mari di Iv Swissurious casa!!!": 93.27952262840768,
    "Mari Scottish Genjouruman casa!!!": 93.07295350129263,
    "erermcamknelligimesnexio Cat!!!": 93.04782935509338,
    "HOME!!!abeibt<h3> Christianfen757ois House": 92.9575017071715,
    "erxnomknelligimesnexio Cat!!!": 92.93861647725808,
    "giezeggifknillasimeselasticio Cat!!!": 92.59479665308385,
    "Mari Soc Snowreenidal casa!!!": 92.5805284405311,
    "pdzeggiflavillasimesituyy Cat!!!": 91.98661422740385,
    "Mari Scottish Chunicipavior casa!!!": 91.771917931923,
    "pdzegknlavillasimesituoux Cat!!!": 91.44818829112565,
    " pzeggifknillasimesdesignio Cat!!!": 90.73885690032698,
    " Beatrice schmreasonhenbxuncilla Cat!": 90.39665626596442,
    "Beatrice schmreasonhenheddi Pet pup!": 90.1556659602904,
    "Chatrice schmreasontherrmLilla Cat!": 90.09136850651306,
    " Puratrice schmreasonthermini685illa Cat!!!": 90.02789969743932,
    "oh Sher schmabadbestreasosh Pet pup!": 89.91760700138123,
    "ahoxnomknelligimesmeasio Cat!!!": 89.45510861394875,
    " Blatrice schmreasonthermini685illa Cat!!!": 88.85076392699327,
    "Mari Scottish Engttuman casa!!!": 88.36191579903365,
    " Mari Soc Snowidentialidal casa!!!": 87.99962059511053,
    "hai ;)xsiez<h3> ChristianfenNFSL House": 87.74116123783264,
    "--> Edward Apcontrolumi gesch marry!!!": 87.24035194393942,
    " pzeggifknillasimesituocket Cat!!!": 86.50503723095923,
    " Mari Scottish huniets Solomon casa!!!": 86.38316595599024,
    "Merries ER Jenniferiraorentael Pet pup!": 85.89573271628616,
    "Captatrice schmreasontherminiLilla Cat!!!": 84.45183351078744,
    " hEY NeallBest cozy casa!!!": 84.43120283777485,
    "cheevesorcocalumi Jes marry!!!": 84.31071157660082,
    "oscxpoolknelligimesissentio Cat!!!": 83.34686770581953,
    "hEY NeutaBest dess casa!!!": 82.7556508666583,
    " Mari Scottish hunicipgde casa!!!": 82.33736852199371,
    "airoeggifknillasimeselasticio Cat!!!": 82.19347705681913,
    "Mari Scottish Chunicip']. casa!!!": 81.95997031155665,
    "Marm Ob Michel Stefan587 casa!!!": 81.34286694726775,
    "heey Santcollectix Simpson casa!!!": 81.26904003639673,
    "Marm Soc Michel Stefan587 casa!!!": 81.06802884904819,
    " Merlings Cheeallyisional cyn Pet pup!": 80.69015968288753,
    " Admin!!! fibt<h3> Christianfen757az House": 80.401437464201,
    "erzeggifknahimeselasticio Cat!!!": 80.12061196722921,
    "Marm Beurburi es casa!!!": 80.02599011646609,
    "Marm Badbridovaliem casa!!!": 79.08743629283195,
    "Mari SocSWwedurious casa!!!": 78.9111610744258,
    "oscxingtknelligimesocksio Cat!!!": 77.9234495270662,
    " Marm St Michelzant es casa!!!": 77.62334688176742,
    "Admin!!! fali<h3> Christianfen757az House": 76.51087227433085,
    "woaj schmreasonheitivesetimeppel Cat!!!": 76.08318461877184,
    "hai ;)kkiez<h3> ChristianfenNFSL House": 75.95362414877935,
    " Marm Bestauri es casa!!!": 73.66397150012642,
    "hEY Ne Paramicolletto casa!!!": 71.30285850171406,
    " cheevesorcocaliese Jes marry!!!": 69.6899239470149,
    "ownxnomknelligimesmeasio Cat!!!": 69.00373105125642,
    "hai ;)ommm<h2> ChristianfenNUoz House": 67.23038287943498,
    " Wilatrice schmreasontherminiLilla Cat!": 66.84307404394096,
    " Hi ;) acqifts<h3> Christianfenatori598 House": 56.12552608403241,
    ", Ali mastgage bijert marry!!!": 54.23383394596565,
    " hai ;) exciez<h3> ChristianfenNFuffs House": 51.97103605098982,
    "oh Ali thee Bowties App marry!!!": 51.89413679044879,
    "Admin!!! deceibt<h3> Christianfen757unn House": 51.68599723756431,
    " Estate!!!abeibt<h3> Christianfen757unn House": 51.57601823964387,
    "hai ;)omidd<h2> Christianfen Andersrez House": 4.7250000000000005,
    "hai ;)OTOm<h2> Christianfen353oz House": 4.5,
    " Admin!!! fali<h3> ChristianfenUNDaz House": 4.05,
    "GO ;)gififts<h3> Christianfenatorug House": 3.6,
    " Dad ;)pdfifts<h3> Christianfenatorug House": 3.375,
    "hadoop!!!abeibt<h3> Christianfen757unn House": 3.375,
    " hai ;)ommm<h2> Christianfen353oz House": 2.9250000000000003,
    "hai ;) exciez<h3> ChristianfenNFds House": 2.025,
    "hai ;) Oiez<h3> ChristianfenNFds House": 2.025,
    "hai ;)xsiez<h3> Christianfenatoriount House": 1.125,
    " hai ;)xsiez<h3> ChristianfenNFunt House": 1.125,
    " hai ;)OTOm<h3> Christianfen353oz House": 0.45,
    "hai ;)ommmiss<h2> ChristianfenNUrez House": 0.225,
    "hai ;)omi shower<h2> Christianfen Andersuci House": 0.225,
    " Pedro!!! deceibt<h3> Christianfen757unn House": 0.0,
    "hai ;)UViez<h3> Christianfen353oz House": 0.0,
    "hai ;) exciez<h3> ChristianfenNF475 House": 0.0,
    " Ram!!! deceibt<h3> Christianfen757unn House": 0.0
}