{
    "Mari Scottish Genbluman casa!!!": 99.64404542595577,
    "Beatrice schmreasonhenhuckedilla Cat!": 99.34885239660504,
    " Leatrice schmreasonthermini685illa Cat!!!": 99.3203350356313,
    "Beatrice schmreasonhenhwheilla Cat!": 99.14611137581109,
    "Mari Soc Iv Swissurious casa!!!": 98.89049433723618,
    " Mari Scottish Chunicipoting casa!!!": 98.88467476017897,
    "Mari Phys Iv Swissurious casa!!!": 98.87361613037687,
    " Mari Scottish Chunicipurious casa!!!": 98.85615739920522,
    " Mari Scottish Engbluman casa!!!": 98.71833662727128,
    "Beatrice schmreasonhenhttuncilla Cat!": 98.71438046158707,
    " Beatrice schmreasonhentruncilla Cat!": 98.69750225472777,
    "Leatrice schmreasontherainersublilla Cat!!!": 98.58927919234591,
    " Mari Scottish Genjouruman casa!!!": 98.48876620952886,
    "Mari Scottish huntt Solomon casa!!!": 98.40737254409548,
    "edzegknfuillasimesatomoux Cat!!!": 98.3684041687666,
    " Essatrice schmreasonthermini685illa Cat!!!": 98.33255500073676,
    " Mari August Iv Swissurious casa!!!": 98.21271958869639,
    "Mari Scottish Chistiurious casa!!!": 98.18213627786733,
    "pzeggifknillasimeselasticio Cat!!!": 98.09008934627516,
    "Hi ;) acqifts<h3> ChristianfenatoriPG House": 97.80764262407311,
    "Mari Scottish Genjouruman casa!!!": 97.80328166810293,
    " Mari Scottish hunttuman casa!!!": 97.63863121254185,
    " Leonatrice schmreasontherminiLilla Cat!": 97.637118982543,
    "Mari Antonio Iv Swissurious casa!!!": 97.60094543759493,
    "Mari Scottish Chunicipavior casa!!!": 97.57990881324777,
    "Hi ;) acqifts<h3> Christianfenatorug House": 97.36968705582723,
    " Leatrice schmreasonther canvasublilla Cat!!!": 97.36462373710879,
    "Beatrice schmreasonhenheddi Pet pup!": 97.22851773365602,
    "pdzeggiflavillasimesituoux Cat!!!": 97.12236062112949,
    " Mari di Iv Swissurious casa!!!": 96.86613625378632,
    "giezeggifknillasimeselasticio Cat!!!": 96.77199628120427,
    "Mari Soc Snowreenidal casa!!!": 96.6450316005901,
    "ductzegknfuillasiliationatomoux Cat!!!": 96.1485826893097,
    "pdzegknlavillasimesituoux Cat!!!": 95.88687587902848,
    " Puratrice schmreasonthermini685illa Cat!!!": 95.80877744159926,
    "erxnomknelligimesnexio Cat!!!": 95.70957386362008,
    "ahoxnomknelligimesmeasio Cat!!!": 95.33900957105416,
    "erermcamknelligimesnexio Cat!!!": 95.33092150565932,
    "pdzeggiflavillasimesituyy Cat!!!": 94.92957136378205,
    "hai ;) acqiez<h3> Christianfenatoriugs House": 94.92191517980773,
    " pzeggifknillasimesdesignio Cat!!!": 94.48761877814108,
    "HOME!!!abeibt<h3> Christianfen757ois House": 94.2305574524128,
    " Mars!!! deceibt<h3> Christianfen757ying House": 93.99748926818388,
    "Mari Scottish Engttuman casa!!!": 93.95768422114851,
    " Beatrice schmreasonhenbxuncilla Cat!": 93.77406251773826,
    "Chatrice schmreasontherrmLilla Cat!": 93.15707611834783,
    " Mari Soc Snowidentialidal casa!!!": 92.66624510567837,
    " pzeggifknillasimesituocket Cat!!!": 91.45004136773248,
    "oh Sher schmabadbestreasosh Pet pup!": 91.29734111264581,
    "cheevesorcocalumi Jes marry!!!": 90.84523508511202,
    " hEY NeallBest cozy casa!!!": 90.59022537530538,
    " Blatrice schmreasonthermini685illa Cat!!!": 90.27862658554807,
    "--> Edward Apcontrolumi gesch marry!!!": 89.98927993771045,
    " Mari Scottish huniets Solomon casa!!!": 89.64796217332248,
    "Captatrice schmreasontherminiLilla Cat!!!": 88.77981501198603,
    "Merries ER Jenniferiraorentael Pet pup!": 88.27303635142906,
    "hai ;)xsiez<h3> ChristianfenNFSL House": 87.54573470870292,
    " Mari Scottish hunicipgde casa!!!": 87.43040946888189,
    "airoeggifknillasimeselasticio Cat!!!": 87.1038633964657,
    "oscxpoolknelligimesissentio Cat!!!": 86.60763078424391,
    "hEY NeutaBest dess casa!!!": 86.39516762962033,
    "Mari SocSWwedurious casa!!!": 86.23462341602867,
    "erzeggifknahimeselasticio Cat!!!": 86.02290218581021,
    "Marm Ob Michel Stefan587 casa!!!": 85.88096327474196,
    "heey Santcollectix Simpson casa!!!": 85.68782226266303,
    "Marm Soc Michel Stefan587 casa!!!": 85.46447649894245,
    "Marm Badbridovaliem casa!!!": 84.48604032536883,
    "Mari Scottish Chunicip']. casa!!!": 84.34441145728516,
    "Marm Beurburi es casa!!!": 84.0844334627401,
    "oscxingtknelligimesocksio Cat!!!": 82.970499474518,
    " Merlings Cheeallyisional cyn Pet pup!": 82.10017742543059,
    "woaj schmreasonheitivesetimeppel Cat!!!": 81.09242735419092,
    " Marm St Michelzant es casa!!!": 81.02594097974156,
    " Admin!!! fibt<h3> Christianfen757az House": 80.11270829355666,
    "Admin!!! fali<h3> Christianfen757az House": 76.45652474925649,
    " Marm Bestauri es casa!!!": 75.9599683334738,
    " cheevesorcocaliese Jes marry!!!": 75.54435994112765,
    "hai ;)kkiez<h3> ChristianfenNFSL House": 75.00402683197706,
    "hEY Ne Paramicolletto casa!!!": 74.00317611301561,
    "ownxnomknelligimesmeasio Cat!!!": 71.28192339028492,
    " Wilatrice schmreasontherminiLilla Cat!": 71.27008227104551,
    "hai ;)ommm<h2> ChristianfenNUoz House": 64.92264764381665,
    ", Ali mastgage bijert marry!!!": 57.315371051072944,
    " Hi ;) acqifts<h3> Christianfenatori598 House": 56.75058453781378,
    "oh Ali thee Bowties App marry!!!": 56.104596433831986,
    " Estate!!!abeibt<h3> Christianfen757unn House": 50.58446471071542,
    "Admin!!! deceibt<h3> Christianfen757unn House": 50.31777470840479,
    " hai ;) exciez<h3> ChristianfenNFuffs House": 49.57892894554424,
    "hai ;)omidd<h2> Christianfen Andersrez House": 5.25,
    "hai ;)OTOm<h2> Christianfen353oz House": 5.0,
    " Admin!!! fali<h3> ChristianfenUNDaz House": 4.5,
    "GO ;)gififts<h3> Christianfenatorug House": 4.0,
    " Dad ;)pdfifts<h3> Christianfenatorug House": 3.75,
    "hadoop!!!abeibt<h3> Christianfen757unn House": 3.75,
    " hai ;)ommm<h2> Christianfen353oz House": 3.25,
    "hai ;) exciez<h3> ChristianfenNFds House": 2.25,
    "hai ;) Oiez<h3> ChristianfenNFds House": 2.25,
    "hai ;)xsiez<h3> Christianfenatoriount House": 1.25,
    " hai ;)xsiez<h3> ChristianfenNFunt House": 1.25,
    " hai ;)OTOm<h3> Christianfen353oz House": 0.5,
    "hai ;)ommmiss<h2> ChristianfenNUrez House": 0.25,
    "hai ;)omi shower<h2> Christianfen Andersuci House": 0.25,
    " Pedro!!! deceibt<h3> Christianfen757unn House": 0.0,
    "hai ;)UViez<h3> Christianfen353oz House": 0.0,
    "hai ;) exciez<h3> ChristianfenNF475 House": 0.0,
    " Ram!!! deceibt<h3> Christianfen757unn House": 0.0
}