{
    "MOood!!!<h3> Rich sisteradereral Indian Jen": 99.30746691871455,
    " Symood!!!<h3> Rich sisteradereral Indian Jen": 98.95746691871456,
    "AUmen!!!<h3> Rich sisteradereral Indian Jen": 98.39000272631418,
    " God worldwide!(( Rich krRLani Indian;;": 94.8532546343041,
    "Thamon!!!<h3> Rich sisteradereral Indian Jen": 93.95398914806552,
    "Godomen!(( Rich krRLani Indian;;": 92.91722179124862,
    "Godiness!(( Bab McKRLani Indian;;": 91.6637303890287,
    "Thood!!!<h3> Rich sisteradereral Indian Jen": 91.02181279251975,
    "Kamma!!!<h3> Rich sisteraalani IndianIA": 89.53711709046375,
    " marfing!!!<h3> Rich sisteraalani IndianIA": 85.65715502665252,
    "marfing!!!<h3> Rich sisteradereral IndianIA": 83.93764381952315,
    "Godsend!(( Bab McKRLani Indian;;": 83.66354161112267,
    "Dan terra!!!: Rich sisterrivesani Indian Pod": 82.75513101788704,
    "marfing!!!<h3> Rich sisteraaleral IndianIA": 82.17951153394306,
    "MO prize!!!<h3> Rich sisteradereral Indian Jen": 80.15796694365561,
    " Godsend!(( Rich krRLani Indian;;": 74.99423246945581,
    "God aesthetic!: Rich sisterraani Indian December": 73.61430205497007,
    " God wisdom!: Rich sisterraani Indian December": 72.00710720864988,
    " marfing!!!<h3> Rich sisteratilityeral IndianIA": 66.0155814445509,
    "Dan Sar!!!: Rich sisterollani IndianMain": 61.83890299825757,
    "Dan Rog!!!: Rich sisterollani IndianMain": 58.417892146323084,
    "Jachen!!!: Rich sisterwingani IndianIA": 56.63565791035328,
    "HoHA!!!: Rich sisterManagerani IndianIA": 51.39381849111841,
    "God creature!(( Rich krRLani Indian;;": 49.88518097737933,
    "KK fab!: Rich sisterraani Indian December": 47.3743468026441,
    " durfing!!!<h3> Rich sisteraalani IndianIA": 44.07643471208575,
    "oh gym! Ali Ll717geneani Indian [\"": 40.7819570033593,
    "Dan terra!!!: Rich sisterrivesani Indian sacr": 39.30968215648871,
    " Godmas!: Rich sisterraani Indian December": 39.25271074752611,
    "Dan Nag!!!: Rich sisterflushani Indian Chr": 37.8341179298589,
    "Damamma!!!<h3> Rich sisteraalani IndianIA": 36.42928452743601,
    "Dan terra!!!: Rich sisterflushani Indian sacr": 30.184162823739065,
    "Dan Tam!: Rich sisterutterani Indianmb": 27.179918933004917,
    "Jachen!!!: Rich sisterrivesani IndianIA": 26.12219946471358,
    "Dan Rog!!!: Rich sister equivalani Indianmb": 22.146509973837702,
    " Kamma!!!^*$ Rich sisteraalani IndianIA": 17.554379776425037,
    " Thamon!!!<h3> Rich sisteradereral IndianIA": 17.30688458832656,
    " Dan Nag!!!: Rich sister debeani Indian Chr": 16.23072814089454,
    "Dan Tam!: Rich sisteriansani Indian December": 15.814288509402774,
    "our childhood! Ali Ll717geneically Indianindivid": 15.359316555177333,
    "Jawn!!!: Rich sisterrivesani IndianIA": 13.632924672885302,
    "Dan Rog!: Rich sister equivalani Indianmb": 9.177708726441464,
    "Funuj!!!: Rich sisterrivesani IndianIA": 7.102002335857826,
    "Dan Chrome!!!: Rich sister debeani IndianMain": 5.313788957481539,
    "Dan Tam!: Rich sister equivalani Indianmb": 3.8160782873586747,
    " Dan terra!!!: Rich sisterrivesani Indian empre": 1.5365848141720178
}