{
    " Symood!!!<h3> Rich sisteradereral Indian Jen": 99.95274102079395,
    "MOood!!!<h3> Rich sisteradereral Indian Jen": 99.95274102079395,
    "AUmen!!!<h3> Rich sisteradereral Indian Jen": 99.3222252514602,
    " God worldwide!(( Rich krRLani Indian;;": 96.28139403811565,
    "Godomen!(( Rich krRLani Indian;;": 94.13024643472068,
    "Thamon!!!<h3> Rich sisteradereral Indian Jen": 93.7266546089617,
    "Thood!!!<h3> Rich sisteradereral Indian Jen": 90.91312532502194,
    "Godiness!(( Bab McKRLani Indian;;": 90.79303376558744,
    "Kamma!!!<h3> Rich sisteraalani IndianIA": 89.2634634338486,
    " marfing!!!<h3> Rich sisteraalani IndianIA": 86.17461669628057,
    "Dan terra!!!: Rich sisterrivesani Indian Pod": 85.6168122420967,
    "MO prize!!!<h3> Rich sisteradereral Indian Jen": 84.45329660406178,
    "marfing!!!<h3> Rich sisteradereral IndianIA": 83.0973820216924,
    "marfing!!!<h3> Rich sisteraaleral IndianIA": 82.36612392660338,
    "Godsend!(( Bab McKRLani Indian;;": 82.23726845680297,
    "God aesthetic!: Rich sisterraani Indian December": 74.68255783885563,
    " Godsend!(( Rich krRLani Indian;;": 73.21581385495091,
    " God wisdom!: Rich sisterraani Indian December": 72.06345245405545,
    "Dan Sar!!!: Rich sisterollani IndianMain": 66.04322555361952,
    " marfing!!!<h3> Rich sisteratilityeral IndianIA": 63.40620160505655,
    "Dan Rog!!!: Rich sisterollani IndianMain": 61.51988016258122,
    "Jachen!!!: Rich sisterwingani IndianIA": 55.92850878928143,
    "HoHA!!!: Rich sisterManagerani IndianIA": 53.38202054568712,
    "KK fab!: Rich sisterraani Indian December": 49.527052002937886,
    "God creature!(( Rich krRLani Indian;;": 45.094645530421474,
    " durfing!!!<h3> Rich sisteraalani IndianIA": 44.30714968009527,
    " Godmas!: Rich sisterraani Indian December": 41.44745638614012,
    "oh gym! Ali Ll717geneani Indian [\"": 40.25773000373256,
    "Dan terra!!!: Rich sisterrivesani Indian sacr": 40.23298017387634,
    "Dan Nag!!!: Rich sisterflushani Indian Chr": 37.537908810954335,
    "Damamma!!!<h3> Rich sisteraalani IndianIA": 32.75476058604001,
    "Dan terra!!!: Rich sisterflushani Indian sacr": 32.204625359710064,
    "Dan Tam!: Rich sisterutterani Indianmb": 27.36657659222768,
    "Jachen!!!: Rich sisterrivesani IndianIA": 23.135777183015094,
    "Dan Rog!!!: Rich sister equivalani Indianmb": 22.107233304264113,
    " Kamma!!!^*$ Rich sisteraalani IndianIA": 16.060421973805596,
    "our childhood! Ali Ll717geneically Indianindivid": 15.899240616863702,
    "Dan Tam!: Rich sisteriansani Indian December": 15.515876121558637,
    " Thamon!!!<h3> Rich sisteradereral IndianIA": 15.285427320362842,
    " Dan Nag!!!: Rich sister debeani Indian Chr": 14.811920156549489,
    "Jawn!!!: Rich sisterrivesani IndianIA": 12.592138525428112,
    "Dan Rog!: Rich sister equivalani Indianmb": 8.253009696046071,
    "Funuj!!!: Rich sisterrivesani IndianIA": 7.391113706508695,
    "Dan Chrome!!!: Rich sister debeani IndianMain": 5.793098841646155,
    "Dan Tam!: Rich sister equivalani Indianmb": 3.128975874842972,
    " Dan terra!!!: Rich sisterrivesani Indian empre": 1.5962053490800197
}