{
    "Have sunshine somandeober inspir<h1> Stacktown Assistant": 99.36573060346434,
    " Have sunshine somande Lopezmb<h1> Stacktown Assistant": 99.19729971624545,
    "Have sunshine somande periodic inspir<h1> Stacktown Assistant": 99.11011356488943,
    " Books Ricci NeuroMBaat !!<h1> Stack Shopping affiliate": 98.99289782256082,
    " Have sunshine somandeerd inspir<h1> Stacktown Assistant": 98.83948173082823,
    "Have sunshine somande892 inspir<h1> Stacktown Assistant": 98.76184197927543,
    " Have sunshine somandeookie Lil<h1> Stacktown Assistant": 98.73728078398591,
    "Mere genereveial Bing<h3> Stackarth affiliate": 98.72622215418383,
    "Have sunshine somandeaxy inspir<h1> Stacktown Assistant": 98.60842588754284,
    " Shenvious Neurodencing !!<h1> Stack Shopping affiliate": 98.42520954777586,
    "Have sunshine somande Lopez <<<h1> Stacktown Assistant": 98.22791011820908,
    "PYoureiven hurry !!<h1> Stackoder affiliate": 98.0238862103545,
    "().Youreiven hurry !!<h1> Stackoder affiliate": 97.92591191052415,
    " Have sunshine somandeake inspir<h1> Stacktown Assistant": 97.3668922254464,
    "undYoureiven hurry !!<h1> Stackoder affiliate": 97.2224956181165,
    " HAIB Neurokantera !!<h1> Stack Shopping affiliate": 97.19659792685452,
    "HA Chuck NeuroNUtera !!<h1> Stack Shopping affiliate": 97.00118871311665,
    "Kou sillyunderStand !!<h1> Stackaro affiliate": 96.84029217143613,
    "Marthed Neurodaze !!<h1> Stack Shopping affiliate": 96.49990582605601,
    "PYoupd lac hurry !!<h1> Stackoder affiliate": 96.41999787284426,
    "Have sunshine som monookie Lil<h1> Stacktown Assistant": 96.04306028336467,
    "Mad Flash Neurodinaze !!<h1> Stack Shopping affiliate": 95.46408374916076,
    "HAIB NeuroNUtera !!<h1> Stack Shopping affiliate": 95.2350938557307,
    "HA Chuck Neurodt613 !!<h1> Stack Shopping affiliate": 94.87067323046156,
    "justServreiven hurry !!<h1> Stackoder affiliate": 94.75426764206217,
    " Eselt Neurodencing !!<h1> Stack Shopping affiliate": 94.67284717217291,
    " Evan Ricci NeuroMBaat !!<h1> Stack Shopping affiliate": 94.57978783484785,
    " g Christmas somMBum !!<h1> Stack Shopping affiliate": 93.83667371322844,
    "DanIB NeuroMBtera !!<h1> Stack Shopping affiliate": 93.78651182578193,
    " HA Chuck Neurodt Hunt !!<h1> Stack Shopping affiliate": 93.74094052392248,
    "Have sunshine somandeelihood einz<h1> Stacktown Assistant": 93.17741123998272,
    " Louant Neurodinaze !!<h1> Stack Shopping affiliate": 91.66967492931937,
    "Mere lumunderlei Bing<h1> Stackarth affiliate": 91.44696329882295,
    "DanIB NeuroMBaat !!<h1> Stack Shopping affiliate": 90.76273426664442,
    " DanFX NeuroMBaat !!<h1> Stack Shopping affiliate": 90.71544876966114,
    "073 Ricci NeuroMBum !!<h1> Stack Shopping affiliate": 84.96057480220607,
    " Martinant Neurodaze !!<h1> Stack Shopping affiliate": 84.71205994107032,
    " Marthed Neurod484 !!<h1> Stack Shopping affiliate": 81.56987849984492,
    " Dan Sens Neurodinaze !!<h1> Stack Shopping affiliate": 81.25047574325747,
    " Kou sillyunderStand !!<h1> Stackou affiliate": 79.32482012346678,
    " Ottant Neurodaze !!<h1> Stack Shopping affiliate": 78.3594815817553
}