{
    "Have sunshine somandeober inspir<h1> Stacktown Assistant": 99.42915754311791,
    " Have sunshine somande Lopezmb<h1> Stacktown Assistant": 99.2775697446209,
    "Have sunshine somande periodic inspir<h1> Stacktown Assistant": 99.19910220840049,
    " Have sunshine somandeerd inspir<h1> Stacktown Assistant": 98.9555335577454,
    "Have sunshine somande892 inspir<h1> Stacktown Assistant": 98.83565778134789,
    "Have sunshine somandeaxy inspir<h1> Stacktown Assistant": 98.74758329878856,
    " Have sunshine somandeookie Lil<h1> Stacktown Assistant": 98.71355270558729,
    " Books Ricci NeuroMBaat !!<h1> Stack Shopping affiliate": 98.44360804030474,
    "Have sunshine somande Lopez <<<h1> Stacktown Assistant": 98.40511910638817,
    "Mere genereveial Bing<h3> Stackarth affiliate": 98.05359993876546,
    " Shenvious Neurodencing !!<h1> Stack Shopping affiliate": 97.63268859299828,
    " Have sunshine somandeake inspir<h1> Stacktown Assistant": 97.63020300290177,
    "().Youreiven hurry !!<h1> Stackoder affiliate": 96.23332071947175,
    "HA Chuck NeuroNUtera !!<h1> Stack Shopping affiliate": 95.951069841805,
    "Have sunshine som monookie Lil<h1> Stacktown Assistant": 95.93875425502821,
    "PYoureiven hurry !!<h1> Stackoder affiliate": 95.57149758931905,
    " HAIB Neurokantera !!<h1> Stack Shopping affiliate": 95.47693813416906,
    "Marthed Neurodaze !!<h1> Stack Shopping affiliate": 94.69991524345039,
    "undYoureiven hurry !!<h1> Stackoder affiliate": 94.25024605630483,
    "HA Chuck Neurodt613 !!<h1> Stack Shopping affiliate": 93.8336059074154,
    " Evan Ricci NeuroMBaat !!<h1> Stack Shopping affiliate": 93.57180905136308,
    "Mad Flash Neurodinaze !!<h1> Stack Shopping affiliate": 93.56767537424469,
    "HAIB NeuroNUtera !!<h1> Stack Shopping affiliate": 93.56158447015761,
    " Eselt Neurodencing !!<h1> Stack Shopping affiliate": 93.30556245495562,
    " HA Chuck Neurodt Hunt !!<h1> Stack Shopping affiliate": 93.26684647153024,
    "PYoupd lac hurry !!<h1> Stackoder affiliate": 93.12799808555984,
    "Have sunshine somandeelihood einz<h1> Stacktown Assistant": 92.90967011598447,
    "Kou sillyunderStand !!<h1> Stackaro affiliate": 92.65626295429253,
    "DanIB NeuroMBtera !!<h1> Stack Shopping affiliate": 92.00786064320374,
    " g Christmas somMBum !!<h1> Stack Shopping affiliate": 90.95300634190559,
    "justServreiven hurry !!<h1> Stackoder affiliate": 90.92884087785596,
    " Louant Neurodinaze !!<h1> Stack Shopping affiliate": 90.05270743638746,
    "Mere lumunderlei Bing<h1> Stackarth affiliate": 90.00226696894066,
    " DanFX NeuroMBaat !!<h1> Stack Shopping affiliate": 89.89390389269502,
    "DanIB NeuroMBaat !!<h1> Stack Shopping affiliate": 89.13646083997999,
    " Martinant Neurodaze !!<h1> Stack Shopping affiliate": 82.9908539469633,
    "073 Ricci NeuroMBum !!<h1> Stack Shopping affiliate": 82.91451732198546,
    " Marthed Neurod484 !!<h1> Stack Shopping affiliate": 81.41289064986043,
    " Dan Sens Neurodinaze !!<h1> Stack Shopping affiliate": 80.27542816893173,
    " Ottant Neurodaze !!<h1> Stack Shopping affiliate": 78.87353342357977,
    " Kou sillyunderStand !!<h1> Stackou affiliate": 71.7923381111201
}