{
    "ivanfoaranks<h3>project context management": 96.4618691564136,
    "ivanfwbanks<h3>project context management": 94.69350609736868,
    "take twefundda payment<h3> Virtual env": 94.37561528410143,
    "Use Git. arkyajacker [ Internal cleanup": 94.05379510960584,
    " def sendosofen crusher<h2>USER Dimdirxx": 93.06924207319136,
    "ex035 Square magnet crusher<h2>USER Dimdir Hay": 92.03664699477613,
    " Yongeda Kos payment<h3> Virtual env": 91.31473276100803,
    " Minonetryorus payment<h3> Virtual env": 91.14013111535778,
    " DRorrow Passoes payment<h3> Virtual env": 89.44591032805788,
    "Lutorfox.: September cleanup ([@andy": 89.38832188625393,
    "DRody Passoes payment<h3> Virtual env": 88.8552949264182,
    " DrZo Withks<h3> proyect context management": 88.84516800230261,
    " Mneal Sund payment<h3> Virtual environment": 88.38247579141948,
    "<h5> Oxirthipment Library manager": 86.33650027263143,
    " JackWriter Hassaffer<h2>PirtualENV": 82.61076504217331,
    "w Philip.(Project cleanupgang": 82.43473157989192,
    " A childcare<h3> einer Virtual Virtual environment": 82.1550534569721,
    "Compak!!! ![soft853": 82.09510149285052,
    "129 palace Dr<h3> Cleanpy": 81.23592049368361,
    "John Bwbanks<h3> Environment context management": 80.69314430888365,
    "JohnCaperanciaository management": 80.47139118852965,
    "Oraq634rik<h2> Virtual CONainer": 80.18984936755818,
    "using Oac framework<br>191": 79.20355475820661,
    " MPesa Turk Tyler<h3> Virtualesh environment": 79.0968171213677,
    "Black Hans.(Project cleanupgang": 78.20533689617588,
    "-WilberryDA day cleanup ([@orne": 77.8571197795097,
    " @grandreenRTifact management": 77.14113262730109,
    "Your GoGalSuricks companion. compress oct=\"@": 75.8823698636499,
    " Lildcare<h3>Create Virtualser environment": 75.1415647954003,
    " @binomchenRTifact management": 74.21786805098064,
    "My JimalsBITorifierized directory": 74.00153000407657,
    "Fibo kid approval<h3> PirtualENV": 73.51090124321072,
    " BaseBankigh<h3> einer Virtualm environment": 72.8105767802889,
    "OdembekRTifact management": 70.56337247070574,
    "Nandra ACTFramework project directory": 69.7862457879736,
    "A childcare<h3>inem Virtual Virtual environment": 67.90116709754471,
    "My Rayyalenumkam companion.OMgzip": 64.48848841789494,
    "In Aktori Technahoginery directory": 63.94419914306012,
    "hidden<h2> Standard Jacache Management": 62.94981618163502,
    "650 Angel Dr<b> Cleanpy": 61.40858017800451,
    " In KyleAippators Enguda directory": 60.59961496187461,
    "=>ERICvanMer<h4> Environment context activation": 58.93983904712596,
    "My GregsFORDlawsley works folder": 58.373689520117104,
    " using oxidway framework Foodservices": 57.41398235091419,
    " At Schgiving\\! Automount": 57.032034764949294,
    "using APORK framework VMImage": 55.807474630370855,
    "using HabPACK framework Fedlder": 50.840380611806694,
    " BG960<h3> Issue cleanup Ross": 48.466682061311396,
    "An Ox Frimiana resident.PROOMzip": 43.70304561688377,
    "In Dougovesiciente Martaztools directory": 43.157772747522664,
    "hat<h3> Project Treemelly": 38.497982498840386,
    "Use Git.tereheast Stone tradeliind integer": 35.02809422325274,
    " Music Arkes Mobomo# Virtual environment": 33.88818155704361,
    "In Johannes Nedrittathan Kolizers directory": 31.51129814983318,
    " using ogphin framework Mount(\"%": 5.75,
    " LuanMX.: September cleanup ([@ Scott": 5.5,
    "In Kyle LaAPIatorsmerzicky directory": 2.0,
    "Erkkronasa virtual Vir environment AC": 1.0,
    " pouuurray!!! Auto mounted": 0.75,
    " Use Git. arkyajacker [Two cleanup": 0.5,
    "Every Tour Mahhh K Ever!izard compress vom": 0.0,
    "umay Mahhhunkastic!Stack compress vom": 0.0
}