{
    "ivanfoaranks<h3>project context management": 95.96568224077224,
    "ivanfwbanks<h3>project context management": 94.92415548763182,
    "Use Git. arkyajacker [ Internal cleanup": 94.39841559864527,
    "take twefundda payment<h3> Virtual env": 93.1380537556913,
    " def sendosofen crusher<h2>USER Dimdirxx": 92.56231786587222,
    "ex035 Square magnet crusher<h2>USER Dimdir Hay": 91.13298229529855,
    " Yongeda Kos payment<h3> Virtual env": 90.23325948490722,
    " Minonetryorus payment<h3> Virtual env": 89.226118003822,
    " Mneal Sund payment<h3> Virtual environment": 87.84422821227751,
    " DrZo Withks<h3> proyect context management": 87.31065120207234,
    "Lutorfox.: September cleanup ([@andy": 87.29948969762853,
    "DRody Passoes payment<h3> Virtual env": 87.21976543377637,
    " DRorrow Passoes payment<h3> Virtual env": 86.8513192952521,
    "<h5> Oxirthipment Library manager": 83.95285024536828,
    "w Philip.(Project cleanupgang": 81.29125842190271,
    "John Bwbanks<h3> Environment context management": 80.37382987799529,
    "Compak!!! ![soft853": 79.68559134356548,
    " A childcare<h3> einer Virtual Virtual environment": 79.2395481112749,
    "Black Hans.(Project cleanupgang": 79.0848032065583,
    " JackWriter Hassaffer<h2>PirtualENV": 77.84968853795598,
    "Oraq634rik<h2> Virtual CONainer": 77.17086443080237,
    "129 palace Dr<h3> Cleanpy": 76.81232844431526,
    " MPesa Turk Tyler<h3> Virtualesh environment": 76.73713540923093,
    "JohnCaperanciaository management": 76.47425206967668,
    "-WilberryDA day cleanup ([@orne": 74.82140780155873,
    "using Oac framework<br>191": 74.53319928238595,
    "Your GoGalSuricks companion. compress oct=\"@": 74.14413287728492,
    " Lildcare<h3>Create Virtualser environment": 73.42740831586028,
    " @grandreenRTifact management": 72.62701936457097,
    "My JimalsBITorifierized directory": 72.40137700366891,
    " @binomchenRTifact management": 71.14608124588258,
    " BaseBankigh<h3> einer Virtualm environment": 70.37951910226,
    "Fibo kid approval<h3> PirtualENV": 67.80981111888966,
    "Nandra ACTFramework project directory": 66.55762120917623,
    "OdembekRTifact management": 66.35703522363517,
    "A childcare<h3>inem Virtual Virtual environment": 65.96105038779024,
    "In Aktori Technahoginery directory": 63.449779228754096,
    "hidden<h2> Standard Jacache Management": 61.154834563471525,
    "My Rayyalenumkam companion.OMgzip": 60.58963957610546,
    "650 Angel Dr<b> Cleanpy": 60.51772216020407,
    "My GregsFORDlawsley works folder": 57.786320568105396,
    "=>ERICvanMer<h4> Environment context activation": 57.045855142413366,
    " In KyleAippators Enguda directory": 56.83965346568714,
    " using oxidway framework Foodservices": 53.67258411582277,
    " At Schgiving\\! Automount": 52.77883128845436,
    "using APORK framework VMImage": 51.276727167333775,
    " BG960<h3> Issue cleanup Ross": 50.070013855180264,
    "using HabPACK framework Fedlder": 46.15634255062602,
    "An Ox Frimiana resident.PROOMzip": 42.38274105519539,
    "In Dougovesiciente Martaztools directory": 40.74199547277039,
    "hat<h3> Project Treemelly": 37.99818424895635,
    "Use Git.tereheast Stone tradeliind integer": 35.275284800927466,
    " Music Arkes Mobomo# Virtual environment": 34.94936340133925,
    "In Johannes Nedrittathan Kolizers directory": 29.960168334849865,
    " using ogphin framework Mount(\"%": 5.175,
    " LuanMX.: September cleanup ([@ Scott": 4.95,
    "In Kyle LaAPIatorsmerzicky directory": 1.8,
    "Erkkronasa virtual Vir environment AC": 0.9,
    " pouuurray!!! Auto mounted": 0.675,
    " Use Git. arkyajacker [Two cleanup": 0.45,
    "Every Tour Mahhh K Ever!izard compress vom": 0.0,
    "umay Mahhhunkastic!Stack compress vom": 0.0
}