{
    "G years!!! M602aining Philosophy<h5>PDante": 99.04101417167351,
    "Gadi!!! M889aining Philosophy<h5>PDante": 98.95022704950884,
    "Gorious!!!<h1>55aining Philosophy<h5>PDante": 98.35346241900612,
    "G bro!!! M602aining Philosophy<h5>PDante": 96.82473833404144,
    "usc Revolution!!!inerimm projeto Philosophy<h5>LDante": 95.38020300290177,
    "Gadi!!!<h1>55aining Philosophy<h5>PDante": 94.770462535971,
    " Hi Barbara!!! Bu576aining Philosophy<h5>ODante": 93.39468351534563,
    "Goci!!! M602aining Philosophy<h5>PDante": 93.30527804104437,
    "Dam Jacob!!!staltaining Philosophy</h3>PDante": 93.22268646010896,
    "izi Fun!!!emy Leonions Philosophy [@ODante": 92.97360863372958,
    " ras Revolution!!!inerimm projeto Philosophy<h5>LDante": 92.59211828591381,
    "DK Marc!!! Bu576aining Philosophy<h5>ILDante": 92.45351569823745,
    "... Jacob!!! Bu576aining Philosophy<h5>ILDante": 90.7244122943869,
    " Gadi!!!=-55aining Philosophy<h5>PDante": 88.98837970934224,
    "ec Revolution!!!ferimm Sad Philosophy<h5>LDante": 85.31874998924955,
    "ye Barbara!!! Bu576aining Philosophy<h5>ILDante": 84.39008430073052,
    "KK Barbara!!! Bu576aining Philosophy<h5>ILDante": 80.18257764835192,
    "Y ISIS!!!staltaining Philosophy</h3>PDante": 77.93105985678679,
    "Y ISIS!!! OBentreaining Philosophy</h3>PDante": 75.23957223528521,
    "Ali Jacob!!!staltaining Philosophy</h3>PDante": 74.04571052735689,
    "irm Revolution!!! Kurt Leonions Philosophy [@ODante": 67.18054929640454,
    " QUbert!!!<h1>55aining Philosophy<h5>PDante": 64.94657262746163,
    " Ali ISIS!!!staltaining Philosophy</h3>PDante": 62.91676119895901,
    " Mobak!!! Bu576aining Philosophy<h5>ILDante": 56.28561417752176,
    "Hi Barbara!!! Bu576aining Philosophy<h5>ATEDante": 54.420611709218385,
    "APasion!!!amar irraining Philosophy [@ODante": 53.885861609884216,
    " Yanka!!!osoentreaining Philosophy</h3>PDante": 53.54687407008606,
    " Balaa!!!<h1>55aining Philosophy<h5>PDante": 52.84315587636811,
    " king today!!! PCONTaining Philosophy<h5>PDante": 43.21175544531805,
    "And Jacob!!! Bu576aining Philosophy<h5>ILDante": 38.95467322071449,
    " Jackdocker!!! abrir emaining Philosophy<h5>ATEDante": 36.92505723539703,
    "Yanka!!!dentreising Philosophy \"{PDante": 5.175,
    "CL masters!!!olielloions Philosophy [@ODante": 4.275,
    "Jackambda!!! abrir emaining Philosophy<h5>ATEDante": 4.275,
    " also Barbara!!! Bu576aining Philosophy<h5>ODante": 4.275,
    "Ptr Revolution!!!emy Leonions Philosophy [@ODante": 3.825,
    "Uri masters!!!fieldelloions Philosophy [@ODante": 3.6,
    " ye Marc!!! Bu576aining Philosophy<h5>ILDante": 3.375,
    " Taa!!!<h1>55aining Philosophy<h5>PDante": 2.9250000000000003,
    " Okar!!!olielloomp Philosophy [@ODante": 2.9250000000000003,
    "Yrael!!!osoentreaining Philosophy</h3>PDante": 2.9250000000000003,
    "Kit Len!!! oaronions Philosophy [@ODante": 2.025,
    "I Mario!!! Bu576aining Philosophy([ LDante": 1.5750000000000002,
    " Yanka!!!dentreaining Philosophy \"{PDante": 1.125,
    " Shaalla!!!<h1>55aining Philosophy<h5>PDante": 1.125,
    " GOPak!!! Bu576aining Philosophy<h5>ILDante": 0.9,
    "Startar!!!oli irraining Philosophy [@ODante": 0.675,
    " Kit Len!!!emyaronions Philosophy [@ODante": 0.675,
    "ibilities Revolution!!! Kurt Leonions Philosophy [@ODante": 0.45,
    "IX masters!!!fieldelloions Philosophy [@ODante": 0.225,
    "aman golden!!!emy Leonions Philosophy [@ODante": 0.225,
    "...... Pedro!!! Bu576aining Philosophy([ LDante": 0.0,
    " Kit Len!!!nhoaronions Philosophy [@ODante": 0.0,
    " Kit Len!!! ohelloions Philosophy [@ODante": 0.0,
    " IX masters!!! ohelloions Philosophy [@ODante": 0.0,
    " John Frank!!! Bu emaining Philosophy<h5>ATEDante": 0.0
}