{
    "G years!!! M602aining Philosophy<h5>PDante": 99.54557130185945,
    "Gadi!!! M889aining Philosophy<h5>PDante": 99.16691894389871,
    "Gorious!!!<h1>55aining Philosophy<h5>PDante": 98.3927360211179,
    "G bro!!! M602aining Philosophy<h5>PDante": 97.69415370449047,
    "usc Revolution!!!inerimm projeto Philosophy<h5>LDante": 97.3668922254464,
    " Hi Barbara!!! Bu576aining Philosophy<h5>ODante": 95.43853723927293,
    "Gadi!!!<h1>55aining Philosophy<h5>PDante": 95.30051392885669,
    "Dam Jacob!!!staltaining Philosophy</h3>PDante": 94.8029849556766,
    "Goci!!! M602aining Philosophy<h5>PDante": 94.7280867122715,
    "DK Marc!!! Bu576aining Philosophy<h5>ILDante": 93.72612855359716,
    " ras Revolution!!!inerimm projeto Philosophy<h5>LDante": 93.32457587323758,
    "izi Fun!!!emy Leonions Philosophy [@ODante": 93.19289848192176,
    " Gadi!!!=-55aining Philosophy<h5>PDante": 90.15375523260246,
    "... Jacob!!! Bu576aining Philosophy<h5>ILDante": 89.80490254931875,
    "ec Revolution!!!ferimm Sad Philosophy<h5>LDante": 85.79861109916617,
    "ye Barbara!!! Bu576aining Philosophy<h5>ILDante": 84.37787144525612,
    "KK Barbara!!! Bu576aining Philosophy<h5>ILDante": 80.59175294261323,
    "Y ISIS!!!staltaining Philosophy</h3>PDante": 79.701177618652,
    "Y ISIS!!! OBentreaining Philosophy</h3>PDante": 78.15508026142801,
    "Ali Jacob!!!staltaining Philosophy</h3>PDante": 74.27301169706321,
    "irm Revolution!!! Kurt Leonions Philosophy [@ODante": 69.08949921822726,
    " QUbert!!!<h1>55aining Philosophy<h5>PDante": 64.05174736384626,
    " Ali ISIS!!!staltaining Philosophy</h3>PDante": 62.40751244328779,
    "APasion!!!amar irraining Philosophy [@ODante": 57.09540178876024,
    " Yanka!!!osoentreaining Philosophy</h3>PDante": 54.8298600778734,
    " Mobak!!! Bu576aining Philosophy<h5>ILDante": 54.76179353057972,
    "Hi Barbara!!! Bu576aining Philosophy<h5>ATEDante": 52.6895685657982,
    " Balaa!!!<h1>55aining Philosophy<h5>PDante": 51.32572875152012,
    " king today!!! PCONTaining Philosophy<h5>PDante": 43.290839383686716,
    " Jackdocker!!! abrir emaining Philosophy<h5>ATEDante": 40.36117470599669,
    "And Jacob!!! Bu576aining Philosophy<h5>ILDante": 38.00519246746054,
    "Yanka!!!dentreising Philosophy \"{PDante": 5.75,
    "CL masters!!!olielloions Philosophy [@ODante": 4.75,
    "Jackambda!!! abrir emaining Philosophy<h5>ATEDante": 4.75,
    " also Barbara!!! Bu576aining Philosophy<h5>ODante": 4.75,
    "Ptr Revolution!!!emy Leonions Philosophy [@ODante": 4.25,
    "Uri masters!!!fieldelloions Philosophy [@ODante": 4.0,
    " ye Marc!!! Bu576aining Philosophy<h5>ILDante": 3.75,
    " Taa!!!<h1>55aining Philosophy<h5>PDante": 3.25,
    " Okar!!!olielloomp Philosophy [@ODante": 3.25,
    "Yrael!!!osoentreaining Philosophy</h3>PDante": 3.25,
    "Kit Len!!! oaronions Philosophy [@ODante": 2.25,
    "I Mario!!! Bu576aining Philosophy([ LDante": 1.7500000000000002,
    " Yanka!!!dentreaining Philosophy \"{PDante": 1.25,
    " Shaalla!!!<h1>55aining Philosophy<h5>PDante": 1.25,
    " GOPak!!! Bu576aining Philosophy<h5>ILDante": 1.0,
    "Startar!!!oli irraining Philosophy [@ODante": 0.75,
    " Kit Len!!!emyaronions Philosophy [@ODante": 0.75,
    "ibilities Revolution!!! Kurt Leonions Philosophy [@ODante": 0.5,
    "IX masters!!!fieldelloions Philosophy [@ODante": 0.25,
    "aman golden!!!emy Leonions Philosophy [@ODante": 0.25,
    "...... Pedro!!! Bu576aining Philosophy([ LDante": 0.0,
    " Kit Len!!!nhoaronions Philosophy [@ODante": 0.0,
    " Kit Len!!! ohelloions Philosophy [@ODante": 0.0,
    " IX masters!!! ohelloions Philosophy [@ODante": 0.0,
    " John Frank!!! Bu emaining Philosophy<h5>ATEDante": 0.0
}