{
    "httpocrHzMonitorUTFMessage*. Using memory efficiently": 97.34233103015688,
    " httpocrHzMonitorVarMessage\". Using memory efficiently": 96.63810487049865,
    "pnstringseq`. Memory efficiently": 95.77839666925252,
    "httpocrHzMonitorVarMessage{. Using memory efficiently": 95.73844269264664,
    "vineches<h4>$.Full Response with memory stats,,": 95.73134022852878,
    "psGNGeV $. Memory efficiently": 94.85122953615965,
    "razula dolor'. Memory efficiently": 94.66592044208144,
    " httpocrHzMonitorchartMessage]. Using memory efficiently": 94.44173771997572,
    "psdy249`. Memory efficiently": 93.88327146807575,
    "vinochen<h4>$.Full Response with memory stats,,": 93.41635261018064,
    "psKLpdw']. Memory efficiently.": 93.19726001124926,
    "765131 dolor'. Memory efficiently": 92.48494607287486,
    "); Use memory accounting. Comp": 92.03712001458621,
    "); Use memory accounting. Bir": 92.00862945806837,
    "gipher dolor\". Memory efficiently": 91.44894854863188,
    "ps nd Integer $. Memory efficiently": 90.84709820980635,
    "pn269uv`. Memory efficiently": 89.36833851935053,
    " pskpdw']. Memory efficiently.": 88.60488984945357,
    "); Use memory accounting. Figures": 88.50190612649524,
    "534562rewiah']. Memory efficiently.": 88.36295082371383,
    " G569omo McSpec Netflix.- including memory metrics": 88.30984574967334,
    "534sinrpiah']. Memory efficiently.": 87.60000226476151,
    "tags22keRTatsmus.[Record memory statistics": 86.98929441498345,
    "163`. Present memory stictaticstics.,": 86.65298636040211,
    ".; Use memory accounting. Bir": 85.81365384582307,
    "Use efficient concepts. Withprocessullmemory": 84.8673665353105,
    "175811982 homework Kristilda WITH memory monitoring ($\\": 84.69780169060147,
    "Use memory efficientlyPs English Network": 84.63577159278097,
    "</atrMicrosoft`. Memory efficiently": 84.53286828319037,
    "Use Joy objects. Print processsdmemory": 84.3967086708258,
    "neqsinrpiah']. Memory efficiently.": 84.29362905385145,
    ".). Use memory profiles. fer": 84.09894986735378,
    "231289321`. Memory efficiently": 84.00455346069893,
    " Use best practices.utt process resourcememory": 82.00347397215663,
    "Use best practices.661 processagensmemory": 81.24815450604405,
    "Use best practices. Por process resource meg": 81.05200179116835,
    "?). Use Memory accounting. Fit": 80.50625504196117,
    " pbke rhw\"]. Memory efficiently.": 79.24634413022551,
    "), Use Memory accounting. Kon": 78.94841102612044,
    " vin mass<h4>$.Full Response with memory stats,,": 78.25146163121312,
    "Use memory efficientlyPsMB Network": 76.66651802377483,
    "Use best practices. tem process resource meg": 75.58011550857083,
    " Use memory effectively{\\ psBlobNet": 73.43997292606613,
    " Use memory effectively~ pscssNet": 72.3078916045004,
    " Use memory effectively{\\ ps infNet": 70.76088877268847,
    " Use memory effectively{\\ psgrNet": 69.41075406238014,
    "Usese memory efficiently ps paired": 68.5142635540243,
    " Process memory efficientlyuzz dolor quNet": 68.0418092176367,
    "Use DE practices. Process processesnelmemory": 66.8514227575851,
    " Use best practices.con process resource meg": 66.58420856332131,
    "Process memory efficientlyous pbspanNet": 66.15116623750869,
    " vin digits<h4>$.Full Response with memory stats,,": 65.13748793799485,
    "vin clarify<h4>$.Full Response with memory stats,,": 64.46090161589301,
    " Use memory effectivelyHer pscssNet": 64.29656392676392,
    " Use memory efficiently PS squxmlNet": 64.0464152838721,
    "Do memory tracking wasnNet Oktober": 62.81464159719009,
    "Use memory efficiently PSibr lenNet": 62.148440496688,
    " Using memory efficientlyly pscssNet": 61.44915696402698,
    " Use memory effectively pier pscssNet": 60.82735006275396,
    " Handle memory efficiently594pdPrecNet": 60.80720343234641,
    "t560<h4>484agers Response with memory metrics April": 60.790756820228964,
    " Use memory effectively AlsoPromstraNet": 59.816778069998904,
    " Use memory effectivelybig pscssNet": 57.79687568982056,
    "MemoryefficientandalNetwork occup monitoring.\\\\ Sher": 57.51557453559488,
    " vinecc<h4>$.Full Response with memory stats,,": 55.96296785242699,
    " Use memory efficiently PSptxmlNet": 53.93535825947057,
    " Use memory effectivelyanta PrscarNet": 53.71334899172244,
    "Do memory tracking wasn {$\\ici": 53.4327228224318,
    " Use memory efficiently PSspringxmlNet": 51.400724609013295,
    " Use memory effectivelybr psbooksNet": 50.76645492579896,
    " Use memory effectively ber pscssNet": 50.254410408041224,
    "Process memory efficientlyms pbspanNet": 49.628457273123935,
    " Use memory efficiently PS PartscssNet": 49.40241228635989,
    " Handyle memory effectively ps\\+NETabb": 47.90632731365456,
    " Use memory effectivelyicz psBlobNet": 46.39047613314046,
    " Use memory effectively whereas psxiNet": 45.868467238074594,
    "Use DE practices.Process processresourcesmemory": 43.777458943313874,
    " Use memory efficientlyPlometscssNet": 43.17798703409699,
    " Use memory effectivelyphStar plainNet": 40.7754620830187,
    " Process memory efficientlyiah dolor pacNet": 35.8116889501999,
    " Use memory effectivelyph informativebindNet": 34.31653768993179,
    "God forbidden. Processendo memRUsage totNet": 33.34691616884915,
    "using good practicesilbuMemprofileps": 30.92690654217932,
    " Using memory trackingmart Kim Chinese": 30.37687982372702,
    "Monitor memory efficientlyPsCl Net": 29.20927199097765,
    " Use memory efficientlyPsCl Net": 28.61898182629222,
    " Using memory efficientlyaka pscssNet": 26.310421687126922,
    " HEHe.<h5>Memory profNetworkMeta": 22.79282707026437,
    " oMayara '''Full Response with memory stats posting": 22.49402848324621,
    " Use memory effectively pasaPromstraNet": 19.185023992138127,
    "hawBHapyeda''. Memory efficientlyPhoto": 19.125125923607012,
    " Memoryefficientandalstudility monitoring [\"mars": 16.29882352806269,
    " HEesh.<h5>Memory profNetworkarius": 10.067727693102453,
    "Do memory trackingacNet Court": 6.0,
    "Do memory tracking INTNetiterator": 4.75,
    "Do memory tracking prttgraph": 4.75,
    "neteHehan<h5>Memory profbstDesc": 4.2758429356354775,
    " heyeforehan<h4>Memory profbar Sal": 2.6640690712127024,
    " Prady Net Rah\"]. Memory efficiently Lar": 2.577707121040896,
    "Do memory tracking wasn Networksintage": 2.25,
    "BenMAPoma AriFigoel examples.[Mem prof": 2.0,
    "pdsqort146ux Memory efficiently nts": 1.7500000000000002,
    " Hot Friday. pixista memRUsageUTNet": 1.446718618575746,
    " Pasashar art!!!?) memusage:(Net": 1.1372399609428976,
    " Camtraasted!ehstim [{ PS Mem Net": 1.0374829497859372,
    "FM560 MDmaraz Response with memory metrics pal": 1.0,
    "Do memory tracking prwaternam": 0.75,
    " Camtraulous!ehpected [{ PS Mem Net": 0.43173091422402105,
    " Consutch Restaurant028 $. Memory efficientlyVi": 0.37469619227653256,
    " Bestech sung!abella LED.[ PS Mem Net": 0.33139337875470226,
    " Prasma NetWhe.[ Memory efficiently pm": 0.32557380169748174,
    "as168jkoci`. Memory efficiently cryptocur": 0.25,
    "Do memory trackinginet persgraph": 0.25,
    "par869dzfdol Memory efficientlyptr": 0.0,
    "psdxjfaoul Memory efficiently prec": 0.0,
    " Graphmelons art!!!{{ pusageMemoryNet": 0.0,
    " Je Te plenny Ma creativity! PSutil Net": 0.0,
    " Berveryopoplatinum creativity! PSutil Net": 0.0,
    " Jesett NASA!bjectxa total PS Mem Net": 0.0,
    "Start memory tracking therefore horizDescriptor": 0.0,
    "(`'). Present memory alocaaticstics halo": 0.0,
    "<br>Expolr memory peratisticspb nec": 0.0
}