{
    "httpocrHzMonitorUTFMessage*. Using memory efficiently": 95.1580979271412,
    " httpocrHzMonitorVarMessage\". Using memory efficiently": 94.6242943834488,
    "httpocrHzMonitorVarMessage{. Using memory efficiently": 93.91459842338196,
    "pnstringseq`. Memory efficiently": 93.50055700232727,
    "vineches<h4>$.Full Response with memory stats,,": 93.25820620567589,
    " httpocrHzMonitorchartMessage]. Using memory efficiently": 91.79756394797813,
    "psKLpdw']. Memory efficiently.": 91.52753401012434,
    "psGNGeV $. Memory efficiently": 91.51610658254369,
    "); Use memory accounting. Bir": 91.45776651226153,
    "); Use memory accounting. Comp": 91.2334080131276,
    "razula dolor'. Memory efficiently": 90.64932839787332,
    "psdy249`. Memory efficiently": 90.64494432126818,
    "ps nd Integer $. Memory efficiently": 89.21238838882573,
    "gipher dolor\". Memory efficiently": 88.6540536937687,
    "765131 dolor'. Memory efficiently": 88.48645146558738,
    "vinochen<h4>$.Full Response with memory stats,,": 88.02471734916259,
    "); Use memory accounting. Figures": 87.15171551384572,
    "pn269uv`. Memory efficiently": 85.98150466741548,
    "Use memory efficientlyPs English Network": 84.47219443350288,
    "534562rewiah']. Memory efficiently.": 83.92665574134246,
    " pskpdw']. Memory efficiently.": 83.2944008645082,
    "Use Joy objects. Print processsdmemory": 83.15703780374321,
    " G569omo McSpec Netflix.- including memory metrics": 83.128861174706,
    ".). Use memory profiles. fer": 82.88905488061842,
    "Use efficient concepts. Withprocessullmemory": 82.48062988177944,
    "534sinrpiah']. Memory efficiently.": 82.44000203828536,
    ".; Use memory accounting. Bir": 81.38228846124076,
    "163`. Present memory stictaticstics.,": 81.18768772436191,
    "231289321`. Memory efficiently": 81.15409811462904,
    "tags22keRTatsmus.[Record memory statistics": 80.54036497348511,
    "</atrMicrosoft`. Memory efficiently": 80.42958145487134,
    " Use best practices.utt process resourcememory": 79.25312657494096,
    "neqsinrpiah']. Memory efficiently.": 79.11426614846631,
    "175811982 homework Kristilda WITH memory monitoring ($\\": 78.37802152154133,
    "Use best practices.661 processagensmemory": 77.82333905543965,
    "), Use Memory accounting. Kon": 77.00356992350841,
    "Use memory efficientlyPsMB Network": 76.44986622139736,
    " pbke rhw\"]. Memory efficiently.": 76.37170971720296,
    " vin mass<h4>$.Full Response with memory stats,,": 76.32631546809182,
    "Use best practices. Por process resource meg": 76.09680161205152,
    "?). Use Memory accounting. Fit": 74.00562953776505,
    " Use memory effectively{\\ psBlobNet": 71.14597563345953,
    "Use best practices. tem process resource meg": 71.07210395771376,
    " Use memory effectively{\\ ps infNet": 70.53479989541964,
    " Use memory effectively~ pscssNet": 69.97710244405037,
    "Usese memory efficiently ps paired": 67.91283719862187,
    " Use memory effectively{\\ psgrNet": 67.66967865614212,
    " vin digits<h4>$.Full Response with memory stats,,": 65.82373914419536,
    " Process memory efficientlyuzz dolor quNet": 65.68762829587303,
    " Use memory efficiently PS squxmlNet": 64.29177375548488,
    "Use DE practices. Process processesnelmemory": 64.06628048182658,
    "Process memory efficientlyous pbspanNet": 63.88604961375783,
    " Use memory effectivelyHer pscssNet": 62.716907534087525,
    "Use memory efficiently PSibr lenNet": 62.48359644701922,
    "vin clarify<h4>$.Full Response with memory stats,,": 61.814811454303715,
    " Use best practices.con process resource meg": 61.42578770698917,
    "Do memory tracking wasnNet Oktober": 61.18317743747109,
    " Handle memory efficiently594pdPrecNet": 58.126483089111765,
    " Using memory efficientlyly pscssNet": 57.95424126762429,
    " Use memory effectively pier pscssNet": 57.79461505647856,
    "t560<h4>484agers Response with memory metrics April": 57.71168113820607,
    " Use memory effectively AlsoPromstraNet": 56.285100262999016,
    "MemoryefficientandalNetwork occup monitoring.\\\\ Sher": 55.36401708203539,
    " Use memory effectivelybig pscssNet": 55.0671881208385,
    " vinecc<h4>$.Full Response with memory stats,,": 53.81667106718429,
    " Use memory efficiently PSptxmlNet": 52.69182243352352,
    " Use memory effectivelyanta PrscarNet": 51.5420140925502,
    " Use memory efficiently PSspringxmlNet": 50.26065214811197,
    "Do memory tracking wasn {$\\ici": 50.08945054018862,
    " Use memory effectivelybr psbooksNet": 49.73980943321906,
    " Use memory efficiently PS PartscssNet": 49.46217105772389,
    " Use memory effectively ber pscssNet": 49.3789693672371,
    "Process memory efficientlyms pbspanNet": 48.86561154581154,
    " Handyle memory effectively ps\\+NETabb": 46.11569458228911,
    " Use memory effectivelyicz psBlobNet": 44.201428519826415,
    " Use memory effectively whereas psxiNet": 42.881620514267134,
    " Use memory efficientlyPlometscssNet": 42.1601883306873,
    "Use DE practices.Process processresourcesmemory": 41.8997130489825,
    " Use memory effectivelyphStar plainNet": 38.797915874716836,
    " Process memory efficientlyiah dolor pacNet": 35.13052005517991,
    "God forbidden. Processendo memRUsage totNet": 32.06222455196424,
    " Use memory effectivelyph informativebindNet": 32.03488392093861,
    " Use memory efficientlyPsCl Net": 30.707083643662997,
    "Monitor memory efficientlyPsCl Net": 29.88834479187988,
    "using good practicesilbuMemprofileps": 29.38421588796139,
    " Using memory trackingmart Kim Chinese": 27.739191841354316,
    " Using memory efficientlyaka pscssNet": 25.579379518414232,
    " oMayara '''Full Response with memory stats posting": 21.094625634921588,
    " HEHe.<h5>Memory profNetworkMeta": 20.513544363237934,
    " Use memory effectively pasaPromstraNet": 18.71652159292431,
    "hawBHapyeda''. Memory efficientlyPhoto": 17.412613331246316,
    " Memoryefficientandalstudility monitoring [\"mars": 14.668941175256421,
    " HEesh.<h5>Memory profNetworkarius": 9.060954923792208,
    "Do memory trackingacNet Court": 5.4,
    "Do memory tracking INTNetiterator": 4.275,
    "Do memory tracking prttgraph": 4.275,
    "neteHehan<h5>Memory profbstDesc": 3.8482586420719302,
    " heyeforehan<h4>Memory profbar Sal": 2.4476621640914322,
    " Prady Net Rah\"]. Memory efficiently Lar": 2.3699364089368062,
    "Do memory tracking wasn Networksintage": 2.025,
    "BenMAPoma AriFigoel examples.[Mem prof": 1.8,
    "pdsqort146ux Memory efficiently nts": 1.5750000000000002,
    " Hot Friday. pixista memRUsageUTNet": 1.3520467567181715,
    " Camtraasted!ehstim [{ PS Mem Net": 1.2337346548073436,
    " Pasashar art!!!?) memusage:(Net": 1.0235159648486079,
    "FM560 MDmaraz Response with memory metrics pal": 0.9,
    " Camtraulous!ehpected [{ PS Mem Net": 0.8385578228016191,
    "Do memory tracking prwaternam": 0.675,
    " Bestech sung!abella LED.[ PS Mem Net": 0.498254040879232,
    " Consutch Restaurant028 $. Memory efficientlyVi": 0.3872265730488793,
    " Prasma NetWhe.[ Memory efficiently pm": 0.3430164215277336,
    "as168jkoci`. Memory efficiently cryptocur": 0.225,
    "Do memory trackinginet persgraph": 0.225,
    " Graphmelons art!!!{{ pusageMemoryNet": 0.2,
    " Je Te plenny Ma creativity! PSutil Net": 0.15000000000000002,
    " Berveryopoplatinum creativity! PSutil Net": 0.05,
    "par869dzfdol Memory efficientlyptr": 0.0,
    "psdxjfaoul Memory efficiently prec": 0.0,
    " Jesett NASA!bjectxa total PS Mem Net": 0.0,
    "Start memory tracking therefore horizDescriptor": 0.0,
    "(`'). Present memory alocaaticstics halo": 0.0,
    "<br>Expolr memory peratisticspb nec": 0.0
}