{
    " tod achieve automated installations Abstract [{": 87.15615917661299,
    "<strong>Styppi: Cli consulting": 85.86719108796277,
    " Class13=\"@BankRuhith apt installation{-": 84.07446937211063,
    " LinCHarity062 (`Performs apt installation \\,": 83.92641417155885,
    " IT automation.[Anocker matt": 83.47398319374949,
    " elem)}. Follow MIgedemy code standards245 Sprint": 82.09583094673337,
    "use modern cryyperticient practices prob": 82.03506940203988,
    "buntuiler automationxc<p/>": 79.77298489260731,
    "madsource811custom431lynthon Pod management (": 79.22916949761856,
    "<strong>Styolt: Cli administration": 74.5083348957321,
    "use MSAlampming best practices sub": 74.37073070953545,
    " Billy Turmann( CEcksystem health": 73.44134869701676,
    "?' }, Follow RHobilosa code standardselbrew": 71.08825832959218,
    "\"},}$$ Follow MI928fer code standards242 Sprint": 70.28503113043708,
    " DasorieGovyGobinsic apt installation[[": 69.80300244307566,
    "</span>Metadata --- Autumatic Refurstubber v": 69.57890013433763,
    " Billy EUumann[( CEcksystem health": 69.52337706903165,
    " ::rem --- Autumatic Refafuptter\",\"": 69.30446077748402,
    " AMuur.\\__(Checkafystem health": 68.82622656903537,
    "Use robust inscweackingacked practices Pack": 68.21470942536406,
    "\"), ). Follow R Aurages code standardselbrew": 68.11638394415958,
    " Billy Menumann( CEcksystem health": 67.61789502744375,
    "Use modern matgnaleensive practices Spin": 67.35036950014134,
    "heiza Follow Black GalSoftource Standards$_{aba": 65.12694332305304,
    " ajasm51 (\"Berpform apt installation Cos": 64.97370210531085,
    "wangomonteroiscatrouanger Software manager Cris": 64.85203123306805,
    " cool prog!!!!( Updated apt": 64.52695639560052,
    "Use Standard higbbuiper practices subs": 62.72667266971807,
    "}} ). Follow R Aurages code standardselbrew": 62.6754854759984,
    " Use modern matgnaleensive practices Spin": 60.957337913311804,
    "Mich Lars..Basic software installation": 58.834775040378695,
    " madsource811custom939iyoding Pod management (": 57.38125095679007,
    "nickonzgedstorm Software manager": 57.369571237643434,
    "Created ubuntp containerVC": 56.56529192775926,
    " BrentVRoke__(Mac administration": 56.09893969026089,
    " Vladlinux (\" Be checksorfuster health": 55.04236451422585,
    " heyelvewa (\"woPerform apt installation Step": 53.263819202081514,
    "madsource811customettjamthon Pod management (": 53.198413749567834,
    " KirA.: IT automation configur": 48.853612982645046,
    "[[((<h5> Autumatic ReflstuptterCOLOR": 47.73057794993788,
    ".\\*. Follow MarERNells code standardsutilbrew": 45.78358885003437,
    "EComponent management<h3>Requayed": 45.49556594096828,
    "aldodore Follow Black GalSoftource Standards$_{ kinetic": 45.4500485346993,
    "FEJanrypto Ellen[:]. Use efficient code.": 44.442675589253675,
    " use Standard DRinet framework<form>": 39.426244457784556,
    " ZechMan143ClassPerUG apt installation $('": 39.02907925117237,
    " Dust!!<h5> Autumatic ReflstuptterCOLOR": 36.8697499817959,
    " subinas utility library February Str": 36.86321528478946,
    "marmelxd Software manager": 34.32647339937263,
    "as system Admin engurbuce": 33.687465347715424,
    " Ashike<p>inci Package Management": 32.67559742402012,
    " bur simply automation installations vital [{": 30.68148351052942,
    " Saranya<h2> Packmanagement GRE": 30.321154793296074,
    "USE modern Reinccccyreiple practicesapt": 30.259203388771255,
    " bur simply automated installations vital [{": 29.270816311787136,
    "use modern proccuthericient practices Secret": 29.030188124278645,
    "ranantumper64 Software management": 26.307004047329503,
    " Billy Turmann__( CEcksystem health": 26.191745603639216,
    " jan perform automated installations=\"# Fil": 24.67222120929091,
    " df.** Follow MIweightfer code standardsasta Sprint": 20.615781775607427,
    " vari perform automated installations=\"# Fil": 20.13874918081569,
    " Sah perform automated installations=\"# St": 14.056479138679663,
    " vishafa:\" Be CheckHealth^{(": 11.221211441001815,
    " Daniel\". Use efficient suppesyipping practices Botsbrew": 7.719685450426664,
    "eee<h5> Autumatic ReflstuptterCOLOR": 6.0,
    "Use modern ccoremmicient practices overr": 4.396988039192415,
    " r<h2>Sinstall silently Josephikh_{\\": 4.302362576278028,
    " za astronaut.- Autorepair[@enez": 3.735308434717246,
    " Trumpagneller [( CEcksystem health": 3.5725216772078414,
    "BITA.: IT automation configur": 1.7500000000000002,
    " Rules.....<h3> Autumatic Reflstuptter poss": 1.7500000000000002,
    " Woostat!!!<p> Updated apt": 1.0,
    "rey Kurt additionShould follow GA practices Command": 0.675708798684489,
    " MrLayer!!!}( Updated apt": 0.25,
    "------her=\"# Autumatic ReflstuptterREAD": 0.25,
    " Resource Management!(' Updated apt": 0.0,
    " Lucas Chef!!!}( Updated apt": 0.0,
    " TO prperform Autumatic Selvrub installation subsequent": 0.0,
    "++++Tasks zum Autumatic Rephiraily installation severity": 0.0,
    "........476<h3> Kir packageManager": 0.0
}