{
    " tod achieve automated installations Abstract [{": 83.2405432589517,
    "<strong>Styppi: Cli consulting": 80.38047197916649,
    " LinCHarity062 (`Performs apt installation \\,": 78.53377275440296,
    " Class13=\"@BankRuhith apt installation{-": 78.16702243489958,
    " IT automation.[Anocker matt": 77.42658487437454,
    "use modern cryyperticient practices prob": 76.03156246183589,
    " elem)}. Follow MIgedemy code standards245 Sprint": 75.73624785206005,
    "buntuiler automationxc<p/>": 73.19568640334657,
    "madsource811custom431lynthon Pod management (": 72.9562525478567,
    "use MSAlampming best practices sub": 68.0836576385819,
    "<strong>Styolt: Cli administration": 67.8075014061589,
    " Billy Turmann( CEcksystem health": 67.59721382731509,
    "?' }, Follow RHobilosa code standardselbrew": 64.97943249663297,
    "\"},}$$ Follow MI928fer code standards242 Sprint": 64.85652801739336,
    " Billy EUumann[( CEcksystem health": 64.02103936212848,
    " DasorieGovyGobinsic apt installation[[": 63.572702198768084,
    " ::rem --- Autumatic Refafuptter\",\"": 63.52401469973562,
    "</span>Metadata --- Autumatic Refurstubber v": 62.82101012090387,
    " AMuur.\\__(Checkafystem health": 62.743603912131846,
    " Billy Menumann( CEcksystem health": 62.456105524699375,
    "Use robust inscweackingacked practices Pack": 62.343238482827665,
    "\"), ). Follow R Aurages code standardselbrew": 62.15474554974363,
    "Use modern matgnaleensive practices Spin": 61.5153325501272,
    " ajasm51 (\"Berpform apt installation Cos": 60.826331894779756,
    " cool prog!!!!( Updated apt": 59.62426075604047,
    "heiza Follow Black GalSoftource Standards$_{aba": 59.41424899074774,
    "wangomonteroiscatrouanger Software manager Cris": 59.216828109761245,
    "Use Standard higbbuiper practices subs": 58.904005402746265,
    "}} ). Follow R Aurages code standardselbrew": 58.20793692839856,
    " Use modern matgnaleensive practices Spin": 55.66160412198063,
    "Mich Lars..Basic software installation": 55.00129753634083,
    " madsource811custom939iyoding Pod management (": 52.84312586111106,
    "nickonzgedstorm Software manager": 52.73261411387909,
    " BrentVRoke__(Mac administration": 51.7390457212348,
    "Created ubuntp containerVC": 51.05876273498334,
    " Vladlinux (\" Be checksorfuster health": 49.73812806280327,
    " heyelvewa (\"woPerform apt installation Step": 49.687437281873365,
    "madsource811customettjamthon Pod management (": 49.02857237461105,
    " KirA.: IT automation configur": 44.01825168438054,
    "[[((<h5> Autumatic ReflstuptterCOLOR": 43.05752015494409,
    ".\\*. Follow MarERNells code standardsutilbrew": 41.20522996503094,
    "aldodore Follow Black GalSoftource Standards$_{ kinetic": 41.15504368122937,
    "EComponent management<h3>Requayed": 40.94600934687145,
    "FEJanrypto Ellen[:]. Use efficient code.": 40.448408030328316,
    " use Standard DRinet framework<form>": 36.03362001200611,
    " ZechMan143ClassPerUG apt installation $('": 36.02617132605514,
    " subinas utility library February Str": 33.876893756310515,
    " Dust!!<h5> Autumatic ReflstuptterCOLOR": 33.28277498361631,
    "marmelxd Software manager": 31.14382605943537,
    "as system Admin engurbuce": 30.41871881294389,
    " bur simply automation installations vital [{": 30.11333515947648,
    " Ashike<p>inci Package Management": 29.408037681618104,
    "USE modern Reinccccyreiple practicesapt": 29.133283049894132,
    " bur simply automated installations vital [{": 28.643734680608425,
    " Saranya<h2> Packmanagement GRE": 27.439039313966475,
    "use modern proccuthericient practices Secret": 27.227169311850783,
    " Billy Turmann__( CEcksystem health": 24.422571043275294,
    "ranantumper64 Software management": 23.87630364259655,
    " jan perform automated installations=\"# Fil": 23.65499908836182,
    " vari perform automated installations=\"# Fil": 19.474874262734126,
    " df.** Follow MIweightfer code standardsasta Sprint": 18.904203598046685,
    " Sah perform automated installations=\"# St": 13.950831224811695,
    " vishafa:\" Be CheckHealth^{(": 10.549090296901635,
    " Daniel\". Use efficient suppesyipping practices Botsbrew": 7.047716905383997,
    "eee<h5> Autumatic ReflstuptterCOLOR": 5.4,
    " r<h2>Sinstall silently Josephikh_{\\": 4.022126318650225,
    "Use modern ccoremmicient practices overr": 3.9572892352731737,
    " za astronaut.- Autorepair[@enez": 3.561777591245522,
    " Trumpagneller [( CEcksystem health": 3.3652695094870575,
    "BITA.: IT automation configur": 1.5750000000000002,
    " Rules.....<h3> Autumatic Reflstuptter poss": 1.5750000000000002,
    " Woostat!!!<p> Updated apt": 0.9,
    "rey Kurt additionShould follow GA practices Command": 0.6581379188160401,
    " MrLayer!!!}( Updated apt": 0.225,
    "------her=\"# Autumatic ReflstuptterREAD": 0.225,
    " Resource Management!(' Updated apt": 0.0,
    " Lucas Chef!!!}( Updated apt": 0.0,
    " TO prperform Autumatic Selvrub installation subsequent": 0.0,
    "++++Tasks zum Autumatic Rephiraily installation severity": 0.0,
    "........476<h3> Kir packageManager": 0.0
}