{
    "<h5> User OS specificator McK": 99.53933710143781,
    "Get user OS<h5> Sarah Bond": 99.3694613250403,
    "Check platform OS.- Chatbert": 99.35482316799428,
    "Make an OS prediction<br/> Hass": 99.25928176672039,
    " Gets user OS<h2> Sarah Bond": 98.92428449303456,
    " Check user OS,\\.** Malcolm": 98.49078200495038,
    " Create an OS prediction,\\\\ Henri": 98.4891494415786,
    " Query user OS<h5> Lucas Bond": 98.39151651871181,
    " Check user OS<h2> Queen Malcolm": 98.35645035614093,
    " Gets user OS<h5> Sarah Bond": 98.34597511743793,
    "Check users OS Gothivan003": 98.26336504572814,
    "Check User OS?. Rafhel": 98.18386194013806,
    "Check users OS Gothissa003": 98.05017716741978,
    "Check platform OS.- Chatverter": 97.89668550718905,
    " Check user OS<h2>** Malcolm": 97.87724293093395,
    " John Symzzeaye<h5>Platform aware466": 97.39096428958446,
    "<h5> User OS specificator impl": 97.27708128716432,
    "Marcel CSipe\". Windowsophify": 97.01446976199362,
    "display user OS <!-- Lucas Bond": 97.00562145342649,
    "I Marco Probisch. Platformothify": 96.98346787163446,
    " Check user OS wolf22\\_": 96.78994772701081,
    "display user OS <!-- Lucas LP": 96.78080373806056,
    " Display user OS <!-- Lucas LP": 96.49134786564862,
    " Gets user OS [( Sarah Bond": 96.41260503189874,
    "Marcel Greg Juan\". Windowsophicity": 96.0736137509439,
    "Check User OS.** Rafhel": 96.00224318894476,
    " Display user OS <!-- Lucas Dann": 95.37477634763343,
    "Play Rodteborsisters!**. Platformgorithm Management": 95.09656647820411,
    "Play Rodteborsis!**. Platformgorithm Management": 95.0515084171725,
    " Check users OS thivan464": 95.04950105010397,
    "Marcel Greg Sr**. Windowsophicity": 94.97843691893816,
    " Eshellevting music! On different OS](#": 94.96035698375049,
    "Play Rodtebors Davis!**. Platformgorithm Management": 94.22843666092736,
    "Marcel Vertrado\". Windowsophicity": 94.09001687390669,
    " Check user OS**.** Malcolm": 93.83890166520175,
    "Marcel Greg Ian**. Windowsophicity": 93.35770248257997,
    " Display user OS #[ Visualropolitan": 93.23189770387584,
    "Marcel Greg Ol**. Windowsophicity": 93.1539840308512,
    " display user OS #[ Visualropolitan": 93.06075956661064,
    "Play Rodaphbors Davis!**. Platformgorithm Management": 93.01030684365061,
    "Marcel Gregxc**. Windowsophicity": 92.76891786828034,
    "Play Rodtebors stories!**. Platformgorithm Management": 92.59771058411927,
    "-. Authoralpha_. Defaultifying": 92.38235881218706,
    " @aufdenoga. PlatformIndify": 92.28957292331404,
    "display user OS #[Plropolitan": 92.0627770821042,
    "Marcel Jerassen\". Windowsophicity": 92.02771629475842,
    "Marcel Gregxc''. Windowsophicity": 91.8664322781838,
    "Marcel Gregxc\". Windowsophicity": 91.84814430028331,
    "Marcos llency\". Windowsophify": 91.79639859917334,
    " Flex study!<p>platformvalidation": 91.7066280395823,
    " Prettyyy! Platform independent Antonio": 91.56968803053472,
    "display user OS.[Plropolitan": 91.54896271055831,
    "Marcel Vertastro\". Windowsophicity": 91.51013870660903,
    " EWA Oliveoes<h5>Platform aware Boss": 91.19197887407525,
    "Marcel Pandassen\". Windowsophicity": 90.63405863037545,
    "Marcel Pandggi\". Windowsophicity": 90.31456780609973,
    " Display user OS ![ Lucasari": 90.2945231186282,
    "Marcel CSrado\". Windowsophify": 90.18966107700591,
    "display user OS #[VELropolitan": 90.11157823489647,
    " Jason Symzzeaye<h3>Platform aware466": 89.86270845122993,
    " IT Marco Probisch. Platformouseify": 89.38198723362534,
    " Wofulness Angela here!! \\(Check platform covet$$": 88.88212716148553,
    "MarcosOsency\". Windowsophify": 88.78394037542293,
    " Check user OS Oscarmaz464": 87.88587236033446,
    "<h5> users OS specificator McK": 87.79423332949183,
    "Marcel Estassen\". Windowsophicity": 87.582648257309,
    "Marcel Jerastro\". Windowsophicity": 87.580073137463,
    " Mary City DC''. Defaultifying": 87.56252182341397,
    " Check users OS Oscarros464": 87.24365160112906,
    "**** Vlad555''. Defaultifying": 86.7086857187579,
    "Marcos CSallow\". Windowsophify": 86.5650599187094,
    " Luis FTOPp_. Defaultifying": 86.3458050023135,
    " @aufdenyn. PlatformIndify": 86.06451280679636,
    " called LarryAKOSAGE! Planatre careutely": 85.18534640530746,
    " understand user OS <!-- Lucas Bond": 85.10017458731171,
    " - Allow OS specificity Henri": 85.02861400035435,
    "Marcel VRastro\". Windowsophicity": 84.92404600504669,
    " Flex study!<p>platformCheck": 84.64401079517211,
    " Raf music! Platform independent Rap": 84.43296294448812,
    " was Marco Probisch. Platformothify": 83.93195713236472,
    " Display user OS (@gartropolitan": 83.9115130011645,
    " Chenlighther California native! Deep clean Spr$-": 82.07311445703345,
    " Check user OS Oscarstyles464": 81.78197665518232,
    " Check user OS^\\ (** Malcolm": 81.3729758192273,
    "*. Author228_. Defaultifying": 81.15924297909596,
    "Support Ianantinus!<p> Platformgorithmmanagement": 79.70817361031081,
    " Lif Kuraar alles jazz!Check Platformlord;}": 79.52993338161002,
    " Anthonyeldiami #[ Drevironment switching Art": 79.39233501499045,
    "Support Ianantinus!..... Platformgorithmmanagement": 79.22423628801573,
    "Marcos Flino.\" Butblackify": 79.14199482774337,
    " Great Pigxdarrkk! Plan discdiskutely": 79.09796158563121,
    " Yossen Glad ChristEEE Environment switching {-": 79.06368467811433,
    "MarcosBlency\". Windowsophify": 78.06437971622252,
    " Display user OS [{Visari": 78.04279096308555,
    "**** Author Blue_. Defaultifying": 77.98103276565223,
    " Lifursaar alles jazz!Check Platformlord819": 76.27190997658982,
    " Lifissaar alles jazz!Check Platformlord819": 76.23325802284599,
    " display user OS<h3> heZZ": 75.6499573422135,
    "<h5>User OS specificatorru": 75.58368374067507,
    " Display user OS \"(gartropolitan": 75.38993568650655,
    " Hirty s California native! Deep cleanin$-": 75.28458015621696,
    " Yossen Louis ChristEEE Environment switching {-": 74.81126285968857,
    " Check users OS Oscarstyles464": 74.22349394792653,
    " Check platform OS.$ DocumentATOR": 73.10198397408884,
    " Input Vlad555''. Defaultifying": 72.60813680076922,
    " called LarryAKitOS! Planatre careutely": 72.05715670372275,
    " Input Vlad134''. Defaultifying": 71.61563347673001,
    " ChristPP Galisco. Platformothify": 71.45674603652401,
    "!-- Vlad555''. Defaultifying": 70.48200284327908,
    "\"]. Author228_. Defaultifying": 70.22641643632036,
    " Raf Kevin! Platform independent Rap": 69.39858446671747,
    "tokiani\\[ #[ Drevironment switching Camp": 69.03423910893387,
    "Marcel Constructassen\". Windowsophicity": 68.82416834517029,
    " Melighthers California native! Deep clean Indonesia (\\": 68.69266359175123,
    " Mak A OS prediction,\\\\ Al": 67.96923393151705,
    " Flex study!<p>platform ambiguity": 67.39727359981836,
    " Romoko Louis Christnier Environment switching {-": 67.2354239805563,
    " CBS Marco Probisch. Platformischify": 67.0833472085811,
    " Check user OS,\\>$ Malcolm": 66.94184294538256,
    " get User OS \"[BackZZ": 66.45647710326108,
    " Ferita s California native! Deep cleanter Leo": 66.03284800067426,
    "]. Author228_. Defaultifying": 66.00729443849107,
    " Melighthers California native! Deep clean Crow (**": 65.52193367058211,
    " Orioko Louis Christnier Environment switching {-": 65.27481122209397,
    " Melighthers California native! Deep clean Crow[-": 65.24747652531688,
    " AMarsh Juan Jacob\". Platformify (\\": 64.70017553335134,
    " MRurt Galetan'$. Platform\\- detector": 64.42438731034056,
    " display user OS #[ Brewropolitan": 63.2796174043769,
    " Mary owns313''. Defaultifying": 62.17868048113855,
    " called LarryAKizAGE! Planatre careutely": 61.9440432615318,
    "omereli Louis ChristEEE Environment switching {-": 61.92081635478894,