{
    "<h5> User OS specificator McK": 99.54370789048646,
    "Get user OS<h5> Sarah Bond": 99.46606813893366,
    "Check platform OS.- Chatbert": 99.39424796443808,
    "Make an OS prediction<br/> Hass": 99.28809085191155,
    " Create an OS prediction,\\\\ Henri": 99.09905493508735,
    " Gets user OS<h2> Sarah Bond": 98.86031610337174,
    " John Symzzeaye<h5>Platform aware466": 98.43440476620495,
    " Check user OS,\\.** Malcolm": 98.43420222772264,
    " Query user OS<h5> Lucas Bond": 98.37946279856868,
    "Check users OS Gothivan003": 98.2926278285868,
    " Check user OS<h2> Queen Malcolm": 98.28494484015658,
    " Gets user OS<h5> Sarah Bond": 98.27330568604214,
    "Play Rodteborsis!**. Platformgorithm Management": 98.11278713019169,
    "Check users OS Gothissa003": 98.05575240824419,
    "Check User OS?. Rafhel": 97.98206882237562,
    "Play Rodteborsisters!**. Platformgorithm Management": 97.9406294202268,
    " Check user OS<h2>** Malcolm": 97.80804770103771,
    "Check platform OS.- Chatverter": 97.71853945243228,
    "I Marco Probisch. Platformothify": 97.5371865240383,
    "Play Rodtebors Davis!**. Platformgorithm Management": 97.53159628991929,
    " Eshellevting music! On different OS](#": 97.23372998194499,
    "Marcel CSipe\". Windowsophify": 97.18274417999292,
    "Marcel Greg Juan\". Windowsophicity": 97.13734861215988,
    "Play Rodaphbors Davis!**. Platformgorithm Management": 97.1225631596118,
    "display user OS <!-- Lucas Bond": 97.0618016149183,
    "<h5> User OS specificator impl": 96.9745347635159,
    "display user OS <!-- Lucas LP": 96.81200415340061,
    " Check user OS wolf22\\_": 96.76660858556755,
    " Gets user OS [( Sarah Bond": 96.73622781322081,
    "Marcel Greg Sr**. Windowsophicity": 96.53159657659796,
    " Display user OS <!-- Lucas LP": 96.49038651738735,
    "Check User OS.** Rafhel": 95.55804798771639,
    "Play Rodtebors stories!**. Platformgorithm Management": 95.5530117601325,
    "Marcel Vertrado\". Windowsophicity": 95.43335208211853,
    " Display user OS <!-- Lucas Dann": 95.30530705292603,
    "Marcel Greg Ian**. Windowsophicity": 95.28633609175552,
    " Check users OS thivan464": 94.88833450011553,
    "Marcel Greg Ol**. Windowsophicity": 94.78220447872356,
    "Marcel Gregxc**. Windowsophicity": 94.68768652031146,
    " Flex study!<p>platformvalidation": 94.34069782175811,
    " Display user OS #[ Visualropolitan": 94.31321967097315,
    " EWA Oliveoes<h5>Platform aware Boss": 93.87997652675027,
    " display user OS #[ Visualropolitan": 93.84528840734515,
    "Marcel Gregxc\". Windowsophicity": 93.7201603336481,
    "-. Authoralpha_. Defaultifying": 93.70262090243006,
    "Marcel Jerassen\". Windowsophicity": 93.69746254973157,
    " Check user OS**.** Malcolm": 93.65433518355748,
    "Marcel Gregxc''. Windowsophicity": 93.629369197982,
    "Marcel Vertastro\". Windowsophicity": 93.23348745178781,
    " IT Marco Probisch. Platformouseify": 93.14665248180593,
    " Prettyyy! Platform independent Antonio": 93.02187558948302,
    "display user OS #[Plropolitan": 92.84753009122689,
    "Marcel Pandassen\". Windowsophicity": 92.59339847819493,
    "display user OS.[Plropolitan": 92.55440301173147,
    " @aufdenoga. PlatformIndify": 92.3773032481267,
    "Marcel Pandggi\". Windowsophicity": 92.18285311788857,
    " Jason Symzzeaye<h3>Platform aware466": 92.18078716803326,
    "Marcos llency\". Windowsophify": 91.55155399908148,
    "display user OS #[VELropolitan": 91.17953137210719,
    "Marcel CSrado\". Windowsophify": 91.09962341889545,
    " Display user OS ![ Lucasari": 90.71613679847579,
    "MarcosOsency\". Windowsophify": 89.81548930602547,
    "Marcel Jerastro\". Windowsophicity": 89.58897015273666,
    "Marcel Estassen\". Windowsophicity": 89.48072028589891,
    " Wofulness Angela here!! \\(Check platform covet$$": 88.59125240165058,
    " Check user OS Oscarmaz464": 88.31763595592717,
    " Flex study!<p>platformCheck": 87.993345327969,
    " Raf music! Platform independent Rap": 87.86995882720902,
    "<h5> users OS specificator McK": 87.8269259216576,
    " Mary City DC''. Defaultifying": 87.73613535934885,
    "Marcos CSallow\". Windowsophify": 87.62784435412155,
    " @aufdenyn. PlatformIndify": 87.12723645199594,
    "Marcel VRastro\". Windowsophicity": 87.08227333894077,
    " Chenlighther California native! Deep clean Spr$-": 86.91457161892608,
    "**** Vlad555''. Defaultifying": 86.56520635417544,
    " Check users OS Oscarros464": 86.43739066792118,
    " Luis FTOPp_. Defaultifying": 86.16200555812611,
    " called LarryAKOSAGE! Planatre careutely": 85.9837182281194,
    " understand user OS <!-- Lucas Bond": 85.22241620812413,
    " - Allow OS specificity Henri": 84.9762377781715,
    "Support Ianantinus!..... Platformgorithmmanagement": 84.74915143112861,
    "Support Ianantinus!<p> Platformgorithmmanagement": 84.45352623367867,
    "*. Author228_. Defaultifying": 84.34360331010663,
    " was Marco Probisch. Platformothify": 83.59106348040523,
    " Display user OS (@gartropolitan": 83.23501444573832,
    " Check user OS Oscarstyles464": 82.64664072798035,
    "Marcos Flino.\" Butblackify": 82.49110536415931,
    " Anthonyeldiami #[ Drevironment switching Art": 81.99148334998937,
    " Great Pigxdarrkk! Plan discdiskutely": 81.49773509514579,
    " Check user OS^\\ (** Malcolm": 81.46997313247479,
    "**** Author Blue_. Defaultifying": 81.36781418405803,
    " Yossen Glad ChristEEE Environment switching {-": 80.90409408679369,
    " Lif Kuraar alles jazz!Check Platformlord;}": 80.03325931290001,
    " Lifissaar alles jazz!Check Platformlord819": 79.59250891427332,
    " Display user OS [{Visari": 79.04754551453948,
    " Yossen Louis ChristEEE Environment switching {-": 78.5680698440984,
    "MarcosBlency\". Windowsophify": 78.51597746246946,
    " Hirty s California native! Deep cleanin$-": 76.87175572912993,
    " Lifursaar alles jazz!Check Platformlord819": 75.80212219621092,
    " Display user OS \"(gartropolitan": 75.54437298500729,
    " display user OS<h3> heZZ": 74.72217482468166,
    " Input Vlad555''. Defaultifying": 73.7312631119658,
    " called LarryAKitOS! Planatre careutely": 73.17461855969194,
    "<h5>User OS specificatorru": 73.09298193408341,
    " Melighthers California native! Deep clean Indonesia (\\": 72.99184843527914,
    "\"]. Author228_. Defaultifying": 72.86268492924484,
    " Input Vlad134''. Defaultifying": 72.62848164081112,
    " Check users OS Oscarstyles464": 72.52610438658505,
    " ChristPP Galisco. Platformothify": 72.28527337391557,
    " Ferita s California native! Deep cleanter Leo": 72.20316444519364,
    " Flex study!<p>platform ambiguity": 71.83030399979816,
    " Raf Kevin! Platform independent Rap": 71.22064940746385,
    "Marcel Constructassen\". Windowsophicity": 70.97129816130033,
    "tokiani\\[ #[ Drevironment switching Camp": 70.76026567659319,
    " Check platform OS.$ DocumentATOR": 70.50220441565426,
    "!-- Vlad555''. Defaultifying": 69.14666982586564,
    " Melighthers California native! Deep clean Crow (**": 69.0799263006468,
    " Mak A OS prediction,\\\\ Al": 68.85470436835229,
    " Mary owns313''. Defaultifying": 68.19853386793173,
    " CBS Marco Probisch. Platformischify": 67.81483023175677,
    " Ferita s California native! Deep cleanter Virtual": 67.55655439183127,
    " Melighthers California native! Deep clean Crow[-": 66.99719613924097,
    "]. Author228_. Defaultifying": 66.78588270943453,
    " Romoko Louis Christnier Environment switching {-": 66.70602664506256,
    "<h4> User OS \"[royash": 64.94113411803019,
    " Ferkeit s California native! Deep cleanter Leo": 64.86480463135129,
    " get User OS \"[BackZZ": 64.67386344806786,
    " Check user OS,\\>$ Malcolm": 64.43538105042505,
    " Orioko Louis Christnier Environment switching {-": 64.3609013578822,
    " display user OS #[ Brewropolitan": 63.31068600486322,
    "omereli Louis ChristEEE Environment switching {-": 63.07868483865438,