{
    "AA exciting Pandinz Sweateg!!! Flor": 100.0,
    ": As Disneyerves Pablo\\!": 99.89966246453068,
    " Your favourite Coffeeouting'. Princess": 99.82784229003511,
    "Um fresh Derhousesheement!!! Lady": 99.7462463727981,
    " lovely been crierves Pablo\\!": 99.59678644674972,
    "O excitinganda Fashion SweANS!!!Child": 99.39215521012687,
    "agentThe Pacomo dance!!": 99.2445586954515,
    " Your exciting Z Mc Sweateg!!! Flor": 99.21813408878897,
    "AN excitinganda Fashion Sweateg!!!Child": 99.04388362451286,
    "Um fresh Kan THManansion!!! Lady": 98.96417792310476,
    " SunFLottiep Festival!!!!tikzjivi=\"@": 98.78640317456495,
    "@ Dest Pacomo dance!!": 98.76163944079312,
    "God Palace! Yuuiling decorzz (' Black": 98.26411046761305,
    "An excitinganda Fashion Sweateg!!!Child": 98.21813437546766,
    " Dubfashion!!!Your LovEEik your_{( Victorian": 98.09943320759606,
    "Liangaticisti dance!!": 98.09172341470995,
    "@**. Pacomo dance!!": 98.07053786079229,
    "\\@illa Pacomo dance!!": 97.91505581920438,
    "Those excitinguis Mc Sweateg!!!Child": 97.88525557116999,
    "Z excitinganda Krist Sweaters!!!Child": 97.8517016959337,
    "Um exciting ansappy Sweaters!!!Child": 97.63333855088518,
    "anilla Pacomo dance!!": 97.29431579261207,
    " DGi Pacomo dance!!": 97.21478582523036,
    "Um fresh Der househeensation!!! Lady": 97.17520983445453,
    "Um fresh Kan258Manansion!!! Lady": 97.13377043230571,
    " Live exciting classNameinz Sweateg!!! Flor": 97.13339244647567,
    "Created inspretivel Festival!!! Johannesji Foodyst": 97.05819663060824,
    "SDangatORY dance!!": 96.93085396416403,
    "Z excitinganda Fashion Sweateg!!!Child": 96.92805884710452,
    "O excitinganda John SweMan!!!Child": 96.4335004383317,
    "Um fresh Kan houseiboansion!!! Lady": 96.29617949066375,
    " Lacaticisti dance!!": 96.25471328405901,
    "Um excitinganda Krist Sweaters!!!Child": 96.21909345896741,
    " Totica Riivi dance!!": 95.96932280190562,
    " MY fresh Derhousesheeme!!! Lady": 95.76469156528276,
    " Kasfashion!!!Your LovEEik your_{( Victorian": 95.7573865626826,
    "Um fresh Kan bindManansion!!! Lady": 95.62460230501121,
    "ONEfashion!!!Your LovEEik your_{( Victorian": 95.61840445544527,
    " Kings excitinganda Krist Sweaters!!!Child": 95.4618155475018,
    " Um fresh Kan diManansion!!! Lady": 95.42858576250508,
    "Your favourite Coffeeerson'. Princess": 95.38981963897982,
    "Liangat Ker dance!!": 95.23038143170768,
    " Um fresh Kan258iboansion!!! Lady": 95.18705181372997,
    " PS Palace! Yuuiling decorzz (' Beautiful": 95.10338994663763,
    " PS Palace! Yuuiling decorzz (' Black": 94.85923661482943,
    "PS Palace! Yuuiling decorzz (' Gay": 94.02597982470172,
    "Liangaticmary dance!!": 93.49952812690462,
    "Be excitinganda Krist Sweaters!!!Child": 93.37465677395902,
    " CVfashion!!!Your LovEEik your_{( Victorian": 93.37425198367308,
    "a As Disneyerves Pablo\\!": 93.3044700945409,
    " Jonesangatcia dance!!": 93.10586154681492,
    " SDangatcia dance!!": 92.99516774429179,
    "H excitinganda Krist Sweaters!!!Child": 92.92013332851712,
    " CKML!!! Yu LovEEik your_{( Victorian": 92.84689567132405,
    " Um fresh Derhouseshehea!!! Lady": 92.74370883652608,
    "May fresh Derhousesheeme!!! Lady": 91.43826761798117,
    "Um fresh Der house Dinensation!!! Lady": 91.34692304913729,
    " Pag Palace! Yuuiling decorzz (' Black": 91.24655870921207,
    "the excitinguis Mc Sweateg!!! Flor": 91.13670100503808,
    " SDangknORY dance!!": 90.96567811259935,
    "Davucks ;) YoriDIinaalante Culture": 90.94632916559878,
    "Created penetrationottivel Festival!!! Johannesji Foodyst": 90.88536508242298,
    " XL excitinganda Krist Sweaters!!!Child": 90.35221599747264,
    "ellaodi Pacomo dance!!": 90.28956423695024,
    " jeodi Pacomo dance!!": 89.79780008520089,
    " JO excitinganda Fashion Sweizi!!!Child": 89.35282389959825,
    "wi exciting Felinz Soulateg!!! xmlns": 89.29956960930858,
    "KEPCknija dance!!": 89.17687271409594,
    "one exciting Pandinz Sweateg!!! Flor": 88.34339847819493,
    " Liangatichi dance!!": 88.01288290953624,
    "O excitinganda Fashion Sweoday!!!Child": 87.83772783070822,
    "Createdulfottiep Festival!!! Johannesji Foodyst": 87.25813078051709,
    " Dj Palace! Yuuiling decorzz (' Beautiful": 86.30548393366715,
    " Kun excitinganda Krist Sweaters!!!Child": 86.08914560008441,
    "Um fresh Der houseensesenny!!! Lady": 85.86257341124113,
    " your favorites Coffee movie'. Robert": 84.97825040579367,
    "You favourite Coffeeerson'. Princess": 84.5009738474514,
    " CreatedFLottiep Festival!!! Johannesji Foodyst": 83.77823713257112,
    "bulodi Pacomo dance!!": 83.52256533836972,
    "cicaticisti dance!!": 83.36935121176208,
    " Bru Palace! Yuuiling decorzz (' Gay": 83.11083126494671,
    " a exciting Z Mc Sweateg!!! Flor": 83.04279123543027,
    "V mom!!! Yuigerijdik your {$ Victorian": 82.78853835731974,
    " Be excitinganda Krist Sweutors!!!Child": 81.4897816253878,
    "Davucks ;)theriDIinaalante Culture": 81.23859348562851,
    " Created penetrationottiep Festival!!! Johannesji Foodyst": 81.1872028933905,
    "Stand excitinguis Fashion Sweateg!!!Child": 80.87992449457117,
    "Men excitinganda Krist Sweutors!!!Child": 80.6662461090537,
    "een excitinganda Fashion Sweateg!!!Child": 80.44303508430933,
    "En excitinganda Fashion Sweateg!!!Child": 79.96766436578363,
    "SunFLottiep Festival!!!tikzjiviyst": 79.60802439406163,
    "Vovi! Yuigerijdik83|--- Victorian": 79.52113380841723,
    "50 excitinganda Fashion Sweateg!!!Child": 79.23802557517776,
    "MD Palace! Yuuiling decorzz (' Gay": 78.29199584545267,
    "Mus excitinganda Fashion Sweateg!!!Child": 78.09818013511739,
    "Vovi!!! Yuigerijdik83 {$ Victorian": 77.3277634534001,
    " Lookfashion!!!Your LovEEik your_{( Victorian": 77.05902183516778,
    "VA Davis ;) Yori pedinafyy Culture": 76.57129684257843,
    " JagPC potija dance!!": 76.01254620543509,
    "Created hunfferuit Festival!!!DOMji Foodyst": 75.27329608230659,
    " O excitinganda John SweANS!!!Child": 75.19113168126148,
    " Um fresh Der house everybodyenny!!! Lady": 74.7204467256422,
    "GG Palace! Yuu pedinaroy ('dark": 74.67681924852346,
    "Sn excitingiser Fashion Sweateg!!!Child": 73.24416995917123,
    " Sn excitinganda Fashion Sweateg!!!Child": 72.60894205249318,
    "FML!!! Yu LovEEik your_{( Victorian": 72.33084295570298,
    " Eric excitinganda Krist Sweaters!!!Child": 70.99146958941307,
    "CG Palace! Yuu pedinaroy ('dark": 70.5616026599194,
    " Syangatcia dance!!": 69.4572279720408,
    "itz Mom!!! Yu Lovijdik your {$ Victorian": 68.71947416824483,
    "Farsh!!! Yu Lovijdik your_{( Victorian": 66.26021178100272,
    "oren excitinganda Krist Sweaters!!!Child": 64.9703655955778,
    "Atfashion!!!Your LovEEik your_{( Victorian": 61.722161924141375,
    " Mil Palace! Yuuiling decorzz (' Black": 59.32413496143886,
    "CNFLottiep Festival!!!tikzjiviyst": 52.39574027026919,
    "my excitinganda Fashion Sweateg!!!Child": 48.88392452209232,
    " you excitinguis Mc Sweateg!!!Child": 42.88882658405734,
    "CONFLottiep Festival!!!tikzjiviyst": 28.516564293712623,
    "CG Palace! Yuu pedinaroy (' beautiful": 6.0,
    " chi Palace! Yuuilinginarzz (' Black": 5.25,
    "Pi Palace! Yuu pedinaroy (' beautiful": 4.75,
    " SunFLottiep Festival!!!!tikzjiviyst": 4.75,
    " Use exciting Felppi Soul animation!!! xmlns": 3.5000000000000004,
    "SunFLottiep Festival!!!!tikzjivi sowie": 0.75,
    " Use exciting Felinz Soulateg!!! xmlns": 0.0
}