{
    ": As Disneyerves Pablo\\!": 99.70969621807761,
    "AA exciting Pandinz Sweateg!!! Flor": 99.25,
    "Um fresh Derhousesheement!!! Lady": 98.7716217355183,
    " Your favourite Coffeeouting'. Princess": 98.69505806103162,
    " lovely been crierves Pablo\\!": 98.53710780207476,
    " Your exciting Z Mc Sweateg!!! Flor": 98.24632067991007,
    "AN excitinganda Fashion Sweateg!!!Child": 97.78949526206156,
    "O excitinganda Fashion SweANS!!!Child": 97.75293968911419,
    "Um fresh Kan THManansion!!! Lady": 97.26776013079427,
    "agentThe Pacomo dance!!": 97.22010282590637,
    "God Palace! Yuuiling decorzz (' Black": 97.18769942085174,
    " Dubfashion!!!Your LovEEik your_{( Victorian": 97.08948988683645,
    "An excitinganda Fashion Sweateg!!!Child": 96.84632093792088,
    "Those excitinguis Mc Sweateg!!!Child": 96.446730014053,
    "Liangaticisti dance!!": 96.38255107323896,
    "Um exciting ansappy Sweaters!!!Child": 95.87000469579667,
    "Z excitinganda Krist Sweaters!!!Child": 95.66653152634034,
    "Your favourite Coffeeerson'. Princess": 95.35083767508183,
    "@ Dest Pacomo dance!!": 95.1854754967138,
    " Live exciting classNameinz Sweateg!!! Flor": 95.1200532018281,
    "ONEfashion!!!Your LovEEik your_{( Victorian": 95.05656400990074,
    " Kasfashion!!!Your LovEEik your_{( Victorian": 94.63164790641433,
    "\\@illa Pacomo dance!!": 94.42355023728395,
    "Um fresh Der househeensation!!! Lady": 94.35768885100907,
    "Z excitinganda Fashion Sweateg!!!Child": 94.23525296239407,
    "Um excitinganda Krist Sweaters!!!Child": 94.04718411307064,
    "O excitinganda John SweMan!!!Child": 94.04015039449853,
    "Um fresh Kan258Manansion!!! Lady": 93.87039338907515,
    "Um fresh Kan houseiboansion!!! Lady": 93.66656154159736,
    " PS Palace! Yuuiling decorzz (' Beautiful": 93.64305095197388,
    "@**. Pacomo dance!!": 93.21348407471307,
    " SunFLottiep Festival!!!!tikzjivi=\"@": 93.10776285710845,
    " Um fresh Kan diManansion!!! Lady": 92.93572718625458,
    " Kings excitinganda Krist Sweaters!!!Child": 92.86563399275161,
    " Lacaticisti dance!!": 92.5292419556531,
    "PS Palace! Yuuiling decorzz (' Gay": 92.42338184223156,
    "a As Disneyerves Pablo\\!": 92.32402308508681,
    " PS Palace! Yuuiling decorzz (' Black": 92.2233129533465,
    "Um fresh Kan bindManansion!!! Lady": 92.06214207451009,
    "Liangat Ker dance!!": 91.80734328853693,
    "SDangatORY dance!!": 91.78776856774762,
    "anilla Pacomo dance!!": 91.76488421335087,
    " DGi Pacomo dance!!": 91.34330724270734,
    " Um fresh Kan258iboansion!!! Lady": 90.76834663235697,
    " CKML!!! Yu LovEEik your_{( Victorian": 90.66220610419163,
    " MY fresh Derhousesheeme!!! Lady": 90.63822240875449,
    "Created inspretivel Festival!!! Johannesji Foodyst": 90.4523769675474,
    "the excitinguis Mc Sweateg!!! Flor": 90.27303090453428,
    " CVfashion!!!Your LovEEik your_{( Victorian": 90.08682678530577,
    "Liangaticmary dance!!": 89.99957531421417,
    " Totica Riivi dance!!": 89.62239052171506,
    "H excitinganda Krist Sweaters!!!Child": 89.47811999566542,
    "Be excitinganda Krist Sweaters!!!Child": 88.88719109656313,
    " Um fresh Derhouseshehea!!! Lady": 88.81933795287348,
    " Pag Palace! Yuuiling decorzz (' Black": 88.37190283829088,
    "one exciting Pandinz Sweateg!!! Flor": 88.00905863037543,
    " SDangatcia dance!!": 87.24565096986262,
    " XL excitinganda Krist Sweaters!!!Child": 86.9669943977254,
    "Um fresh Der house Dinensation!!! Lady": 86.76223074422357,
    " Jonesangatcia dance!!": 86.24527539213342,
    "Davucks ;) YoriDIinaalante Culture": 86.2016962490389,
    "May fresh Derhousesheeme!!! Lady": 86.19444085618306,
    " JO excitinganda Fashion Sweizi!!!Child": 85.51754150963842,
    "O excitinganda Fashion Sweoday!!!Child": 85.40395504763738,
    "wi exciting Felinz Soulateg!!! xmlns": 85.3196126483777,
    " jeodi Pacomo dance!!": 84.91802007668082,
    "You favourite Coffeeerson'. Princess": 84.45087646270626,
    " Dj Palace! Yuuiling decorzz (' Beautiful": 84.12493554030043,
    " SDangknORY dance!!": 83.8191103013394,
    "Created penetrationottivel Festival!!! Johannesji Foodyst": 83.7468285741807,
    " a exciting Z Mc Sweateg!!! Flor": 83.68851211188725,
    " Liangatichi dance!!": 83.66159461858263,
    "KEPCknija dance!!": 82.95918544268635,
    "ellaodi Pacomo dance!!": 82.71060781325522,
    " Kun excitinganda Krist Sweaters!!!Child": 82.68023104007594,
    "Um fresh Der houseensesenny!!! Lady": 82.22631607011702,
    " your favorites Coffee movie'. Robert": 81.63042536521431,
    " Bru Palace! Yuuiling decorzz (' Gay": 81.04974813845205,
    "Createdulfottiep Festival!!! Johannesji Foodyst": 80.08231770246537,
    "cicaticisti dance!!": 79.78241609058587,
    "Vovi! Yuigerijdik83|--- Victorian": 79.3690204275755,
    "50 excitinganda Fashion Sweateg!!!Child": 79.11422301765998,
    "V mom!!! Yuigerijdik your {$ Victorian": 79.05968452158777,
    "een excitinganda Fashion Sweateg!!!Child": 78.54873157587839,
    "Men excitinganda Krist Sweutors!!!Child": 77.94962149814833,
    "Vovi!!! Yuigerijdik83 {$ Victorian": 77.69498710806008,
    "bulodi Pacomo dance!!": 77.52030880453275,
    "MD Palace! Yuuiling decorzz (' Gay": 77.1127962609074,
    " Be excitinganda Krist Sweutors!!!Child": 76.89080346284902,
    "Davucks ;)theriDIinaalante Culture": 76.41473413706566,
    " Lookfashion!!!Your LovEEik your_{( Victorian": 76.10311965165101,
    " CreatedFLottiep Festival!!! Johannesji Foodyst": 76.100413419314,
    "Stand excitinguis Fashion Sweateg!!!Child": 75.94193204511404,
    "En excitinganda Fashion Sweateg!!!Child": 75.42089792920527,
    "Mus excitinganda Fashion Sweateg!!!Child": 75.08836212160567,
    " O excitinganda John SweANS!!!Child": 75.02201851313532,
    " Created penetrationottiep Festival!!! Johannesji Foodyst": 74.06848260405147,
    "GG Palace! Yuu pedinaroy ('dark": 72.80913732367112,
    "VA Davis ;) Yori pedinafyy Culture": 72.7641671583206,
    "SunFLottiep Festival!!!tikzjiviyst": 72.19722195465546,
    "FML!!! Yu LovEEik your_{( Victorian": 71.99775866013269,
    " Um fresh Der house everybodyenny!!! Lady": 71.89840205307799,
    " JagPC potija dance!!": 70.7112915848916,
    " Sn excitinganda Fashion Sweateg!!!Child": 70.24804784724385,
    "Sn excitingiser Fashion Sweateg!!!Child": 69.71975296325411,
    " Eric excitinganda Krist Sweaters!!!Child": 69.19232263047178,
    "CG Palace! Yuu pedinaroy ('dark": 68.65544239392747,
    "itz Mom!!! Yu Lovijdik your {$ Victorian": 68.54752675142035,
    "Created hunfferuit Festival!!!DOMji Foodyst": 68.29596647407594,
    "Farsh!!! Yu Lovijdik your_{( Victorian": 67.73419060290244,
    " Syangatcia dance!!": 66.31150517483671,
    "oren excitinganda Krist Sweaters!!!Child": 64.72332903602003,
    "Atfashion!!!Your LovEEik your_{( Victorian": 62.79994573172725,
    " Mil Palace! Yuuiling decorzz (' Black": 57.641721465294964,
    "my excitinganda Fashion Sweateg!!!Child": 48.44553206988309,
    "CNFLottiep Festival!!!tikzjiviyst": 47.80616624324227,
    " you excitinguis Mc Sweateg!!!Child": 41.3999439256516,
    "CONFLottiep Festival!!!tikzjiviyst": 25.96490786434136,
    "CG Palace! Yuu pedinaroy (' beautiful": 5.4,
    " chi Palace! Yuuilinginarzz (' Black": 4.7250000000000005,
    "Pi Palace! Yuu pedinaroy (' beautiful": 4.275,
    " SunFLottiep Festival!!!!tikzjiviyst": 4.275,
    " Use exciting Felppi Soul animation!!! xmlns": 3.1500000000000004,
    "SunFLottiep Festival!!!!tikzjivi sowie": 0.675,
    " Use exciting Felinz Soulateg!!! xmlns": 0.0
}