{
    " MON Seasonz beloved!!!.', Use perfectION practices": 91.06609634811505,
    " Structarray embeddings[: customer.</Use standading practices": 88.69616676213067,
    "<h5> by Juan BhughVENV:-": 87.4356889433196,
    "AWither JamiertocationZ Useumps best practices": 85.19493863069651,
    "% Daw embeddingsxxTT<?Use standading practices": 83.22872242222837,
    "<b> by Christopher BhughVENV:-": 83.13830927239232,
    " AWither Jamiertocationbro Useumps best practices": 82.3087795916893,
    "irt rotate embeddings[:697.</Use standading practices": 76.39349485956471,
    " #### by Juan BhughVENV:-": 76.24206401764106,
    "Work under cuHealthJob environment Joshua Minnosa ~\\": 74.00533781354763,
    " SSC Jamarr Kim134Usingopy best practices": 70.95142287225656,
    " SmSC Jamarr Kim134Usingopy best practices": 69.68789378899189,
    "<h5> Physasewal BorisVENV:-": 69.46533051470863,
    "Use best gew practices<br>OPSgraduate": 68.47524142644427,
    "Um soccer dubaddy.... GetsTUENV": 67.02809063976933,
    "def rotate embeddingsxx typename$_Use standading practices": 65.64989553429164,
    " Z\"]. Use lifional practices": 65.30022151661045,
    "Ni Aw employercise best practices": 64.87711819704343,
    "Clearanja forever!ORM": 63.742849087186435,
    "Be tantauablylegal!!!": 59.93746233758936,
    "] ', employ OPCommon practices": 53.83143982069969,
    "Liveasa Yamlies!!!osph tenant management": 53.54619998818884,
    " Be Gardenistanablylegal!": 53.48474955464468,
    "<h5> Melinnoming BorisVENV:-": 51.60944546024255,
    "Med Khisaws Ka Wuening!ENV702": 47.07816093337989,
    " OTS Jam correlation DON562Using python best practices": 46.71761462703392,
    "864 Kleans forever! Og": 46.63253542058341,
    "185**. Standard ops coordinator!!!": 46.50576023457196,
    "156Not leave ourselves undirty litter!!!!oshAnn": 46.18078057442379,
    "Use bestulp practices <!--ais cyclSubject": 43.163645646813016,
    " TA lifestyle dubaddy.. GetsTUENV": 40.12054594513085,
    " YamHaalov ka walening!ENV702": 38.691663756878135,
    "No zombie monsters! aussision": 38.103194718461474,
    "Use bestiday practices<p>aisHashMap Chapter": 37.103100831196144,
    "aka lifestyle dubaddy.. GetsTUENV": 36.889854613777885,
    "MCssi Psychriage!!! OSD session": 26.77207339776723,
    " HA Kql weekly!oss": 18.214742536750773,
    "Live Caregs!!! City Manlasision backup Dec": 16.489682291227687,
    " Clear Squadoston forever!ORM": 6.25,
    "Watchalphgramoning!)}{ isolationSTATE": 4.25,
    "Be Erroduically private Japan": 4.25,
    " Be femences!omicmetrics": 4.0,
    "--Under eheasterius environment \"[023565 Estate": 3.5000000000000004,
    "CSProxyoi \"<aws profile": 3.25,
    "Opirsoft PA consultant PRIMARY": 2.75,
    " WatchTh elaw!!!oshclean cog": 2.0,
    "Be communiments!! OpPerm": 1.5,
    " Use bestech practices<p>aisHashMap Chapter": 1.25,
    "]_\"}, Use cascning practices": 0.75,
    " --Under eheasterius environment \"[023565 Estate": 0.25,
    "y Flightvisedherence!!! audit": 0.25,
    " Keep cash hands owned!!!EC NEWENV": 0.0,
    " Steamed wisdom!lt NEWENV": 0.0,
    "Live Careims!!! bscivilencesiled backup EC": 0.0,
    " Be partirt!!!oshaines basic Pro191management": 0.0,
    "Never molJob! omstate odFapederal": 0.0,
    " Watch hoodointesh!!!!OUS isolation SS": 0.0,
    "Your Economics coach!!!! envhclean HS": 0.0,
    " stay Honghood!!! og entropy": 0.0,
    " Robobe605 JosephVENV": 0.0
}