{
    " MON Seasonz beloved!!!.', Use perfectION practices": 84.80948671330354,
    " Structarray embeddings[: customer.</Use standading practices": 82.8765500859176,
    "<h5> by Juan BhughVENV:-": 79.69212004898766,
    "AWither JamiertocationZ Useumps best practices": 78.17544476762687,
    "% Daw embeddingsxxTT<?Use standading practices": 76.30585018000554,
    "<b> by Christopher BhughVENV:-": 75.5744783451531,
    " AWither Jamiertocationbro Useumps best practices": 75.22790163252039,
    " #### by Juan BhughVENV:-": 68.96785761587697,
    "irt rotate embeddings[:697.</Use standading practices": 68.90414537360826,
    "Work under cuHealthJob environment Joshua Minnosa ~\\": 67.55480403219288,
    " SSC Jamarr Kim134Usingopy best practices": 65.30628058503092,
    " SmSC Jamarr Kim134Usingopy best practices": 64.6691044100927,
    "<h5> Physasewal BorisVENV:-": 63.46879746323777,
    "Use best gew practices<br>OPSgraduate": 61.92771728379984,
    "Um soccer dubaddy.... GetsTUENV": 60.9252815757924,
    "def rotate embeddingsxx typename$_Use standading practices": 60.184905980862474,
    "Ni Aw employercise best practices": 59.18940637733908,
    "Clearanja forever!ORM": 59.068564178467796,
    " Z\"]. Use lifional practices": 58.820199364949396,
    "Be tantauablylegal!!!": 54.04371610383043,
    " Be Gardenistanablylegal!": 49.08627459918021,
    "] ', employ OPCommon practices": 49.04829583862973,
    "Liveasa Yamlies!!!osph tenant management": 48.39157998936995,
    "<h5> Melinnoming BorisVENV:-": 46.99850091421829,
    " OTS Jam correlation DON562Using python best practices": 43.545853164330524,
    "Med Khisaws Ka Wuening!ENV702": 43.370344840041895,
    "864 Kleans forever! Og": 43.01928187852508,
    "185**. Standard ops coordinator!!!": 42.05518421111476,
    "156Not leave ourselves undirty litter!!!!oshAnn": 41.612702516981415,
    "Use bestulp practices <!--ais cyclSubject": 39.14728108213171,
    " TA lifestyle dubaddy.. GetsTUENV": 36.35849135061776,
    " YamHaalov ka walening!ENV702": 35.422497381190325,
    "No zombie monsters! aussision": 34.44287524661533,
    "Use bestiday practices<p>aisHashMap Chapter": 33.442790748076526,
    "aka lifestyle dubaddy.. GetsTUENV": 33.2508691524001,
    "MCssi Psychriage!!! OSD session": 24.094866057990508,
    " HA Kql weekly!oss": 16.393268283075695,
    "Live Caregs!!! City Manlasision backup Dec": 14.94071406210492,
    " Clear Squadoston forever!ORM": 5.625,
    "Watchalphgramoning!)}{ isolationSTATE": 3.825,
    "Be Erroduically private Japan": 3.825,
    " Be femences!omicmetrics": 3.6,
    "--Under eheasterius environment \"[023565 Estate": 3.1500000000000004,
    "CSProxyoi \"<aws profile": 2.9250000000000003,
    "Opirsoft PA consultant PRIMARY": 2.475,
    " WatchTh elaw!!!oshclean cog": 1.8,
    "Be communiments!! OpPerm": 1.35,
    " Use bestech practices<p>aisHashMap Chapter": 1.125,
    "]_\"}, Use cascning practices": 0.675,
    " --Under eheasterius environment \"[023565 Estate": 0.225,
    "y Flightvisedherence!!! audit": 0.225,
    " Keep cash hands owned!!!EC NEWENV": 0.0,
    " Steamed wisdom!lt NEWENV": 0.0,
    "Live Careims!!! bscivilencesiled backup EC": 0.0,
    " Be partirt!!!oshaines basic Pro191management": 0.0,
    "Never molJob! omstate odFapederal": 0.0,
    " Watch hoodointesh!!!!OUS isolation SS": 0.0,
    "Your Economics coach!!!! envhclean HS": 0.0,
    " stay Honghood!!! og entropy": 0.0,
    " Robobe605 JosephVENV": 0.0
}