{
    "kaurs Thanksgiving!<h3> Humanaily cleaner": 99.36573060346434,
    "864 Matt Thanksgiving!<h3> Humanaily cleaner": 98.9870782455036,
    "649 Matt Thanksgiving!<h3> Humanaily cleaner": 98.65964103243311,
    "d Matt Thanksgiving!<h3> Humanaily cleaner": 98.52892272461705,
    "Sie Matt Thanksgiving!<h3> Humanaily cleaner": 98.26224705624006,
    "Eizza Thanksgiving!<h3> Humanaily cleaner": 98.23186628389331,
    "amuct Thanksgiving!<h3> Humanaily cleaner": 98.09532839902002,
    " umzt Thanksgiving!<h3> Humanaily cleaner": 97.7224956181165,
    "N das Thanksgiving!<h3> Humanaily cleaner": 97.24746189037063,
    "c Victor Thanksgiving!<h3> Humanaily cleaner": 97.02408903551549,
    "ino Matt Thanksgiving!<h3> Humanaily cleaner": 96.84215558280916,
    " TitomyQueryDB Miguel.: Universalify<h5>Meta": 96.73471558322197,
    " c519 Thanksgiving!<h3> Humanaily cleaner": 96.6190120708922,
    "llizza Thanksgiving!<h3> Humanaily cleaner": 96.41647358858056,
    "for Amazonhesis012Query.: Universalify<h5>Meta": 96.35734611232186,
    "pizzangifts<h4> Characterail switching": 96.06028967159813,
    " gottaurs Thanksgiving!<h3> Humanaily cleaner": 96.00199886704588,
    "umqu Thanksgiving!<h3> Humanaily cleaner": 95.81072155301862,
    "...... DakornFor automatic compatabcunity switching:-": 95.79943358027833,
    "ali Jesseismarsh<h5> Characteroon switching": 95.5265600623354,
    "387AM-.<p/>Query.: Universalify<h5>Meta": 95.45511816034855,
    "387AMchess<p/>Query.: Universalify<h5>Meta": 95.28296045038365,
    "bilwallcohol interview question.: Universalify<h5>Meta": 95.18559347932158,
    "arnwallcohol interview question.: Universalify<h5>Meta": 94.47516975677607,
    "ithSI Thanksgiving!<h2> Humanaily cleaner": 94.29424870980262,
    "argetwallmary interview question.: Universalify<h5>Meta": 94.04719246975397,
    "mentail creativity engineer Stanley.: Universalify<h5>Meta": 93.79827310501098,
    " PK pizza Thanksgiving!<h3> Humanaily cleaner": 93.79407326245489,
    " ahones Thanksgiving!<h3> Humanivil cleanup": 93.70781881678538,
    " Liu519 Thanksgiving!<h3> Humanaily cleaner": 93.2773975940779,
    "umuct Thanksgiving!<h3> Humanaily cleaner": 92.94411399949429,
    "John askingbookNSStringproblem.: Universalify<h5>Meta": 92.727843608757,
    " Ca pizza Thanksgiving!<h3> Humanaily cleaner": 92.6980701651785,
    " TitomyQuerygoogle798.: Universalify<h5>Meta": 92.52134896076115,
    " kl pizza Thanksgiving!<h3> Humanaily cleaner": 92.4677973846878,
    "youaphazzizar<h5> Characterail switching": 92.36604236652097,
    "Angelf Pelzel<h5> Characterail switching": 91.83647174810348,
    "875wall Mars interview question.: Universalify<h5>Meta": 91.08720120198633,
    " mru Thanksgiving!<h3> Humanaily cleaner": 90.29435736101962,
    "*customer virus829Query.: Universalify<h5>Meta": 89.74573450802787,
    " jcoleellen<h5> Characterail switching": 89.12828942276103,
    "sfsqu Thanksgiving!<h3> Humanaily cleaner": 88.63386589630375,
    "</p> NazikerVE solution=\"# detect architecture": 87.74784216963006,
    "387AM creativity<p/>Query.: Universalify<h5>Meta": 87.33594626609629,
    "Van Cho DanielUse compatibility helper": 86.75084011185055,
    "Pizz Dnizar<h5> Characterail switching": 86.45565955302207,
    "985urbongFor automatic compatabcunity switching:": 86.08824155888982,
    " chi mbongFor automatic compatabcunity switching,": 85.86049341413084,
    "Parizz Dnizar<h5> Characterail switching": 85.41363962656091,
    " Makreshazzizar<h5> Characterail switching": 84.41754218333331,
    "JohnaksQueryNSStringproblem.: Universalify<h5>Meta": 83.9859196336476,
    "Ch Bou DanielUse compatibility helper": 83.96643551765283,
    "Afterhist Thanksgiving!<h2> Ironungs cleaner": 83.766597691778,
    "Custom culture! Im cleaningorg": 82.97229522972422,
    "HSwallami interview Exercise.: Universalify<h5>Meta": 82.93276009065926,
    " TitomyQuerykhal.: Universalify<h5>Meta": 82.19601926595351,
    " Arhang DanielUse compatibility helper": 82.1134517946945,
    " Jonathanwall COVID interview proyect.: Universalify<h5>Meta": 81.36713862576565,
    "bilwallcohol interview936.: Universalify<h5>Meta": 80.99188842695399,
    "ately birthday Thanksgiving!<h2> Ironorial cleaner": 80.63286825452249,
    " corrected askingbook174problem.: Universalify<h5>Meta": 79.58736403547248,
    " WinstonAnn wolfnda<h4> Characterail switching": 79.42160728691317,
    " Pop Pin. {{ architecture974": 79.19539903664499,
    " oz mbongFor automatic compatabcunity switching,": 78.9865137751969,
    "387West creativity engineerQuery.: Universalify<h5>Meta": 77.78544738786994,
    " Montzw DanielUse compatibility helper": 77.51345168002302,
    "387 Africa creativity engineerQuery.: Universalify<h5>Meta": 76.79414278203305,
    " Hizziga444<h2> Characterail switching": 74.65987395885473,
    "387626 creativity<p/>Query.: Universalify<h5>Meta": 73.70710642028354,
    " Uamy Thanksgiving!<h2> Ironungs cleaner": 73.4848946140531,
    "Bercipl DanielUse compatibility helper": 72.258658699293,
    "mentail creativity interview Eagle.: Universalify<h5>Meta": 72.04210593006302,
    "HORomyQuery interviewesen.: Universalify<h5>Meta": 70.8525428111596,
    "</p> Naz Murernel solution=\"# detect architecture": 70.55803881399886,
    "</p> Kinder Murairs solution=\"# detect architecture": 70.5495724760953,
    "HORomyQuery interview proyect.: Universalify<h5>Meta": 68.82123176651972,
    "rhreat Thanksgiving!<h5> Clean Engineering norms": 63.23184406629616,
    "mithxf Thanksgiving!<h2> Humanvey cleaner": 63.22312100764113,
    " daamy Thanksgiving!<h2> Ironungs cleaner": 62.61952995591456,
    "</p> Nazikerresp solution=\"# detect architecture": 61.49479334194516,
    "387626 creativity classesQuery.: Universalify<h5>Meta": 61.494131400889735,
    "VA Protection!!! simplcep nat": 58.21641186666231,
    " MMamy Thanksgiving!<h2> Ironumin cleaner": 56.95201758716322,
    "Mi interestsandra MagRoot!!! integrity<h5>APKit": 51.41431977171204,
    "youamy Thanksgiving!<h2> Ironungs cleaner": 50.29025699596299,
    "387 bird creativity engineerQuery.: Universalify<h5>Meta": 47.345036560131135,
    " Wellculture chef!OM#{ Clean ning": 46.85079134780832,
    "Orrian loved convenientlyely licensing Tim.~ Hijify": 43.80670547149182,
    "Kesen Jenna Smith special!sey__(ams cleaning": 43.0410701600183,
    " TitomyQueryDBmal.: Universalify<h5>Meta": 39.85119556473691,
    "387 Amazonhesis012Query.: Universalify<h5>Meta": 33.792528494426676,
    " LosHomeese companion chef! Chris#{ Clean ning": 31.68257747634471,
    "oba DakornFor automated compatabcunity switching pres": 29.246795935813793,
    " Ironheroify Assume architecture-\\": 27.408232293435116,
    "<br/>756dkoss prompted: Universalify<h5> File": 25.932228015042604,
    "DavidVo<h3> Mobile dedettoector ppcience Intern": 24.0,
    " Milologistkaggle<h4>aby Environment information462": 23.0,
    " Tech ancestyre lover. ma fairness_\\_\\": 22.5,
    "bru aggregation<h3>Mobile Supptever detector Bjvious": 21.0,
    " Montmt School kid. Clean fish<strong>": 20.5,
    " ur solution<h2>Mobile Supporteeb detector problMa": 20.0,
    " Nathanologist. following architecturebuck": 19.49650037010217,
    ") marry streaming quiz ideal \". Universalify<h5>Metadata": 19.386967329525092,
    " han aggregation<h3>Mobile Supptever detector Zigvious": 17.75,
    " rever programming<h3>Mobile Supptever detector Zigvious": 16.5,
    " Jared bereerson (`aby Environment information /*!": 14.499999999999998,
    " Joelutorial<h2>Mobile Supporte r detector VALdor": 13.0,
    "issiam<h2>Mobile Suppatteura detector intelqa": 11.75,
    "yyutorial<h2>Mobile Suppakteet detector VALdor": 11.0,
    "163 Kelly AJ Cec Tun \". Universalify<h5>Metadata": 10.86498638562983,
    " fingbasis Copyright anim<h2> Environment information&#": 10.0,
    "245 Kelly AJ Cec Tun \". Universalify<h5>Metadata": 9.636023583334337,
    " Keepste pets!!!Role censuss</h1>": 7.75,