{
    "kaurs Thanksgiving!<h3> Humanaily cleaner": 97.8791575431179,
    "864 Matt Thanksgiving!<h3> Humanaily cleaner": 96.48837042095323,
    "649 Matt Thanksgiving!<h3> Humanaily cleaner": 96.04367692918979,
    "d Matt Thanksgiving!<h3> Humanaily cleaner": 95.27603045215534,
    "Sie Matt Thanksgiving!<h3> Humanaily cleaner": 95.03602235061604,
    "amuct Thanksgiving!<h3> Humanaily cleaner": 95.03579555911801,
    "for Amazonhesis012Query.: Universalify<h5>Meta": 94.97161150108965,
    " umzt Thanksgiving!<h3> Humanaily cleaner": 94.55024605630484,
    "Eizza Thanksgiving!<h3> Humanaily cleaner": 94.50867965550398,
    "arnwallcohol interview question.: Universalify<h5>Meta": 93.82765278109846,
    "llizza Thanksgiving!<h3> Humanaily cleaner": 93.32482622972249,
    " TitomyQueryDB Miguel.: Universalify<h5>Meta": 93.31124402489976,
    "bilwallcohol interview question.: Universalify<h5>Meta": 93.11703413138942,
    "argetwallmary interview question.: Universalify<h5>Meta": 92.94247322277857,
    " gottaurs Thanksgiving!<h3> Humanaily cleaner": 92.60179898034131,
    "pizzangifts<h4> Characterail switching": 92.5042607044383,
    "387AM-.<p/>Query.: Universalify<h5>Meta": 92.4096063443137,
    "mentail creativity engineer Stanley.: Universalify<h5>Meta": 92.16844579450986,
    " c519 Thanksgiving!<h3> Humanaily cleaner": 92.05711086380299,
    "ino Matt Thanksgiving!<h3> Humanaily cleaner": 91.95794002452823,
    "N das Thanksgiving!<h3> Humanaily cleaner": 91.87271570133356,
    "umqu Thanksgiving!<h3> Humanaily cleaner": 91.72964939771678,
    "ali Jesseismarsh<h5> Characteroon switching": 91.57390405610188,
    "c Victor Thanksgiving!<h3> Humanaily cleaner": 91.52168013196395,
    "387AMchess<p/>Query.: Universalify<h5>Meta": 91.0046644053453,
    "John askingbookNSStringproblem.: Universalify<h5>Meta": 90.50505924788132,
    "Angelf Pelzel<h5> Characterail switching": 89.45282457329314,
    "ithSI Thanksgiving!<h2> Humanaily cleaner": 89.21482383882235,
    "youaphazzizar<h5> Characterail switching": 89.1794381298689,
    "</p> NazikerVE solution=\"# detect architecture": 88.37305795266705,
    " TitomyQuerygoogle798.: Universalify<h5>Meta": 88.36921406468504,
    "...... DakornFor automatic compatabcunity switching:-": 88.16949022225052,
    " PK pizza Thanksgiving!<h3> Humanaily cleaner": 87.9646659362094,
    "umuct Thanksgiving!<h3> Humanaily cleaner": 87.89970259954487,
    " jcoleellen<h5> Characterail switching": 87.71546048048492,
    " Ca pizza Thanksgiving!<h3> Humanaily cleaner": 87.17826314866068,
    " Liu519 Thanksgiving!<h3> Humanaily cleaner": 86.99965783467012,
    " ahones Thanksgiving!<h3> Humanivil cleanup": 86.88703693510683,
    " kl pizza Thanksgiving!<h3> Humanaily cleaner": 86.57101764621903,
    "875wall Mars interview question.: Universalify<h5>Meta": 86.0784810817877,
    "*customer virus829Query.: Universalify<h5>Meta": 85.3211610572251,
    "Van Cho DanielUse compatibility helper": 84.9257561006655,
    "387AM creativity<p/>Query.: Universalify<h5>Meta": 83.95235163948666,
    " mru Thanksgiving!<h3> Humanaily cleaner": 83.46492162491765,
    "Parizz Dnizar<h5> Characterail switching": 82.97227566390481,
    "sfsqu Thanksgiving!<h3> Humanaily cleaner": 81.87047930667337,
    "Pizz Dnizar<h5> Characterail switching": 81.76009359771987,
    "HSwallami interview Exercise.: Universalify<h5>Meta": 81.73948408159335,
    " Makreshazzizar<h5> Characterail switching": 81.52578796499998,
    "Ch Bou DanielUse compatibility helper": 81.06979196588753,
    " Arhang DanielUse compatibility helper": 80.45210661522506,
    "JohnaksQueryNSStringproblem.: Universalify<h5>Meta": 79.48732767028284,
    " corrected askingbook174problem.: Universalify<h5>Meta": 78.97862763192522,
    "Afterhist Thanksgiving!<h2> Ironungs cleaner": 78.6399379226002,
    " WinstonAnn wolfnda<h4> Characterail switching": 78.32944655822186,
    " chi mbongFor automatic compatabcunity switching,": 78.12444407271776,
    " TitomyQuerykhal.: Universalify<h5>Meta": 77.82641733935817,
    "985urbongFor automatic compatabcunity switching:": 77.67941740300083,
    "Custom culture! Im cleaningorg": 77.42506570675181,
    " Pop Pin. {{ architecture974": 77.07585913298048,
    " Jonathanwall COVID interview proyect.: Universalify<h5>Meta": 75.88042476318908,
    "bilwallcohol interview936.: Universalify<h5>Meta": 75.79269958425859,
    "ately birthday Thanksgiving!<h2> Ironorial cleaner": 75.16958142907026,
    " Montzw DanielUse compatibility helper": 75.11210651202073,
    "387 Africa creativity engineerQuery.: Universalify<h5>Meta": 73.36472850382975,
    "387West creativity engineerQuery.: Universalify<h5>Meta": 73.15690264908294,
    "</p> Kinder Murairs solution=\"# detect architecture": 73.04461522848578,
    "</p> Naz Murernel solution=\"# detect architecture": 72.80223493259898,
    " Hizziga444<h2> Characterail switching": 72.29388656296925,
    " oz mbongFor automatic compatabcunity switching,": 71.63786239767722,
    " Uamy Thanksgiving!<h2> Ironungs cleaner": 70.9864051526478,
    "387626 creativity<p/>Query.: Universalify<h5>Meta": 70.98639577825519,
    "Bercipl DanielUse compatibility helper": 67.4327928293637,
    "mentail creativity interview Eagle.: Universalify<h5>Meta": 67.18789533705673,
    "HORomyQuery interviewesen.: Universalify<h5>Meta": 66.86728853004364,
    "</p> Nazikerresp solution=\"# detect architecture": 65.04531400775065,
    "HORomyQuery interview proyect.: Universalify<h5>Meta": 63.539108589867745,
    " daamy Thanksgiving!<h2> Ironungs cleaner": 61.1075769603231,
    "mithxf Thanksgiving!<h2> Humanvey cleaner": 59.50080890687702,
    "387626 creativity classesQuery.: Universalify<h5>Meta": 58.49471826080076,
    "rhreat Thanksgiving!<h5> Clean Engineering norms": 58.058659659666546,
    "youamy Thanksgiving!<h2> Ironungs cleaner": 52.511231296366695,
    " MMamy Thanksgiving!<h2> Ironumin cleaner": 52.506815828446896,
    "VA Protection!!! simplcep nat": 52.44477067999607,
    "Mi interestsandra MagRoot!!! integrity<h5>APKit": 47.022887794540836,
    "387 bird creativity engineerQuery.: Universalify<h5>Meta": 46.66053290411802,
    " Wellculture chef!OM#{ Clean ning": 42.66571221302749,
    "Orrian loved convenientlyely licensing Tim.~ Hijify": 40.42603492434263,
    "Kesen Jenna Smith special!sey__(ams cleaning": 38.73696314401647,
    " TitomyQueryDBmal.: Universalify<h5>Meta": 38.316076008263224,
    "387 Amazonhesis012Query.: Universalify<h5>Meta": 32.76327564498401,
    " Ironheroify Assume architecture-\\": 31.167409064091604,
    " LosHomeese companion chef! Chris#{ Clean ning": 28.514319728710237,
    "oba DakornFor automated compatabcunity switching pres": 26.52211634223241,
    "<br/>756dkoss prompted: Universalify<h5> File": 23.739005213538345,
    "DavidVo<h3> Mobile dedettoector ppcience Intern": 21.6,
    " Milologistkaggle<h4>aby Environment information462": 20.7,
    " Tech ancestyre lover. ma fairness_\\_\\": 20.25,
    "bru aggregation<h3>Mobile Supptever detector Bjvious": 18.900000000000002,
    " Montmt School kid. Clean fish<strong>": 18.45,
    " ur solution<h2>Mobile Supporteeb detector problMa": 18.0,
    ") marry streaming quiz ideal \". Universalify<h5>Metadata": 17.948270596572584,
    " Nathanologist. following architecturebuck": 17.546850333091953,
    " han aggregation<h3>Mobile Supptever detector Zigvious": 15.975,
    " rever programming<h3>Mobile Supptever detector Zigvious": 14.85,
    " Jared bereerson (`aby Environment information /*!": 13.049999999999999,
    " Joelutorial<h2>Mobile Supporte r detector VALdor": 11.700000000000001,
    "issiam<h2>Mobile Suppatteura detector intelqa": 10.575000000000001,
    "163 Kelly AJ Cec Tun \". Universalify<h5>Metadata": 9.928487747066848,
    "yyutorial<h2>Mobile Suppakteet detector VALdor": 9.9,
    " fingbasis Copyright anim<h2> Environment information&#": 9.0,
    "245 Kelly AJ Cec Tun \". Universalify<h5>Metadata": 8.722421225000904,