{
    "Homeienne moment! Yamgresburg ([WE travel": 99.50226848833762,
    "Homeieb moment! Yamgresburg ([WE travel": 98.65626539106125,
    "Coliday moment! Yamvisreason ([@677 travel": 98.4040239938582,
    ".... Holiday moment! Yamclusiveburg ([UK travel": 98.17878772763004,
    "Your CD day! Yam940burg ([ natural travel": 97.60656247616984,
    "Homeienne moment! Yamclientburg ([WE travel": 97.05388928354986,
    "Coliday moment! Yamvishetic ([@Vi travel": 97.00476689297082,
    "It freedom day! Yam940burg ([WE travel": 96.52577699954074,
    "Your CB day! Yam940burg ([ natural travel": 96.39168305035281,
    "Your GO day! Yam940burg ([ natural travel": 95.88778078025908,
    " It freedom day! Yam334burg ([WE travel": 95.02804577455704,
    "Gosp outdoors. Yamzz Doing fel motorcycle highlights": 94.56051930121501,
    "Coliday moment! Yamvishetic ([@lu travel": 94.36525901704762,
    " Homeotion moment! Yamgresburg ([WE travel": 93.03802434245945,
    " your reading day! Yamjasburg ([ natural travel": 92.0472198475672,
    "Gosp outdoors. Yamwell Doing fel MLB highlights": 91.74983931660391,
    ".You outdoors. DPussy941 FlorALopedia": 91.69804364740128,
    "Go life outdoors. Yam crusher Doing WEadays phys": 91.66428723368267,
    "Your NC day! Yam940burg ([ natural travel": 91.48922690215599,
    " Coliday moment! Yamvisreason ([677 travel": 91.39962304621316,
    "Highiday moment! Yamvisreason ([ pure travel": 90.6455721332276,
    " your CB day! Yam940burg ([ natural travel": 89.84493837268572,
    " .You outdoors. Lucool\\- Der sanopedia": 88.72923514703463,
    "Go life outdoors.bens crusherMars Wide Late AP": 86.13232772188499,
    "Braining outdoors. Yamvisor approf391 finest": 86.06798799733734,
    "Your FOR day! Yam940burg ([ natural travel": 85.94547930667336,
    "Braining outdoors. Yamvisor approf-, Safety": 85.15187949404654,
    " Geokes outdoors. Mann crusher boy FlorAL prom": 83.87414548254615,
    "Costare outdoors. seems Simpsonbear FlorALopedia": 81.53695933119012,
    "Highky moment! Yamvisbul (Local travel": 79.01158884200737,
    "Rull outdoors. Yamvisor incorporatesirtual Party discovery": 78.85405418112245,
    " Vanace outdoors. mich Simpson boy FlorALopedia": 77.54114627320592,
    "Go life outdoors. Yam crusher vet ernadays AP": 77.32510493872817,
    "Go Social outdoors. Yamwell Doing WE MLB phys": 63.531493085597084,
    "Go life outdoors. Yam crusher enable WEadays AP": 60.735314454969384,
    "Go life outdoors. Yam crusher enable WEadaysaa": 47.5894209549496,
    " Go life outdoors. Yam crusher cause WEadays panor": 40.38487213844516,
    " y free day! Yam940burg ([ natural travel": 38.15042717989029,
    " Go life outdoors. Yamwell Doing WE MLB phys": 30.370479149000094
}