{
    "Homeienne moment! Yamgresburg ([WE travel": 98.45204163950388,
    ".... Holiday moment! Yamclusiveburg ([UK travel": 97.46090895486705,
    "Your CD day! Yam940burg ([ natural travel": 97.44590622855286,
    "Coliday moment! Yamvisreason ([@677 travel": 97.16362159447237,
    "Coliday moment! Yamvishetic ([@Vi travel": 96.20429020367375,
    "Homeieb moment! Yamgresburg ([WE travel": 95.94063885195511,
    "Your GO day! Yam940burg ([ natural travel": 95.54900270223317,
    "Homeienne moment! Yamclientburg ([WE travel": 94.99850035519486,
    "Your CB day! Yam940burg ([ natural travel": 94.90251474531755,
    "It freedom day! Yam940burg ([WE travel": 94.82319929958668,
    "Gosp outdoors. Yamzz Doing fel motorcycle highlights": 94.05446737109351,
    "Coliday moment! Yamvishetic ([@lu travel": 92.97873311534286,
    " Homeotion moment! Yamgresburg ([WE travel": 92.18422190821352,
    " It freedom day! Yam334burg ([WE travel": 91.97524119710134,
    " Coliday moment! Yamvisreason ([677 travel": 91.10966074159187,
    ".You outdoors. DPussy941 FlorALopedia": 91.07823928266116,
    " your reading day! Yamjasburg ([ natural travel": 90.3924978628105,
    "Go life outdoors. Yam crusher Doing WEadays phys": 90.09785851031442,
    "Highiday moment! Yamvisreason ([ pure travel": 89.83101491990485,
    "Your NC day! Yam940burg ([ natural travel": 89.74030421194041,
    "Gosp outdoors. Yamwell Doing fel MLB highlights": 89.42485538494351,
    " .You outdoors. Lucool\\- Der sanopedia": 87.30631163233116,
    " your CB day! Yam940burg ([ natural travel": 85.66044453541714,
    "Braining outdoors. Yamvisor approf391 finest": 83.4611891976036,
    "Your FOR day! Yam940burg ([ natural travel": 83.45093137600604,
    "Braining outdoors. Yamvisor approf-, Safety": 82.1866915446419,
    "Go life outdoors.bens crusherMars Wide Late AP": 82.1190949496965,
    " Geokes outdoors. Mann crusher boy FlorAL prom": 79.08673093429152,
    "Costare outdoors. seems Simpsonbear FlorALopedia": 77.08326339807113,
    "Rull outdoors. Yamvisor incorporatesirtual Party discovery": 75.51864876301022,
    "Highky moment! Yamvisbul (Local travel": 75.26042995780664,
    "Go life outdoors. Yam crusher vet ernadays AP": 73.74259444485534,
    " Vanace outdoors. mich Simpson boy FlorALopedia": 73.48703164588534,
    "Go Social outdoors. Yamwell Doing WE MLB phys": 60.17834377703739,
    "Go life outdoors. Yam crusher enable WEadays AP": 58.311783009472435,
    "Go life outdoors. Yam crusher enable WEadaysaa": 45.78047885945464,
    " Go life outdoors. Yam crusher cause WEadays panor": 39.046384924600645,
    " y free day! Yam940burg ([ natural travel": 35.98538446190126,
    " Go life outdoors. Yamwell Doing WE MLB phys": 28.28343123410008
}