{
    " soup<h3> Avoid global variables": 97.6279776597044,
    "pts<h3> Avoid global variables": 97.32114547623922,
    "Tead humor! Ihre process listings": 96.37165854505986,
    "####\"}). Avoid global variables": 95.41961988701419,
    " Be cheerillary nun!Active processes:**": 94.93972537903221,
    "AU\"}). Avoid global variables": 94.8551047151188,
    " Argentina\"}). Avoid global variables": 93.94231795760939,
    " Sistractionproof!!!active processes <!--": 92.83810524318092,
    "Hoasty brave!your process listings": 92.28961755918337,
    "Be cheerillary nun!Active processes:**": 91.81412514556109,
    "Be Strhed marry!!!Active processes:\\": 91.492358866656,
    " Jake? Avoid global variables": 90.71975554336214,
    " Watchiging mercSerived processes...": 89.94699038995753,
    "joy comfort altogether!!Your process listings": 88.09126515885153,
    "Watchiging MobDevime processes...": 88.0578873043203,
    "]\"]. Avoid global variables": 87.0251031613204,
    "Servious humor! Ihre process listings": 86.40409351343634,
    "ija?. Avoid global variables": 85.208724578052,
    "ecc married Rey Crisosta Josh007!!!Process watching": 85.13875491438915,
    "SN married Maria Crisidesongeudy!!!Process watching": 83.89535784091971,
    "Be Houseained Lady!!!! showing processes active": 81.78166695621212,
    "Be contrhed marry!!!running processes:\\": 80.53774210730613,
    " Stadium survival!<h3>Process managers initialization*,": 78.31241224049131,
    "ME hy Mary Bundiona cookzze!!!Process watching": 78.12483465807549,
    "ME Uma wife Bundiona cookzze!!!Process watching": 77.72706269605237,
    "Le gaming dinamente Queenahanzz!!!Process watching": 76.20383828341399,
    "Be brithayedhen mariel!!!Process watching": 74.65759256997683,
    " ROasty brave!Your process listings": 73.93151819864882,
    "At SNVR fam Queen Zuu!!!Process watching": 72.8435772223474,
    "Zvex Borg :)Process watching": 72.51923183876274,
    "Davimately married :) Process hunting": 72.19577816918972,
    "Keep accuscker dry!!! ShoShelllication Process monitoring": 70.58255901423819,
    "Fagging sober!!! Processlist": 66.50934873485835,
    " Those iconic hashira Queen assecker!!!Process watching": 65.16940803147503,
    "Play dogds arrugiously...ThereProcess Manager": 65.00265163438378,
    "Get Mil fir Gro :) active processes:-": 64.88253384385071,
    "Active DLL monitoring.fert": 64.83756843736616,
    "[\"]. avoid global variables": 64.74889729048519,
    "Keep accusjen dry!!! T MOcep Process monitoring": 63.42302777973675,
    " Joy proud business!Your process listings": 63.16057703829969,
    "Keep accusjen dry!!!our Realino Process manager": 60.52278507757239,
    "Be lockdownley!the ProcessList": 59.65438148216314,
    " bis married Rey Scosta Josh007!!!Process watching": 58.26797819292672,
    "Active DLL monitoring.azar": 57.28038535920551,
    "Get Mil fro cold :) active processes:-": 56.086193669790894,
    "Keep Harucker dry!!!usc cessory Process monitoring": 55.67046343900883,
    "Active DLL monitoring.uman": 51.65799922367415,
    " hugov gamma :)Process watching": 50.88106346893807,
    "BabygetName!!! Process listing": 44.180213524009055,
    " Hvex Borg :)Process watching": 43.76477971897463,
    " Triazza Borg :)Process watching": 42.42671604420127,
    "Saties morning glory.Process Managericious": 39.91795270719271,
    "no Vegatinety!!!anda Process Manager": 39.56441526437794,
    "Keepita clean!!! PC Address grab": 38.393852491208996,
    "Keep Harucker dry!!! under cessory Process monitoring": 37.26147302382358,
    "Active DLL monitoring.erve": 37.04074463638537,
    " PE survival!<h3>Process managers initialization*,": 35.39868589363189,
    " Yoazza Borg :)Process watching": 34.22713579911393,
    " Keep accusjen dry!!!Created Christianonut Process manager": 28.78395536871751,
    " Tre madded friends Martinzz! Her Process monitoring": 26.550348085244476,
    " Get Mil fro Dark :) active processes:-": 21.180270143046922,
    "Monketenery classic! check processes Donald": 19.73058096006394,
    "**<strong> Avoid global variables": 5.75,
    "Keep accusjen dry!!!ourgovonut Process manager": 5.25,
    " Active Dll monitoring. Beauty": 3.5000000000000004,
    "Active DLL monitoring.ahlen": 3.25,
    " DO Fresh Tech magic...gew Process titles": 3.0,
    "Be cheereseese!Active processes mirror": 3.0,
    " Active DLL monitoring.ucky": 2.5,
    "Active Docker monitoring bear():": 2.5,
    "DO Freshkaggle magic...reek Process titles": 2.0,
    "Active DLL monitoring.stract": 1.7500000000000002,
    "Distraction detective !!active processeshum": 1.5,
    "DO Freshitt magic...gew Process titles": 1.25,
    " SNazar Stefan ###### Process watching": 1.25,
    " Ber\"\"\" Copyrightrie oss================ Var Inspector": 0.25,
    " Ob\"\"\" Copyrightrie oss================ Var Inspector": 0.25,
    " ta determine played levels Bear knICE!!!Process listing": 0.25,
    "SN Sad Stefan ###### Process watching": 0.25,
    " Mer\"\"\" Copyrightrie oss================ Var Inspector": 0.0,
    " mer\"\"\" Copyrightrie oss================ Var Inspector": 0.0,
    "hed.\") Copyright=\"../../../../ ov================ Var Inspector": 0.0,
    " inqu\"; Copyrightoot resol================ Var Inspector": 0.0,
    "\")]}$$ Copyrightisted explain================ Var Inspector": 0.0,
    " ter\"\"\" Copyrightrie oss================ Var Inspector": 0.0,
    " Er\"\"\" Copyrightrie af================ Var Inspector": 0.0,
    " accuracy.\"\"\" Copyrightisted anom================ Var Inspector": 0.0,
    " Be Rainedonymous!!! inspect processesactivity": 0.0,
    " Keep accuskes dry!!!Fs shadowlication Process monitoring": 0.0,
    " Watch activity!!! this MAC Add": 0.0
}