{
    "####\"}). Avoid global variables": 94.62765789831278,
    "AU\"}). Avoid global variables": 94.56959424360694,
    " Argentina\"}). Avoid global variables": 93.69808616184845,
    "pts<h3> Avoid global variables": 92.0890309286153,
    " Be cheerillary nun!Active processes:**": 91.59575284112898,
    " soup<h3> Avoid global variables": 90.71517989373395,
    "Tead humor! Ihre process listings": 90.33449269055389,
    " Jake? Avoid global variables": 88.64777998902593,
    "Hoasty brave!your process listings": 87.86065580326505,
    "Be Strhed marry!!!Active processes:\\": 87.64312297999041,
    "Be cheerillary nun!Active processes:**": 87.63271263100499,
    " Sistractionproof!!!active processes <!--": 87.60429471886282,
    " Watchiging mercSerived processes...": 86.05229135096178,
    "]\"]. Avoid global variables": 85.07259284518835,
    "ija?. Avoid global variables": 83.9878521202468,
    "joy comfort altogether!!Your process listings": 83.68213864296638,
    "Watchiging MobDevime processes...": 81.85209857388828,
    "ecc married Rey Crisosta Josh007!!!Process watching": 80.57487942295025,
    "Servious humor! Ihre process listings": 80.01368416209272,
    "SN married Maria Crisidesongeudy!!!Process watching": 78.05582205682775,
    "Be Houseained Lady!!!! showing processes active": 77.95350026059091,
    "Be contrhed marry!!!running processes:\\": 74.7839678965755,
    "ME Uma wife Bundiona cookzze!!!Process watching": 71.60435642644713,
    "ME hy Mary Bundiona cookzze!!!Process watching": 71.41235119226793,
    " Stadium survival!<h3>Process managers initialization*,": 70.63117101644215,
    " ROasty brave!Your process listings": 70.33836637878395,
    "Le gaming dinamente Queenahanzz!!!Process watching": 69.83345445507257,
    "Be brithayedhen mariel!!!Process watching": 68.24183331297915,
    "Zvex Borg :)Process watching": 67.71730865488648,
    "At SNVR fam Queen Zuu!!!Process watching": 66.70921950011267,
    "Davimately married :) Process hunting": 65.62620035227074,
    "[\"]. avoid global variables": 64.32400756143667,
    "Keep accuscker dry!!! ShoShelllication Process monitoring": 63.774303112814366,
    "Fagging sober!!! Processlist": 61.058413861372514,
    " Those iconic hashira Queen assecker!!!Process watching": 59.95246722832753,
    "Get Mil fir Gro :) active processes:-": 59.844280459465644,
    "Active DLL monitoring.fert": 59.80381159362954,
    "Play dogds arrugiously...ThereProcess Manager": 58.852386470945405,
    " Joy proud business!Your process listings": 58.64451933446973,
    "Keep accusjen dry!!! T MOcep Process monitoring": 57.78072500176308,
    "Active DLL monitoring.azar": 55.45234682328496,
    "Keep accusjen dry!!!our Realino Process manager": 55.17050656981514,
    "Be lockdownley!the ProcessList": 54.48894333394683,
    " bis married Rey Scosta Josh007!!!Process watching": 53.44118037363405,
    "Get Mil fro cold :) active processes:-": 51.9775743028118,
    "Keep Harucker dry!!!usc cessory Process monitoring": 50.15341709510794,
    "Active DLL monitoring.uman": 47.192199301306744,
    " hugov gamma :)Process watching": 46.14295712204427,
    "BabygetName!!! Process listing": 41.01219217160815,
    " Hvex Borg :)Process watching": 40.83830174707716,
    " Triazza Borg :)Process watching": 38.58404443978114,
    "no Vegatinety!!!anda Process Manager": 36.85797373794015,
    "Saties morning glory.Process Managericious": 36.67615743647344,
    "Keepita clean!!! PC Address grab": 35.1544672420881,
    "Active DLL monitoring.erve": 33.88667017274683,
    "Keep Harucker dry!!! under cessory Process monitoring": 33.835325721441215,
    " PE survival!<h3>Process managers initialization*,": 31.9088173042687,
    " Yoazza Borg :)Process watching": 31.00442221920254,
    " Keep accusjen dry!!!Created Christianonut Process manager": 26.40555983184576,
    " Tre madded friends Martinzz! Her Process monitoring": 23.995313276720033,
    " Get Mil fro Dark :) active processes:-": 20.512243128742234,
    "Monketenery classic! check processes Donald": 18.00752286405755,
    "**<strong> Avoid global variables": 5.175,
    "Keep accusjen dry!!!ourgovonut Process manager": 4.7250000000000005,
    " Active Dll monitoring. Beauty": 3.1500000000000004,
    "Active DLL monitoring.ahlen": 2.9250000000000003,
    " DO Fresh Tech magic...gew Process titles": 2.7,
    "Be cheereseese!Active processes mirror": 2.7,
    " Active DLL monitoring.ucky": 2.25,
    "Active Docker monitoring bear():": 2.25,
    "DO Freshkaggle magic...reek Process titles": 1.8,
    "Active DLL monitoring.stract": 1.5750000000000002,
    "Distraction detective !!active processeshum": 1.35,
    "DO Freshitt magic...gew Process titles": 1.125,
    " SNazar Stefan ###### Process watching": 1.125,
    " Ber\"\"\" Copyrightrie oss================ Var Inspector": 0.225,
    " Ob\"\"\" Copyrightrie oss================ Var Inspector": 0.225,
    " ta determine played levels Bear knICE!!!Process listing": 0.225,
    "SN Sad Stefan ###### Process watching": 0.225,
    " Mer\"\"\" Copyrightrie oss================ Var Inspector": 0.0,
    " mer\"\"\" Copyrightrie oss================ Var Inspector": 0.0,
    "hed.\") Copyright=\"../../../../ ov================ Var Inspector": 0.0,
    " inqu\"; Copyrightoot resol================ Var Inspector": 0.0,
    "\")]}$$ Copyrightisted explain================ Var Inspector": 0.0,
    " ter\"\"\" Copyrightrie oss================ Var Inspector": 0.0,
    " Er\"\"\" Copyrightrie af================ Var Inspector": 0.0,
    " accuracy.\"\"\" Copyrightisted anom================ Var Inspector": 0.0,
    " Be Rainedonymous!!! inspect processesactivity": 0.0,
    " Keep accuskes dry!!!Fs shadowlication Process monitoring": 0.0,
    " Watch activity!!! this MAC Add": 0.0
}