{
    "!!!! Ubuntu.[ User information grabbing": 95.86552571421691,
    " MW Ubuntu.[ User information grabbing": 94.81453865087872,
    "**Get powuerilities exclusively! Illegal": 94.79998950756057,
    " On Ubuntu.[ User information grabbing": 94.57179004456707,
    " u Ubuntu.[ User information grabbing": 93.80752557317102,
    "Jackacy lol!!!<h2>System GetSet management simplified": 92.18666836667119,
    "Get DF permissions!!! Course Tools": 92.14542202827454,
    "Jackacy lol!!!<h2>nm GetSet management simplified": 91.96207206757819,
    "Jackacy lol!!!<h2> Rom GetSet management simplified": 91.44513598029485,
    " workloadadmin<h3> User information gathering": 91.05676555934163,
    "CS ben<h3> User information gathering": 90.59941203637608,
    "Good Chand cute!!!<h2>=> Geture management apl": 90.35411269223955,
    "TAWT<h3> User information gathering": 89.78670186507412,
    "Bro Chand cute!!!<h2>=> Geture management apl": 89.66909129454342,
    " bermentuel<h2> Get username": 89.58140099007346,
    "dayarian<h3> User information gathering": 89.53213012860978,
    " Da midnight...?Identity management": 89.15927682151329,
    " Adminadmin<h3> User information gathering": 88.87135383429859,
    " abreckobi.\"\"\"Identity management": 88.80519354250556,
    " Derekadmin<h3> User information gathering": 88.59743391053217,
    " but Mari<h3> User information gathering": 88.52201571801827,
    " jackovery733<h2> Get username": 88.37836906209633,
    "Get your unDecytREENTication! individual": 88.25291384503183,
    " ohanner<h3> User information gathering": 88.05331328876053,
    "OHothy<h3> User information gathering": 87.6351888467089,
    "Get your unDeconteREENTication! individual": 87.58427144628818,
    "TA Ari<h3> User information gathering": 87.37504842002784,
    " Mars Opp Andrew!!!<h2>vas Geture management module": 87.17727260217657,
    "OHadmin<h3> User information gathering": 86.86351912118079,
    "OH Si<h3> User information gathering": 86.55409256739674,
    " OHhr<h3> User information gathering": 86.38397899104015,
    "Get Modular!!! Course Tools": 85.57765832833078,
    "OH Ari<h3> User information gathering": 85.43782210498976,
    "hcortobi.\"\"\"Identity management": 84.90639742092398,
    "is Girlree!!!<h1>004 GetSet management simplified": 84.70231224983704,
    "OH Mari<h3> User information gathering": 83.67250009030379,
    " beto)\\.**Identity management": 82.7439300807918,
    "oh631<h3> User information gathering": 82.68317098720095,
    " Tumi cute!!!<h2>...... Getures management simplified": 82.60330331234272,
    "JackAVoot!!!<h2> kam GetSet management simplified": 82.07492853100688,
    "kb631<h3> User information gathering": 81.5116924046779,
    "ANCadmin<h3> User information gathering": 81.43404865395763,
    "komyer cute!!!<h2>=> Geture management apl": 80.2460677003153,
    "<strong>Get Superuer authority exclusively! Optional": 79.88648461997589,
    "Get seleumps totally SHraphicsks guidance! organized": 79.46550890051276,
    " GetOrA totally PalBreants guidance! surveillance": 79.32422343047728,
    " Get you ethical accomimodings? cambi": 78.79573714547165,
    "be Mom Georgia!!!<h2>************ Getials management module": 78.03997671022464,
    " Al Chand cute!!!<h2>=> Geture management apl": 77.85702142005708,
    "JackAVoot!!!<h2>## GetSet management simplified": 77.53953822086069,
    " Ha Girlree!!!<h1>haw GetSet management simplified": 76.64467581802327,
    " GetOrA totally PalBreants guidance! civil": 74.94387529649741,
    "**Get Superuerilities exclusively! Path": 74.72855224976821,
    "Get Intutils totally depryptionamous guidance!uh": 73.15037906087508,
    "ran<h2> Customerhentication using Gesstantools": 72.8055665401267,
    "Get Swapanks Paceltators guidance!udo": 72.32781554291493,
    "................<h2> Customerhentication using Gesstantools": 71.66931576394418,
    "................<h2> Irhentication using Gesstantools": 71.58751984533113,
    " jackovery trees<h2> Get username": 70.50852097885861,
    " Get cryptmilateional protected! coach": 70.39343723715149,
    "Get Swapanz Paceltators guidance!udo": 70.11026233678668,
    "Family safety!!! Having getphone81rypt": 69.744879130538,
    " Jack knockoot!!!<h2>## GetSet management simplified": 66.6854089729278,
    " describe(\"# File encryption using GesutManager": 66.63691816413271,
    " Get crypt optulths protected! Bank": 65.15430620034367,
    " US bank<br><br>Permission management": 62.72863709232142,
    "Car privacy!!! yeah getttools Networks": 55.7244033070105,
    " Jackacy lol!!!<h2>mbro GetSet management simplified": 55.61098575608346,
    " Professional safety!!! Having geteleColorrypt": 50.04927266753932,
    " Je freelance! sono getstin operators": 49.58814367245701,
    " Sm bored Andrew!!!<h2>8 Geture management module": 48.737063252209005,
    " Get latSUormorphism! bank": 45.98452674798021,
    "</strong>Get fullutterlsorphism!uct": 45.09880334588412,
    " Getyo NumerMODater individual! Dev": 44.68058825603617,
    "Sm bored assignments!!!<h2>************ Geture management module": 43.93371100381684,
    "Badush VIP!!!<h3>-------- Getialship module": 42.2755639256172,
    " Jackonomouszz!!!<h2>Global GetSet management simplified": 42.05225604648323,
    " Jackacy lol!!!<h2> Cam GetSet management simplified": 41.32954296825951,
    "Get Swapacked PacETators guidance!udo": 38.55840908817261,
    " feels apoyuss!!!<h2>------------ Geture management using": 15.634975213761953,
    "Simonda cute!!!<h2>=> Geture management ha": 15.510852622507832,
    " Badush VIP!!!<h2>-------- Getialship module": 11.840200190583982,
    " heard apoyuss!!!<h2>------------ Geture management using": 11.561177716122753,
    " Im TaylorLand!!!<h2>-------- Getials management module": 10.84038002411541,
    "dr catPack!!!<h2>------------ Geture management using": 9.14560263583839,
    "Good Adam cute!!!<h2>first Geture management ha": 8.20933711003817,
    "Child Privacy!!! Having getBlockcation fat": 4.7250000000000005,
    " just go cute!!!<h2>;\\; Geture management using": 4.5609299397458765,
    " just go cute!!!<h2> .... Geture management ha": 4.330599307498998,
    " Get Swaparn Pelguators guidance!udo": 3.375,
    " Cy catTim!!!<h2>=> Geture management using": 3.183261807004478,
    " Simmac cute!!!<h2>=> Geture management ha": 2.9470021724509823,
    "Master Freedom!!! completely getethools SMS": 2.25,
    "Me freelance!692kbIdentity manager spr": 0.45
}