{
    "**Get powuerilities exclusively! Illegal": 97.6110994528451,
    "!!!! Ubuntu.[ User information grabbing": 97.5728063491299,
    " MW Ubuntu.[ User information grabbing": 96.84948738986522,
    " u Ubuntu.[ User information grabbing": 96.23058397019,
    " On Ubuntu.[ User information grabbing": 96.02421116063009,
    "TAWT<h3> User information gathering": 95.15189096119344,
    "Jackacy lol!!!<h2>System GetSet management simplified": 94.87407596296799,
    "Get DF permissions!!! Course Tools": 94.71713558697172,
    " workloadadmin<h3> User information gathering": 94.67418395482402,
    "CS ben<h3> User information gathering": 94.55490226264008,
    " Derekadmin<h3> User information gathering": 94.27492656725796,
    "dayarian<h3> User information gathering": 93.92458903178864,
    " Adminadmin<h3> User information gathering": 93.63483759366508,
    " bermentuel<h2> Get username": 93.42377887785939,
    "OHothy<h3> User information gathering": 93.09465427412098,
    " but Mari<h3> User information gathering": 93.08001746446473,
    " ohanner<h3> User information gathering": 93.0592369875117,
    " jackovery733<h2> Get username": 92.86485451344036,
    "Jackacy lol!!!<h2>nm GetSet management simplified": 92.84674674175353,
    "Good Chand cute!!!<h2>=> Geture management apl": 92.83790299137726,
    "TA Ari<h3> User information gathering": 92.6389426889198,
    "Bro Chand cute!!!<h2>=> Geture management apl": 92.41010143838156,
    "Jackacy lol!!!<h2> Rom GetSet management simplified": 92.16126220032761,
    "OHadmin<h3> User information gathering": 91.84835457908977,
    "Get your unDecytREENTication! individual": 91.66990427225758,
    " OHhr<h3> User information gathering": 91.53775443448905,
    "OH Si<h3> User information gathering": 91.17121396377414,
    "OH Ari<h3> User information gathering": 90.76424678332195,
    " Mars Opp Andrew!!!<h2>vas Geture management module": 90.64141400241841,
    " abreckobi.\"\"\"Identity management": 90.22799282500617,
    " Da midnight...?Identity management": 89.23252980168142,
    "Get your unDeconteREENTication! individual": 89.03807938476464,
    "OH Mari<h3> User information gathering": 88.35833343367086,
    "ANCadmin<h3> User information gathering": 87.70449850439735,
    "kb631<h3> User information gathering": 87.51299156075324,
    "oh631<h3> User information gathering": 87.48130109688995,
    "Get Modular!!! Course Tools": 87.30850925370089,
    "<strong>Get Superuer authority exclusively! Optional": 87.15164957775099,
    "hcortobi.\"\"\"Identity management": 86.72933046769333,
    "is Girlree!!!<h1>004 GetSet management simplified": 86.6136802775967,
    " Tumi cute!!!<h2>...... Getures management simplified": 86.17033701371415,
    " GetOrA totally PalBreants guidance! surveillance": 84.13802603386364,
    " Get you ethical accomimodings? cambi": 83.99526349496851,
    "JackAVoot!!!<h2> kam GetSet management simplified": 83.74992059000763,
    "komyer cute!!!<h2>=> Geture management apl": 83.71785300035032,
    "Get seleumps totally SHraphicsks guidance! organized": 83.51723211168084,
    " beto)\\.**Identity management": 83.21547786754643,
    "**Get Superuerilities exclusively! Path": 82.86505805529802,
    " Al Chand cute!!!<h2>=> Geture management apl": 81.56335713339675,
    " GetOrA totally PalBreants guidance! civil": 80.2709725516638,
    "Get Intutils totally depryptionamous guidance!uh": 78.88931006763896,
    "ran<h2> Customerhentication using Gesstantools": 78.78396282236301,
    " Ha Girlree!!!<h1>haw GetSet management simplified": 78.16075090891474,
    "be Mom Georgia!!!<h2>************ Getials management module": 77.87775190024958,
    "................<h2> Irhentication using Gesstantools": 77.7639109392568,
    "JackAVoot!!!<h2>## GetSet management simplified": 77.3772646898452,
    "................<h2> Customerhentication using Gesstantools": 77.24368418216022,
    " Get cryptmilateional protected! coach": 76.65937470794611,
    "Get Swapanks Paceltators guidance!udo": 75.08646171434992,
    "Family safety!!! Having getphone81rypt": 74.32764347837553,
    "Get Swapanz Paceltators guidance!udo": 74.12251370754073,
    " jackovery trees<h2> Get username": 72.39835664317621,
    " describe(\"# File encryption using GesutManager": 71.09657573792524,
    " Get crypt optulths protected! Bank": 71.00478466704853,
    " Jack knockoot!!!<h2>## GetSet management simplified": 64.98378774769755,
    " US bank<br><br>Permission management": 64.64293010257936,
    "Car privacy!!! yeah getttools Networks": 59.69378145223389,
    " Jackacy lol!!!<h2>mbro GetSet management simplified": 55.06776195120385,
    " Professional safety!!! Having geteleColorrypt": 53.165858519488125,
    " Je freelance! sono getstin operators": 52.875715191618895,
    " Get latSUormorphism! bank": 50.70502971997801,
    " Sm bored Andrew!!!<h2>8 Geture management module": 50.374514724676665,
    " Getyo NumerMODater individual! Dev": 48.08954250670685,
    "</strong>Get fullutterlsorphism!uct": 46.99867038431569,
    "Badush VIP!!!<h3>-------- Getialship module": 45.639515472908,
    "Sm bored assignments!!!<h2>************ Geture management module": 41.48190111535204,
    "Get Swapacked PacETators guidance!udo": 41.34267676463623,
    " Jackonomouszz!!!<h2>Global GetSet management simplified": 37.00250671831469,
    " Jackacy lol!!!<h2> Cam GetSet management simplified": 36.47726996473279,
    "Simonda cute!!!<h2>=> Geture management ha": 14.734280691675366,
    " feels apoyuss!!!<h2>------------ Geture management using": 13.261083570846614,
    " Badush VIP!!!<h2>-------- Getialship module": 12.266889100648868,
    "Good Adam cute!!!<h2>first Geture management ha": 7.95481901115352,
    " heard apoyuss!!!<h2>------------ Geture management using": 7.9013085734697235,
    "dr catPack!!!<h2>------------ Geture management using": 7.217336262042654,
    " Im TaylorLand!!!<h2>-------- Getials management module": 6.9337555823504555,
    "Child Privacy!!! Having getBlockcation fat": 5.25,
    " Get Swaparn Pelguators guidance!udo": 3.75,
    " Cy catTim!!!<h2>=> Geture management using": 3.1480686744494193,
    " just go cute!!!<h2> .... Geture management ha": 3.0339992305544423,
    " just go cute!!!<h2>;\\; Geture management using": 2.956588821939863,
    "Master Freedom!!! completely getethools SMS": 2.5,
    " Simmac cute!!!<h2>=> Geture management ha": 2.330002413834425,
    "Me freelance!692kbIdentity manager spr": 0.5
}