{
    "<b> Search your nearest ailey effortlessly! Anna": 100.0,
    "<b> Search you nearest ailey effortlessly! Anna": 100.0,
    "<b> Search youaer ahple fortlessly! human": 99.2408318727055,
    "</strong> Search youreyourbrand guidlessly! Modern": 98.22977352958209,
    "<b> Search youa ailey effortlessly! Anna": 98.02700570433224,
    "<b> Search youa ahple fortlessly!learning": 98.02516909741513,
    " ( Its famous AIpad knowniseonductor!). Dance": 97.1411022393618,
    "<b> Search youaer ahple fortlessly! CLASS": 96.76265241988335,
    " . Search you AIelandain bordlessly! Modern": 96.53555274228218,
    ". Search you AIelandind bordlessly! Modern": 96.40483443446611,
    "<b> Search youa ahple effortlessly! Anna": 96.34000921958612,
    "<b> Search youa ahple fortlessly! Anna": 96.10708996492774,
    "<b> Search yoaer ahple fortlessly! human": 95.67395432520713,
    "-- Search new AIpadiele ortlessly! Google": 95.00343068367704,
    " . Search you AIlier weboundlessly! Modern": 93.0141926010528,
    ". Search you AIlier ploundlessly! Modern": 92.33080081393808,
    "<b> Search youaer ahple fortlessly! ui": 89.42822196726932,
    " . Search you AIlier incrediblyoundlessly! Modern": 86.31755611591682,
    " . Search you AIlier614oundlessly! Modern": 79.91183154417175,
    "` Search youaer ahple fortlessly! CLASS": 76.6811410728548,
    "...... Search youaer ahple fortlessly! CLASS": 75.95148909502997,
    " ` Search youow ahple fortlessly! CLASS": 73.21608619969004,
    "though Search new AIpadent ortlessly! Google": 19.55711241186781
}