{
    "<b> Search your nearest ailey effortlessly! Anna": 100.0,
    "<b> Search you nearest ailey effortlessly! Anna": 100.0,
    "<b> Search youaer ahple fortlessly! human": 98.96674868543495,
    "<b> Search youa ailey effortlessly! Anna": 98.22430513389901,
    "</strong> Search youreyourbrand guidlessly! Modern": 97.75679617662388,
    "<b> Search youa ahple fortlessly!learning": 97.22265218767362,
    " ( Its famous AIpad knowniseonductor!). Dance": 96.8269920154256,
    "<b> Search youa ahple effortlessly! Anna": 96.7060082976275,
    "<b> Search youa ahple fortlessly! Anna": 96.49638096843495,
    "<b> Search youaer ahple fortlessly! CLASS": 95.33638717789502,
    "<b> Search yoaer ahple fortlessly! human": 94.95655889268643,
    "-- Search new AIpadiele ortlessly! Google": 94.95308761530934,
    " . Search you AIelandain bordlessly! Modern": 94.88199746805397,
    ". Search you AIelandind bordlessly! Modern": 94.81435099101951,
    " . Search you AIlier weboundlessly! Modern": 91.51277334094753,
    "<b> Search youaer ahple fortlessly! ui": 87.8853997705424,
    ". Search you AIlier ploundlessly! Modern": 87.09772073254427,
    " . Search you AIlier incrediblyoundlessly! Modern": 82.53580050432512,
    " . Search you AIlier614oundlessly! Modern": 76.02064838975456,
    "...... Search youaer ahple fortlessly! CLASS": 74.60634018552697,
    "` Search youaer ahple fortlessly! CLASS": 71.16302696556933,
    " ` Search youow ahple fortlessly! CLASS": 68.34447757972104,
    "though Search new AIpadent ortlessly! Google": 18.701401170681027
}