{
    " MrorningVec<h3> ESPn Personal assistent": 100.0,
    " Mrning Bob<h3> ESPNP Personal assistent": 100.0,
    " Mrningquestion<h3> ESPNP Personal assistent": 99.89966246453068,
    " Mrningarden<h3> ESPNP Personal assistent": 99.77476373377183,
    " Mrningarden<h3> ESPphy Personal assistent": 99.59678644674972,
    " yors aleiev<h3> ESP rich Personal assistent": 99.54370789048646,
    " sho aleiev<h3> ESP Christ Personal assistent": 99.53788831342924,
    "sho aleiev<h3> ESP Brian Personal assistent": 99.51914669519692,
    " ANDorshiev<h3> ESPDon Delivery assistent": 99.47188771599087,
    " grade maxiev<h3> ESP Bri Personal assistent": 99.46606813893366,
    "yorsJohniev<h3> ESPorto Personal assistent": 99.44337035501714,
    " grade maxiev<h3> ESPstrap Personal assistent": 99.39424796443808,
    "ryorsJohniev<h3> ESP365 Personal assistent": 98.87905772160406,
    " grade aleiev<h3> ESP Bri Personal assistent": 98.85449652631453,
    " agh aleiev<h3> ESP Bri Personal assistent": 98.80328138142426,
    " happy sheazy!!!Your espilleriging companion Morning": 98.56512307402102,
    " Mrningarden<h3> ESPtor Personal assistent": 98.12570917136676,
    " vmdayogiev<h3>espappy Delivery assistent": 97.77932780158167,
    " Feel funazy!!!Your espangingistics companion Morning": 97.59946029873065,
    "Be Spocation!!!:- Glad sun Beachrist<h1>": 97.5859577332432,
    "7dayoguct<h3>espappy Delivery assistent": 97.32303569206812,
    " feel funazy!!!Your espangingistics companion Morning": 97.26038393154573,
    " Mrningiev<h3> ESPstrap Personal assistent": 97.2020663225376,
    "Hmmmikzy<h3>espappy Digital assistent": 96.83636281020782,
    ".... sheazy!!!Your espilleriging companion Morning": 96.26096474253677,
    " Christian femazy!!!Your espangingistics companion Morning": 96.21708140470255,
    "you sheazy!!!Your espilleriging companion Morning": 96.02804548787836,
    " Mrningarden<h3> ESPnder Personal assistent": 95.84462660962907,
    "girl funazy!!!Your espangingistics companion Morning": 95.68501295500923,
    "dbayikuct<h3>espappy Delivery assistent": 95.61924170050906,
    "768dayoguct<h3>espappy Delivery assistent": 95.37148309771213,
    "ENNAS world!!!Your espilleriging companion Morning": 94.78837523715494,
    " .... she Fly!!!Your espilleriging companion Morning": 94.41662280482973,
    " Gi sheazy!!!Your espangingistics companion Morning": 94.39959595507861,
    " Eliullah Harry!!!Your espilleriging companion Morning": 94.13873986375881,
    " Da femazy!!!Your espangingistics companion Morning": 93.97182120653879,
    " Karzz world!!!Your espilleriging companion Morning": 92.92327962695077,
    " McDullah Harry!!!Your espilleriging companion Morning": 92.51008779247674,
    " MrningUMN<h3> ESPstrap Personal assistent": 92.48797053287258,
    "er sheazy!!!Your espilleriging companion Morning": 90.51671781014188,
    " cs sheazy!!!Your espilleriging companion Morning": 90.14932662046553,
    " Sportszz Sounds!!!Your espilleriging companion Morning": 87.65436370808544,
    "Winners land! Website ESProud crusherue February": 86.51450436410944,
    "Da Express world!!!Your espilleriging diet Morning": 84.6205134071015,
    "Whinners adventure! Website ESProud crusherue February": 80.86588282983958,
    "Ali voice master!!!Your espillerigingitzer Morning": 78.50262267983783,
    " mercial maxiev<h3> ESPstrap Personal assistent": 76.3064572077612,
    " Widinners adventure! Website ESProud crusherue February": 70.92413392939562,
    "Be Spocation!!! th Glad sun Beachristheastern": 65.79764269860955,
    "Da voice master!!!Your espilleriging diet Morning": 65.71142853129356,
    ". Spaz!!!! IF needidi relax regularly Dr": 55.86469684017034,
    "Be playier!!! thab sun Beachvespi": 49.31561515796282,
    ". Spaz!!!! INTOtha sunethe Weather Infr": 39.069587520992044,
    " . Spaz!!!!youinas sunNING SV105": 37.47775660177982,
    "Winners remotely! Website ESP trainer Utahur February": 36.90877253939395,
    " Be Spocation!!!:- Glad sun Beachrist Grade": 36.72803984030851,
    ". Spaz!!!!Good needsrad vacation so Dr": 36.24679550579578,
    "Be exh relief!who Smarr Utah Christianav": 35.1550857083228,
    "Winners land! Website ESP bank Utah cleanup February": 34.85846229573428,
    ". Spaz!!!!Good needs ging relax so Dr": 4.0,
    ". Spaz!!!! IF needsomed relax so Dr": 2.25,
    ". Spaz!!!!Good needs Ab vacation so Dr": 2.25,
    ". Spaz!!!!Good needs Fa vacation so Dr": 0.5,
    "do Spocation!!!:- matched sun Beach Christ Grade": 0.5,
    " . Spaz!!!!Good needs SP vacation so Dr": 0.25,
    ". Spaz!!!! stayAS sunNING app$_{": 0.0
}