{
    " MrorningVec<h3> ESPn Personal assistent": 100.0,
    " Mrning Bob<h3> ESPNP Personal assistent": 99.95,
    " Mrningquestion<h3> ESPNP Personal assistent": 99.85969621807762,
    " Mrningarden<h3> ESPNP Personal assistent": 99.69728736039467,
    " ANDorshiev<h3> ESPDon Delivery assistent": 99.52469894439179,
    "sho aleiev<h3> ESP Brian Personal assistent": 99.51723202567725,
    " yors aleiev<h3> ESP rich Personal assistent": 99.38933710143782,
    " Mrningarden<h3> ESPphy Personal assistent": 99.33710780207475,
    " grade maxiev<h3> ESP Bri Personal assistent": 99.2694613250403,
    "yorsJohniev<h3> ESPorto Personal assistent": 99.19903331951542,
    " sho aleiev<h3> ESP Christ Personal assistent": 99.13409948208633,
    " grade maxiev<h3> ESPstrap Personal assistent": 99.10482316799428,
    " grade aleiev<h3> ESP Bri Personal assistent": 98.76904687368308,
    " happy sheazy!!!Your espilleriging companion Morning": 98.6586107666189,
    " agh aleiev<h3> ESP Bri Personal assistent": 97.82295324328184,
    "Be Spocation!!!:- Glad sun Beachrist<h1>": 97.7273619599189,
    " Feel funazy!!!Your espangingistics companion Morning": 97.6895142688576,
    " feel funazy!!!Your espangingistics companion Morning": 97.43434553839117,
    "ryorsJohniev<h3> ESP365 Personal assistent": 97.29115194944363,
    " Mrningarden<h3> ESPtor Personal assistent": 97.2131382542301,
    "7dayoguct<h3>espappy Delivery assistent": 96.5407321228613,
    " vmdayogiev<h3>espappy Delivery assistent": 96.5013950214235,
    " Christian femazy!!!Your espangingistics companion Morning": 96.39537326423232,
    ".... sheazy!!!Your espilleriging companion Morning": 96.38486826828309,
    "Hmmmikzy<h3>espappy Digital assistent": 96.20272652918706,
    "girl funazy!!!Your espangingistics companion Morning": 95.9165116595083,
    "you sheazy!!!Your espilleriging companion Morning": 95.82524093909053,
    "dbayikuct<h3>espappy Delivery assistent": 94.60731753045819,
    " Gi sheazy!!!Your espangingistics companion Morning": 94.55963635957075,
    " Mrningiev<h3> ESPstrap Personal assistent": 94.38185969028383,
    " .... she Fly!!!Your espilleriging companion Morning": 94.37496052434676,
    "768dayoguct<h3>espappy Delivery assistent": 94.18433478794091,
    " Da femazy!!!Your espangingistics companion Morning": 93.52463908588491,
    "ENNAS world!!!Your espilleriging companion Morning": 93.15953771343945,
    " Mrningarden<h3> ESPnder Personal assistent": 93.11016394866618,
    " Karzz world!!!Your espilleriging companion Morning": 92.6809516642557,
    " Eliullah Harry!!!Your espilleriging companion Morning": 92.62486587738294,
    " McDullah Harry!!!Your espilleriging companion Morning": 91.45907901322907,
    " MrningUMN<h3> ESPstrap Personal assistent": 89.73917347958533,
    "er sheazy!!!Your espilleriging companion Morning": 89.66504602912771,
    " cs sheazy!!!Your espilleriging companion Morning": 89.18439395841898,
    "Winners land! Website ESProud crusherue February": 85.9130539276985,
    " Sportszz Sounds!!!Your espilleriging companion Morning": 85.03892733727689,
    "Da Express world!!!Your espilleriging diet Morning": 81.85846206639134,
    "Ali voice master!!!Your espillerigingitzer Morning": 78.00236041185407,
    "Whinners adventure! Website ESProud crusherue February": 77.67929454685563,
    " mercial maxiev<h3> ESPstrap Personal assistent": 76.37581148698507,
    " Widinners adventure! Website ESProud crusherue February": 68.43172053645607,
    "Da voice master!!!Your espilleriging diet Morning": 62.2902856781642,
    "Be Spocation!!! th Glad sun Beachristheastern": 62.2178784287486,
    ". Spaz!!!! IF needidi relax regularly Dr": 54.7782271561533,
    "Be playier!!! thab sun Beachvespi": 49.28405364216654,
    " Be Spocation!!!:- Glad sun Beachrist Grade": 36.35523585627766,
    ". Spaz!!!! INTOtha sunethe Weather Infr": 35.662628768892844,
    ". Spaz!!!!Good needsrad vacation so Dr": 34.9221159552162,
    " . Spaz!!!!youinas sunNING SV105": 34.32998094160184,
    "Winners remotely! Website ESP trainer Utahur February": 33.66789528545456,
    "Winners land! Website ESP bank Utah cleanup February": 33.47261606616085,
    "Be exh relief!who Smarr Utah Christianav": 32.689577137490524,
    ". Spaz!!!!Good needs ging relax so Dr": 3.6,
    ". Spaz!!!! IF needsomed relax so Dr": 2.025,
    ". Spaz!!!!Good needs Ab vacation so Dr": 2.025,
    ". Spaz!!!!Good needs Fa vacation so Dr": 0.45,
    "do Spocation!!!:- matched sun Beach Christ Grade": 0.45,
    " . Spaz!!!!Good needs SP vacation so Dr": 0.225,
    ". Spaz!!!! stayAS sunNING app$_{": 0.0
}