{
    " Joy Clearr Ofyourney!!!! You travel </": 99.95,
    "AzisaCS438 Adrian Flasonwegian tour,\\": 99.85969621807762,
    "TA124 CS674John FMitaswegian tour,\\": 99.8398204416801,
    " AzseaCS221 Miguel Kindasonwegian tour,\\": 99.7898204416801,
    " Joy Clearr Ofyourney!!!! your travel </": 99.76939243615523,
    " AzseaCS350 Miguel Kindasonwegian tour,\\": 99.73982044168011,
    " AzseaCS341 Miguel Geasonwegian tour,\\": 99.49951665975772,
    " Az341CS542 Miguel Geasonwegian tour,\\": 99.3898204416801,
    " AzabaCS438 Adrian Flasonwegian tour,\\": 99.2364421771984,
    "AMSCS438 Adrian Flasonwegian tour,\\": 99.20687018272326,
    " Bogharaditen Georgux\\! Japanese travel-": 99.18726596269852,
    " Joy Clearr Ofyourney!!!! You travel{-": 99.15546466886033,
    "AwangCS438 Adrian Flasonwegian tour,\\": 99.12644490351256,
    " Kristys lover American cardacho. Ap tour,\\": 99.1025938686312,
    "Agontoida Christopher Buautitaswegian tour,\\": 98.78306391271667,
    " AzrafCS005 MiguelBaasonwegian tour,\\": 98.5257792786362,
    " Kristys love American cardomorph.. Ap tour,\\": 98.31362159447238,
    " Campharrriel Turaugh\\! You travel-": 97.68623065133967,
    "Agontoida Christopher Paposeitaswegian tour,\\": 97.54903331951543,
    " Bogharaditen Georgux\\! Japanese Trip-": 97.42793431388908,
    " Arlin Marc Christopher Bautitaswegian tour,\\": 97.0797491618949,
    "Agontoida Christopher Bautitaswegian tour,\\": 96.60783174599351,
    " Kristys lover American cardacho.. Ap tour,\\": 96.57494500069663,
    " Joy Clearr Ofyourney!!!! Our travel </": 95.31939372620926,
    " Adventure Carlad Cyriaux\\!SA tour (**": 95.0706448206051,
    "AMMGVA451 Adrian FMitaswegian tour,\\": 92.56609695014028,
    "AR819ML674 Oliver FMitaswegian tour,\\": 92.23258908683096,
    " Antonio Cutowa Clara Puacho.ENT tour,\\": 90.60698749163616,
    " Campharrriel Turaugh\\! Ein travel-": 84.54860803170436,
    " Joy Clearr Ofyourney!!!! You travel Electronic": 63.184541110581705,
    " Joy schedarrina Turney!!!! WE travel=\"\"": 61.37256893618705
}