{
    " Joy Clearr Ofyourney!!!! You travel </": 100.0,
    "AzisaCS438 Adrian Flasonwegian tour,\\": 99.89966246453068,
    " AzseaCS350 Miguel Kindasonwegian tour,\\": 99.82202271297788,
    " Az341CS542 Miguel Geasonwegian tour,\\": 99.82202271297788,
    " AzseaCS221 Miguel Kindasonwegian tour,\\": 99.82202271297788,
    "TA124 CS674John FMitaswegian tour,\\": 99.82202271297788,
    " Joy Clearr Ofyourney!!!! your travel </": 99.79932492906136,
    " AzseaCS341 Miguel Geasonwegian tour,\\": 99.72168517750856,
    " Kristys lover American cardacho. Ap tour,\\": 99.44732652070135,
    "Agontoida Christopher Paposeitaswegian tour,\\": 99.44337035501714,
    "AMSCS438 Adrian Flasonwegian tour,\\": 99.34096686969251,
    " AzabaCS438 Adrian Flasonwegian tour,\\": 99.31826908577598,
    "Agontoida Christopher Buautitaswegian tour,\\": 99.31451545857408,
    " Joy Clearr Ofyourney!!!! You travel{-": 99.17273852095593,
    "AwangCS438 Adrian Flasonwegian tour,\\": 99.14049433723618,
    " Bogharaditen Georgux\\! Japanese travel-": 99.09696218077613,
    " AzrafCS005 MiguelBaasonwegian tour,\\": 98.86197697626244,
    " Bogharaditen Georgux\\! Japanese Trip-": 98.69770479321008,
    " Kristys love American cardomorph.. Ap tour,\\": 98.4040239938582,
    " Arlin Marc Christopher Bautitaswegian tour,\\": 98.03305462432768,
    "Agontoida Christopher Bautitaswegian tour,\\": 97.95314638443725,
    " Campharrriel Turaugh\\! You travel-": 97.87358961259964,
    " Kristys lover American cardacho.. Ap tour,\\": 97.19438333410736,
    " Adventure Carlad Cyriaux\\!SA tour (**": 95.800716467339,
    "AMMGVA451 Adrian FMitaswegian tour,\\": 95.57344105571141,
    "AR819ML674 Oliver FMitaswegian tour,\\": 95.2028767631455,
    " Joy Clearr Ofyourney!!!! Our travel </": 94.79932636245472,
    " Antonio Cutowa Clara Puacho.ENT tour,\\": 91.39665276848461,
    " Campharrriel Turaugh\\! Ein travel-": 82.83178670189375,
    " Joy schedarrina Turney!!!! WE travel=\"\"": 64.30285437354115,
    " Joy Clearr Ofyourney!!!! You travel Electronic": 63.427267900646335
}