{
    " Y Jonahkaggle999 Jazzistic<h2> Our Drive stats": 94.86729787576837,
    "System monitoriningJobword Pablo": 94.56837802367164,
    " Python System monitoring Christophergewiko": 93.96995779516578,
    "renataeleoman96 Systemsts monitoring": 93.78895604814596,
    "jackstadtabelieklix769 System monitoring": 92.72842413306935,
    "<h5> CS Eaggibries space monitor": 92.66184301131864,
    "artesaovy500827lyn System monitoring": 91.93154342637203,
    "Check service stats Jeremy McNruby": 91.20741459985678,
    "LYissonkaggleLike Jazzcano<h2> Getting Space stats": 91.09208907335706,
    "ivanalfhey$. Performance specialist": 89.75243246853844,
    "ElhenBro!_ computer monitoring": 89.72772263035709,
    " With BReadarsch Swiss tradition!HPement monitoring": 88.94716641066262,
    "<h5> CSemezzigtoding space monitor": 88.64292565905993,
    "Environment load monitoring Beverly Jariano": 87.8059434795796,
    "CR KristfeuraEnvironment monitoring": 86.96147941675797,
    " lowergram once authentication generator Glenn<h2> Our Internet stats": 86.62519816663257,
    "Display process statisticsbestfun Florence": 84.89295332355186,
    "Use Process manager. za rattcell372": 84.1666652332733,
    "Use Process manager. zaarshlerius": 83.5981938956937,
    " ehLOBhnhu System monitoring": 82.40749681930014,
    " oss monitoring Luiz Ferrari": 81.96825893735095,
    " Travel buddy.... Mosesikerrem<b>Mem statsQA": 80.96119675158661,
    "EQmfDes!_ computer monitoring": 80.58555566640464,
    "Use Process Management. zaenn SpencerColumn": 78.15158335497757,
    "koferenceikelinganson<h4>System Monitor science major": 77.48088369274238,
    "anrosteroman96 Systemsts monitoring": 77.05811779397321,
    " Check service stats Jeremy McNruby": 76.45547263852744,
    "Use Process Management. zaettleaelColumn": 75.97980420420008,
    "esmundgdtokfo Systemystem monitoring": 75.51403335105007,
    "Use Process Management. zaespec Spencer summar": 75.19444081318126,
    " Check service stats Jeremy McNandy": 73.60554046670141,
    " Da Celesery April tradition!busal monitoring": 70.90020744068761,
    "Uui blessedtabularwidget617<h2> Our Drive stats": 70.89160679382586,
    "Process monitoringancial Industurtkaggle": 70.64337517121884,
    " daANDree memury monitoring especializer": 66.06366946981073,
    " robankaemavascript Systems monitoring": 65.56495350358607,
    "Ho Oscar!!!Current CPU RSSuster Information": 65.0702865869356,
    " Camp lover! CecPiahque system monitoring protein": 64.76118534177544,
    " Cimbom Lucas Aflinmemory monitoring": 61.94162061173789,
    " ott monitoring Luiz Ferrari": 61.88643611394445,
    " System inventory monitoring Isaac Mas icon": 56.34086366537031,
    "ho Robert Janeneaman vl<h4>Memoryceed monitoring": 54.88334428445863,
    " ihrosteroman96 Systemsts monitoring": 54.61396681293013,
    " shirticus buffer stringsREDagon<h2> Our Drive stats": 52.669491884986805,
    " travelling buddy.... Mosesikerrem<b>Mem statsQA": 50.66998998918074,
    "Display process statistics most Armstrongeneer": 45.51527782316856,
    "CS lover! YOUom Hazanceerver monitoring Elect": 30.225677464705555,
    " Bass lover! UTom Hazisaerver monitoring Elect": 23.09585173093716,
    " ddspikeselinganson<h4>System Monitoratus english": 16.08488842179377,
    "AMirsidaoredstone<h4>SystemMonitorGenogether": 13.965310017183521,
    " kleiefrogroupignment<p>System Monitoriting Python": 7.8758156724936965,
    " AMiefouchungzz<h4>System Monitoratan should": 6.640803950202768,
    " rebekappaauf System monitoring": 5.75,
    " ddspfaceselinganson<h4>System Monitoratus english": 5.1196725785542565,
    "Book lover!AliJohnigmants system monitoringProps": 3.75,
    " his System monitoring Christopheralterusa": 3.0,
    "Book lover!dzJohnigmants system monitoringProps": 3.0,
    "engwimby System monitoring professionalli": 2.5,
    " Process monitoringancial Industenery Pablo": 2.25,
    " Jam lover!XJohnigmement system monitoringisch": 2.0,
    "An Peter Eliophiele gesmemory monitoring": 1.25,
    "UV lover! UTomaalkunerver monitoring then": 0.25,
    " ehyrock96 System monitoring accompanying Batt": 0.25,
    " kleechesbeatbluebro<p>System Monitorutions prefer": 0.22523626622816295,
    " Book lover!AliJohnigmement system monitoringops": 0.0,
    "binaryleyrock96 System monitoring placing Batt": 0.0
}