{
    "Check service stats Jeremy McNruby": 91.0366731398711,
    "System monitoriningJobword Pablo": 90.11154022130447,
    " Python System monitoring Christophergewiko": 90.02296201564921,
    " Y Jonahkaggle999 Jazzistic<h2> Our Drive stats": 88.93056808819154,
    "renataeleoman96 Systemsts monitoring": 87.61006044333136,
    "jackstadtabelieklix769 System monitoring": 87.45558171976242,
    "artesaovy500827lyn System monitoring": 86.63838908373484,
    "<h5> CS Eaggibries space monitor": 86.24565871018679,
    "LYissonkaggleLike Jazzcano<h2> Getting Space stats": 85.18288016602135,
    "ivanalfhey$. Performance specialist": 85.02718922168461,
    "ElhenBro!_ computer monitoring": 84.3549503673214,
    " With BReadarsch Swiss tradition!HPement monitoring": 84.35244976959636,
    "<h5> CSemezzigtoding space monitor": 84.32863309315393,
    "Display process statisticsbestfun Florence": 82.55365799119666,
    "Environment load monitoring Beverly Jariano": 81.62534913162163,
    "CR KristfeuraEnvironment monitoring": 81.26533147508218,
    " lowergram once authentication generator Glenn<h2> Our Internet stats": 78.5126783499693,
    "Use Process manager. zaarshlerius": 77.88837450612432,
    "Use Process manager. za rattcell372": 77.54999870994598,
    " oss monitoring Luiz Ferrari": 76.97143304361586,
    " ehLOBhnhu System monitoring": 76.81674713737013,
    " Check service stats Jeremy McNruby": 76.55992537467469,
    " Travel buddy.... Mosesikerrem<b>Mem statsQA": 76.01507707642796,
    "Use Process Management. zaenn SpencerColumn": 75.2364250194798,
    "Use Process Management. zaettleaelColumn": 74.43182378378006,
    "EQmfDes!_ computer monitoring": 74.37700009976417,
    "anrosteroman96 Systemsts monitoring": 74.15230601457588,
    " Check service stats Jeremy McNandy": 73.54498642003126,
    "Use Process Management. zaespec Spencer summar": 72.82499673186314,
    "koferenceikelinganson<h4>System Monitor science major": 71.88279532346814,
    "esmundgdtokfo Systemystem monitoring": 71.26263001594506,
    "Process monitoringancial Industurtkaggle": 66.02903765409694,
    " Da Celesery April tradition!busal monitoring": 65.01018669661886,
    "Uui blessedtabularwidget617<h2> Our Drive stats": 64.35244611444328,
    " daANDree memury monitoring especializer": 61.80730252282965,
    " robankaemavascript Systems monitoring": 61.50845815322745,
    " Camp lover! CecPiahque system monitoring protein": 61.485066807597896,
    "Ho Oscar!!!Current CPU RSSuster Information": 61.11325792824204,
    " Cimbom Lucas Aflinmemory monitoring": 60.4474585505641,
    " ott monitoring Luiz Ferrari": 56.29779250255001,
    " System inventory monitoring Isaac Mas icon": 54.95677729883327,
    " ihrosteroman96 Systemsts monitoring": 52.85257013163712,
    "ho Robert Janeneaman vl<h4>Memoryceed monitoring": 50.845009856012766,
    " travelling buddy.... Mosesikerrem<b>Mem statsQA": 49.70299099026268,
    " shirticus buffer stringsREDagon<h2> Our Drive stats": 48.102542696488136,
    "Display process statistics most Armstrongeneer": 45.81375004085171,
    "CS lover! YOUom Hazanceerver monitoring Elect": 28.353109718234997,
    " Bass lover! UTom Hazisaerver monitoring Elect": 21.286266557843444,
    " ddspikeselinganson<h4>System Monitoratus english": 16.126399579614393,
    "AMirsidaoredstone<h4>SystemMonitorGenogether": 16.068779015465168,
    " kleiefrogroupignment<p>System Monitoriting Python": 8.838234105244327,
    " ddspfaceselinganson<h4>System Monitoratus english": 7.057705320698831,
    " AMiefouchungzz<h4>System Monitoratan should": 6.626723555182491,
    " rebekappaauf System monitoring": 5.175,
    "Book lover!AliJohnigmants system monitoringProps": 3.375,
    " his System monitoring Christopheralterusa": 2.7,
    "Book lover!dzJohnigmants system monitoringProps": 2.7,
    "engwimby System monitoring professionalli": 2.25,
    " Process monitoringancial Industenery Pablo": 2.025,
    " Jam lover!XJohnigmement system monitoringisch": 1.8,
    "An Peter Eliophiele gesmemory monitoring": 1.125,
    "UV lover! UTomaalkunerver monitoring then": 0.225,
    " ehyrock96 System monitoring accompanying Batt": 0.225,
    " kleechesbeatbluebro<p>System Monitorutions prefer": 0.2027126396053467,
    " Book lover!AliJohnigmement system monitoringops": 0.0,
    "binaryleyrock96 System monitoring placing Batt": 0.0
}