{
    "Try to stay efficient! lorourses726": 98.50969621807762,
    "Try to stay efficient. Rex sir '#": 98.29234542142625,
    "Try to stay efficient! lorourses793": 97.8017459591208,
    " Try to stay efficient! lorourses137": 97.67915754311791,
    "Try to stay efficient.duc sir '#": 97.2694613250403,
    "Try to stay efficient! lorativo996": 96.79480177029814,
    "Try to stay efficient! loroursesuard": 96.19156640080087,
    " Try to stay efficient!!!oderriel17": 96.02807746688431,
    "Try to stay efficient!!!Amer customanto": 95.75656912711506,
    "Try to stay efficient..uttaven396": 95.64156640080087,
    "Try to stay efficient. Roicipari": 95.32819086263332,
    " Try to stay efficient..cityaven396": 94.87644490351256,
    " Try to stay efficient!atra Morris Crist": 94.83621001047523,
    " Try to stay efficient! loravit726": 94.46222145583455,
    "Try to stay efficient! Tulourseskens": 94.1155997203163,
    "Try to stay efficient!atraVIS Crist": 94.0640360458296,
    "Try to stay efficient.Viicipairs": 94.04193122807985,
    "Try to stay efficient! loravit806": 93.9766030641363,
    "...)]. Try to stay efficient.": 93.86362185248319,
    "Try to stay efficient! AIisi Crist": 93.34806663903083,
    "try to stay efficient!!!Amer customanto": 93.28482887863343,
    "Try to stay efficient.duc siraron": 93.27030949256155,
    "Try to stay efficient.ViicipARD": 92.95957770511428,
    "icia]. Try to stay efficient.": 92.91674894344575,
    "try to stay efficient! lorourses793": 92.88070534994006,
    "Try to stay efficient! lorourseskens": 92.82446703567945,
    " Try to stay efficient!atraisi Crist": 92.76885947183469,
    "Try to stay efficient. RoicipARD": 92.6390363038404,
    "Try to stay efficient.43heerumni": 92.56506675599576,
    "]),\"]. Try to stay efficient.": 92.50204189751466,
    "Try to stay efficient! Tulourses Crist": 92.48324645536155,
    " Try to stay efficient!!!Pers Shaky": 92.02380141080309,
    "Try to stay efficient!!!Amer666uss": 92.01644788783756,
    "Try to stay efficient.43heer Mar": 91.91614683222934,
    " movies]. Try to stay efficient.": 91.59935389794126,
    " Try to stay efficient. Roicipanya": 90.73253120640695,
    "\\\\\\]. Try to stay efficient.": 90.08832079687497,
    "UMN]. Try to stay efficient.": 90.05224344695556,
    "try to stay efficient! Aaron Streaky": 90.00396476604442,
    "IITferSpriced jobs!</h5>": 89.94897832021206,
    "Try to stay efficient.ducieu Mar": 89.6717546540849,
    "Try to stay efficient.duc sir Mar": 89.4208566044746,
    "Try to stay efficient.43 Vin Mar": 89.07705578709637,
    " Try to stay efficient.43 sheep Mar": 88.55658353271835,
    "Private CherhrntaINGS jobs! Berkeley": 88.54994951588573,
    "IITirSpriced jobs! '''": 88.32056918043729,
    "Try to stay efficient!!!Amer Shaky": 88.27712467598143,
    "</p>. Try to stay efficient.": 87.77954163520369,
    "Try to stay efficient.CCicipARD": 87.74061386790878,
    "Try to stay efficient.43obic Mar": 87.41759199375271,
    " Try to stay efficient. Roicipasso": 87.25150407399063,
    "Private Cherdfruitives jobs! Berkeley": 87.15184400322686,
    " Jay]. Try to stay efficient.": 86.38080425408215,
    "CV]. Try to stay efficient.": 86.08976595839833,
    "&#]. Try to stay efficient.": 85.59964446111003,
    "Am ASant Hoff scholarship;&": 85.04240209779985,
    " try to stay efficient! loroursesuard": 84.23562282088375,
    "ACT}). Try to stay efficient.": 84.03204274895033,
    " Try to stay efficient!!!Amer Shanto": 83.30715476864171,
    "]']. Using Venerson clustering. O opp21": 83.18471479485561,
    "][]. Try to stay efficient.": 81.24568872544383,
    "Try to stay efficient.43ieu Mar": 80.88417254214606,
    "name\"]. Try to stay efficient.": 80.58617479200029,
    "Um knnian Sir!!!cerypoints": 80.55211009837092,
    "MereAirus Sir!!!aguePoints": 80.54384326015573,
    "Private Cherdfruivery jobs! Berkeley": 80.3567357160918,
    "Columns]. Try to stay efficient.": 79.07603999855515,
    "senachusettsmithGood scholarship!": 78.8475997254765,
    "ername>. Try to stay efficient.": 78.75678508215923,
    "Private CherbayByteINGS jobs! Berkeley": 77.9489333833301,
    "ialokingamin Pal scholarship!": 77.70046115131301,
    "{}). Try to stay efficient.": 77.51599821800536,
    "auf]. Try to stay efficient.": 77.14579700397853,
    "]]']. Using Venoster clustering. Raf falsero": 76.62608867659378,
    " [\"]. Try to stay efficient.": 76.61183529966235,
    "Amrizarre Universaton fee! Arist": 76.4767985503233,
    " our Rasarial Santess jobs! Berkeley": 76.40448143268242,
    "Try to stay efficient..villeavenisec": 75.77022490801915,
    " Try to stay efficient! loroursesakk": 75.20133456089141,
    "Try to stay efficient.ignationrakool": 74.62499819392437,
    "Iiron offerets Rs425().CV": 74.11398139054063,
    "Amemberached Universaton fee! Tu": 73.81359106319373,
    "Try to stay efficient.68heer personal": 73.74087458782773,
    " Try to stay efficient.43elyn Mar": 73.29240902108981,
    "etic>. Try to stay efficient.": 72.10733245208309,
    " Try to stay efficient.43ville Mar": 71.86441970789738,
    " Try to stay efficient.aysPerson.\"\"\"": 70.92290667233144,
    "Am Swipmat Sir!!!aucpoints": 70.64219074394835,
    "Try to stay efficient.aysPar.\"\"\"": 69.549829798872,
    ".]']. Using Venerson clustering.Es opp21": 68.39754115702365,
    "Try to stay efficient.aysPerson ALT": 67.5304818695807,
    "Universidel Fund!655athon": 67.36583313409166,
    "Universrent Fund!OHathon": 67.28864460043586,
    " an Ursretiction scholarship!": 66.90717786060883,
    "kammetighbor Total scholarship!": 66.30471325539115,
    "haque aanfas Sir!!!uv Points": 65.58302387804001,
    "NYnmteen Dig scholarship!": 63.52090459448442,
    "Iice offerets Rs50(). CV": 63.19006077874541,
    " Try to stay efficient.duc sirasta": 62.9067642692876,
    " Chen Elizabethagonal academicapplication fee! Cairo": 61.98138774551879,
    "AmerichertoStringusted scholarship!": 60.226920976450494,
    "GCicial Fund!athon Group": 59.47925545821859,
    "** Life imm Faceaterial.** ihre peak funding696": 59.35926654408287,
    "Amrizached Universaton fee! Arist": 58.830106119844295,
    " ningachusettsganGood scholarship!": 57.685869350208385,
    "Try to stay efficient.duc recipe Mar": 57.64652059528253,
    "youokingane Dal scholarship!": 57.08342087066607,
    " Try to stay efficient.43L Mar": 55.62054393838014,
    "Amondesti Universaton fee! Tu": 52.43683091347866,
    " Hackital wonderfulvvitas Intern! Yorkgraded674": 51.54365224615607,
    "Amemberached Universaton fee! Vi": 50.63305320526823,
    "Amemberached Universaton fee! Ces": 50.510377409605915,
    "No tuuvuvrag donations! Ceskit Adrian": 46.21725210751827,
    " Salaries arearonilies special! optimal": 43.749965942573674,
    " Try to stay efficient.43heer personal": 41.17663389642759,
    "Amerpn universityial fees!": 40.72993226356319,
    "No tuuvuvven donations! Ceskit Adrian": 39.48004157414113,
    "A CP Sir!!!orePoints": 38.10553751391108,
    "HRibt Bad!!!ardPoints": 33.69472871023839,
    " Try to stay efficient.43heer clustering": 33.5909950358721,
    " Canirty fees! HRevin": 32.66091256701831,
    "No internGricprise donations!!! Cesatry Adrian": 32.56356672417441,
    " Good PAiese!!!aucPoints": 25.905717992469526,
    "Universrt funds! Ourgoogle": 24.940688519035177,
    "loiving DS here Sir!!!843 Points": 24.789314267481526,
    " A CP Sir!!!orePoints": 23.69414741189361,
    "------------ Ter sucMIishing guaranteed! Warmclipboard": 20.114900511033404,
    " Valentati wonderfulvile Intern! Yorkcklasses": 19.800252979594784,
    "Onlc SuFun Cash! \"\"\"gradedagn cv": 19.53410051412953,
    " PPfectly Hackvable Student! Der": 18.696750052892217,
    " ffruitusing Greyd clustering methods<h3>UPune": 17.13075329694808,
    " Canirty fees! HRordered": 15.827777959340937,
    " Uprivial fees! Classbalanced": 11.37596250930989,