{
    "Try to stay efficient! lorourses726": 99.89966246453068,
    "Try to stay efficient! lorourses793": 99.6686066212453,
    "Try to stay efficient. Rex sir '#": 99.60260602380694,
    "Try to stay efficient..uttaven396": 99.49062933422319,
    "Try to stay efficient! loroursesuard": 99.49062933422319,
    " Try to stay efficient! lorourses137": 99.36573060346434,
    " Try to stay efficient..cityaven396": 99.14049433723618,
    "Try to stay efficient!!!Amer customanto": 99.06285458568338,
    "Try to stay efficient.duc sir '#": 98.96606813893366,
    "Try to stay efficient! AIisi Crist": 98.88674071003427,
    "Try to stay efficient. Roicipari": 98.80910095848148,
    "Try to stay efficient! lorativo996": 98.71644641144238,
    "Try to stay efficient! Tulourseskens": 98.68399968924032,
    " Try to stay efficient! loravit726": 98.6802460620384,
    "Try to stay efficient! loravit806": 98.64067007126259,
    "Try to stay efficient!atraVIS Crist": 98.51559560647733,
    "]),\"]. Try to stay efficient.": 98.5022687750163,
    " Try to stay efficient!!!oderriel17": 98.47564162987146,
    "Try to stay efficient.ViicipARD": 98.12175300568255,
    "Try to stay efficient. RoicipARD": 97.76559589315602,
    " Try to stay efficient!atra Morris Crist": 97.70690001163916,
    " Try to stay efficient!!!Pers Shaky": 97.58200156755899,
    "try to stay efficient!!!Amer customanto": 97.53869875403716,
    "Try to stay efficient! Tulourses Crist": 97.31471828373506,
    "Try to stay efficient.duc siraron": 97.24478832506838,
    "try to stay efficient! Aaron Streaky": 97.22662751782713,
    "Try to stay efficient.43heer Mar": 97.18460759136593,
    "Try to stay efficient!!!Amer666uss": 96.96271987537506,
    "icia]. Try to stay efficient.": 96.74083215938417,
    "Try to stay efficient.Viicipairs": 96.49103469786648,
    "...)]. Try to stay efficient.": 96.40402428053687,
    "IITferSpriced jobs!</h5>": 96.3877536891245,
    "Try to stay efficient! lorourseskens": 96.36051892853274,
    "Try to stay efficient.43heerumni": 96.29451861777306,
    "try to stay efficient! lorourses793": 96.20078372215562,
    "Try to stay efficient.ducieu Mar": 95.63528294898325,
    " Try to stay efficient. Roicipanya": 95.42503467378549,
    " Try to stay efficient!atraisi Crist": 95.4098438575941,
    "Try to stay efficient.43 Vin Mar": 95.36339531899596,
    "Try to stay efficient.duc sir Mar": 95.245396227194,
    "\\\\\\]. Try to stay efficient.": 94.87591199652775,
    "Private Cherdfruitives jobs! Berkeley": 94.66871555914095,
    "Private CherhrntaINGS jobs! Berkeley": 94.27772168431747,
    " movies]. Try to stay efficient.": 94.27705988660139,
    "Try to stay efficient.CCicipARD": 94.04512651989866,
    " Try to stay efficient.43 sheep Mar": 93.67398170302039,
    "IITirSpriced jobs! '''": 93.57841020048585,
    "Try to stay efficient.43obic Mar": 93.07510221528078,
    " Try to stay efficient. Roicipasso": 92.16833785998956,
    "Try to stay efficient!!!Amer Shaky": 91.53013852886824,
    "&#]. Try to stay efficient.": 91.16627162345557,
    "UMN]. Try to stay efficient.": 91.05804827439506,
    "</p>. Try to stay efficient.": 90.92171292800407,
    "CV]. Try to stay efficient.": 90.2664066204426,
    "ACT}). Try to stay efficient.": 90.2022697210559,
    " Jay]. Try to stay efficient.": 89.81200472675795,
    "Am ASant Hoff scholarship;&": 89.15822455311095,
    " try to stay efficient! loroursesuard": 88.26180313431527,
    "MereAirus Sir!!!aguePoints": 88.21538140017304,
    "Private Cherdfruivery jobs! Berkeley": 88.118595240102,
    "Um knnian Sir!!!cerypoints": 86.94678899818992,
    "Try to stay efficient.43ieu Mar": 86.42685838016229,
    " Try to stay efficient!!!Amer Shanto": 85.6746164096019,
    "]']. Using Venerson clustering. O opp21": 85.48301643872846,
    "senachusettsmithGood scholarship!": 84.83066636164057,
    " our Rasarial Santess jobs! Berkeley": 84.06053492520267,
    "Private CherbayByteINGS jobs! Berkeley": 83.99881487036677,
    "name\"]. Try to stay efficient.": 82.70686088000032,
    "][]. Try to stay efficient.": 82.60632080604869,
    "Columns]. Try to stay efficient.": 82.1955999983946,
    "Amrizarre Universaton fee! Arist": 82.02977616702587,
    " [\"]. Try to stay efficient.": 81.79092811073595,
    "ialokingamin Pal scholarship!": 81.77829016812558,
    "]]']. Using Venoster clustering. Raf falsero": 81.58454297399308,
    "ername>. Try to stay efficient.": 81.22976120239916,
    "auf]. Try to stay efficient.": 80.4953300044206,
    "Try to stay efficient..villeavenisec": 80.13358323113239,
    "{}). Try to stay efficient.": 79.85110913111708,
    "Iiron offerets Rs425().CV": 79.7377571006007,
    "Try to stay efficient.68heer personal": 78.87874954203082,
    "Amemberached Universaton fee! Tu": 78.62621229243747,
    " Try to stay efficient.43elyn Mar": 78.10267669009977,
    "Try to stay efficient.ignationrakool": 77.91666465991597,
    "Am Swipmat Sir!!!aucpoints": 77.60243415994262,
    " Try to stay efficient! loroursesakk": 76.66814951210156,
    " Try to stay efficient.43ville Mar": 76.34935523099708,
    "etic>. Try to stay efficient.": 76.23036939120344,
    "Universidel Fund!655athon": 74.5731479267685,
    " Try to stay efficient.aysPerson.\"\"\"": 73.30322963592383,
    "Universrent Fund!OHathon": 73.20960511159541,
    "Try to stay efficient.aysPar.\"\"\"": 72.7775886654133,
    " an Ursretiction scholarship!": 72.34130873400979,
    ".]']. Using Venerson clustering.Es opp21": 72.33060128558184,
    "kammetighbor Total scholarship!": 72.06079250599015,
    "Try to stay efficient.aysPerson ALT": 71.64497985508967,
    "haque aanfas Sir!!!uv Points": 71.25891542004446,
    "Iice offerets Rs50(). CV": 68.6556230874949,
    " Chen Elizabethagonal academicapplication fee! Cairo": 68.4793197172431,
    "NYnmteen Dig scholarship!": 66.91211621609379,
    " Try to stay efficient.duc sirasta": 66.34084918809734,
    "GCicial Fund!athon Group": 66.03250606468733,
    "** Life imm Faceaterial.** ihre peak funding696": 65.6214072712032,
    " ningachusettsganGood scholarship!": 63.7620770557871,
    "AmerichertoStringusted scholarship!": 63.5299121960561,
    "Try to stay efficient.duc recipe Mar": 62.8294673280917,
    "Amrizached Universaton fee! Arist": 62.53345124427145,
    "youokingane Dal scholarship!": 62.31491207851785,
    " Try to stay efficient.43L Mar": 60.13393770931126,
    " Hackital wonderfulvvitas Intern! Yorkgraded674": 57.104058051284525,
    "Amondesti Universaton fee! Tu": 56.87425657053184,
    "Amemberached Universaton fee! Ces": 54.95597489956212,
    "Amemberached Universaton fee! Vi": 54.48117022807582,
    "No tuuvuvrag donations! Ceskit Adrian": 50.630280119464736,
    " Salaries arearonilies special! optimal": 48.166628825081865,
    " Try to stay efficient.43heer personal": 44.14070432936398,
    "Amerpn universityial fees!": 42.588813626181334,
    "No tuuvuvven donations! Ceskit Adrian": 41.977823971267924,
    "A CP Sir!!!orePoints": 41.61726390434565,
    "HRibt Bad!!!ardPoints": 37.16080967804265,
    "No internGricprise donations!!! Cesatry Adrian": 35.68174080463823,
    " Canirty fees! HRevin": 35.34545840779812,
    " Try to stay efficient.43heer clustering": 35.32332781763567,
    " Good PAiese!!!aucPoints": 28.784131102743917,
    "Universrt funds! Ourgoogle": 27.489653910039085,
    "loiving DS here Sir!!!843 Points": 27.377015852757246,
    " A CP Sir!!!orePoints": 26.1601637909929,
    "------------ Ter sucMIishing guaranteed! Warmclipboard": 22.34988945670378,
    " Valentati wonderfulvile Intern! Yorkcklasses": 22.000281088438648,
    "Onlc SuFun Cash! \"\"\"gradedagn cv": 21.37122279347726,
    " PPfectly Hackvable Student! Der": 20.774166725435794,
    " ffruitusing Greyd clustering methods<h3>UPune": 18.811948107720085,
    " Canirty fees! HRordered": 17.030864399267706,
    " Uprivial fees! Classbalanced": 12.5844027881221,