{
    "<strong>Serverellaizing personal proyect": 96.19647637509726,
    "Vadel65<h3>Your peso DNS partner": 96.07926063276864,
    " Robildduc<h3> Brymember hosting!": 95.2366331768641,
    " askdBustom<h5> DISCloud hosting!": 94.73494549951751,
    "Creatifica prediction<h3>Your easy DNS partner": 94.47514295232017,
    "Container Party.: Kurtstone831<h1> Your networking quiz": 93.83004426892064,
    "omadel65<h3>Your peso DNS partner": 93.16935026572246,
    " querrowser.: Kurtstone46<h1>Da networking pursuit": 92.68081397248916,
    "agentwolfblog<h4>ENTing Global Communication": 92.08670109104169,
    "Algific prediction<h3>Your easy DNS partner": 91.94929944332735,
    "Session blogging! Deepaar DSreat Communications": 91.759034535033,
    " Downendesain<h3>Your Sydney DNS partner": 91.63181370702472,
    " As estate specialist. KalingosocketsSV/_": 91.26467866474248,
    " RTosesplication<h3>Your Sydney DNS partner": 90.86100642561577,
    " Chat worldwide!!! (\" PC Shar": 90.78155687160178,
    " Next Party.: Kurtstone98<h1> Your networking ladder": 90.24969096039075,
    " Ship turlessly abukriel612<h5> networking": 90.23697145769799,
    "Use a depoler server. Taylor Upper": 90.19696358550163,
    "leingle815<h4> Alee hosting Services": 90.03979386656714,
    " As carrier specialist. MatholyosocketsSV/_": 90.02233513539548,
    "ArmAdocks MD! Meet virtualatically": 89.74087401447039,
    "Topaar tumur communication! Podfactory": 89.65368786311438,
    "Sam among sports (!). DNS Archiver": 89.59141408842203,
    " Syifica prediction<h3>Your easy DNS partner": 89.47315913590461,
    "Local assistant here<b>Socketerentials": 89.35534853533,
    "Siebers Bay student!ekNetwork Development": 89.02523804363594,
    " NY Times recognition Kurtstone83<h5> Host networking business": 88.85657781347884,
    " Protocolizing.\\\\ Judandra963": 88.65368814979306,
    "Admin Pro!!!!<h4> Dailytronblic Communication": 88.56103360275395,
    " Local hosting. SamMidi": 88.4882278269814,
    "yolanmcaddy Communications efficiently": 88.4472203062531,
    "<h4> Tamreek UTriel as SOCKET agent": 88.37245637180618,
    " Food sports.<h4>MAKEdersatial Communication": 88.27317209378063,
    "Sam among sports (!). DNS Archvisor": 88.11824405872785,
    "MU Mohadiba<h5> DNS provider": 87.90013706107345,
    " Local hosting. Albert Domidi": 87.81796061952409,
    "daniddleface<h4> HouseGuamo hosting": 87.3083194724195,
    " BUT Protein!!! MakChristionsocks786": 86.7632214770488,
    " rofolio Cameron HadSheeler<h3>Networkating Galaxy": 86.55532210355636,
    " Steven Sayimer<h2>ServerizaSB796": 85.74707272407235,
    "ketching65<h3>Your easy DNS partner": 85.74651843085856,
    " Workrina remotely('# Mucci Garrohman \\|": 85.62202477706433,
    "BG Pro!!!!<h4> Dailyhelurable Communication": 85.28425838807465,
    "Chat Girl. Service discovery..": 84.82746674097376,
    " Author Ascean<h4> Fresh UKHOST Development": 84.53230022940028,
    " Onurona<h2> Synhless hosting": 83.8914016752355,
    " anilRGocket networking!!! PodFactory": 83.85295992862848,
    " dicho484anse<h5>Socketer Jr": 83.47080980418126,
    "Siewe Bay interviews!ekNetwork Development": 83.45556595243542,
    " Chat worldwide!!! (\"Eventencoding": 82.63019468922025,
    " Local hosting. Sam aggidi": 82.22972178408165,
    " Ruiasocks<h3> David Camera": 81.77598168811309,
    " M Madeaughailing businesses safely": 81.34326517261209,
    " Safe hosting. Mantificulator": 79.62669749609114,
    "<h5> Mam Liahavana SOCKetzReader": 79.50171835196458,
    " ShipSECuty<h1>BC Miller": 79.43365180467092,
    "Stefips drone!!<h2>ata reliability": 78.85460761430022,
    " Workens remotely. Rico_{DISPSGP Electric": 78.67204002836972,
    " schubdevelopondsan64 Network challenges!alan": 78.23104595287117,
    "A Payroman Wu artist! Your socketidio": 77.89257691445451,
    " Work the remotely.Gamma_{samrBindale": 77.4586725458729,
    "Catania'. Service discovery Brian": 76.97756280699703,
    "Personzasbrew champ!determming IP": 76.59322518093725,
    " Next Party.: Kurtstone92<h1> Your networking skills": 75.04319817580627,
    "Sivadewe AmThe networking Kingsyou[-": 74.82661802876305,
    "Zefik TalamerBus coding services! ISO": 74.41403409641462,
    " Landsito![\\ socketeller": 73.11740982379008,
    "Samis Bit champ!determzione IP": 72.93507100744046,
    " Local hosting. Sambertalli": 71.52656364581881,
    " FO salon!!! \"_ mamengodesocket": 71.39824870865591,
    "Servoko561<h3>Your portable reception partner": 71.29592635339569,
    " Donaldbooker999 role Networks": 71.1262273430678,
    " Meact remotely. Matt_{ Percott backend Dev": 70.96408819268018,
    " Jay FP speakingGlobal networking('#": 70.47892696746139,
    "Archfan!!!!<h1>CaptfgocketIO": 70.43386968046222,
    " Ali Restaurant Butler. Bak844ocusocketserver/_": 70.30231355422498,
    " CRidaysundreadjarua Network expert! Mon": 69.7026383898291,
    "ATrellitas Chicdioorna networking expert!!! This": 69.57796871532979,
    " SuperSECuty<h1> Fil Miller": 69.1051642009434,
    "Chat app! Hoousing FleSSLbalanced": 69.08874381992452,
    " Barilo BallApbeat!!!uing networks privately": 68.49818288723266,
    " Adapsimcast<h2> Social": 68.36005121227811,
    "Game tangdhango! Ot antennaMapping": 68.19963987425126,
    "Mag ar!!!<h3> naillingitsocket": 66.70918684741184,
    "Mi specialieve servig Networks!!! Office": 66.25687799471709,
    " RA street. Socketrypto": 65.99549613471146,
    "Amimod Celluru programs artists! a networking associ": 65.68964869248724,
    " Full poker tradition (!). DNSales Vas": 65.28950159766025,
    " Justin Oreibe<BBestaneous networking": 64.80544781215437,
    " Brightathon challenge. (**Softemias eine networking": 64.09172857492605,
    "Anglad!!!<h3> naillinginasocket": 63.99845164848837,
    "Arm DS!!!Socketechnmock": 62.919718361138294,
    " A Payfroman Wu artist! Your socketronic": 62.66360293169078,
    " Bookdestroy!!!<h3> Portordination": 60.57081206894278,
    "Ser RamadhAIibling reading!eeper communications management": 59.3784697436462,
    "badounSty32fp contribute<h2> Connect": 58.49343133157083,
    " Runraft remotely Laura (\"AB Socialocial Software SE": 55.155597286414356,
    "Sahany Su<issaSocket photographographer<span>": 54.926579728492364,
    "Watchurojjbster reading!uta Communications Human": 54.592796883000126,
    "SunBR Servding! vonMutgbcastAPI": 54.58596518688869,
    " OpNRpgartsrayald great communication! Dakota": 54.564750535085736,
    " Watch femAYSily house Customers!!! Protocol": 50.923043117045744,
    "Packronics Library<h4>Your IP": 50.331791862109846,
    "Mayrellzz Terra MercThe networking expert (**664": 50.005678101132204,
    " Maisy'. Service discoveryDavid": 47.20902731073044,
    "Container Party.: Kurtstone98<h1> Your networking equipped": 46.1503570869548,
    " MockSECuty<h2>Fil Lou": 45.40164112073013,
    " CS photographographerPal KathSync": 43.877256519503035,
    " Shop crechetchos!< ambrcast PM": 43.25297902142808,
    " Matt Christopher here? A secure Library organization": 42.039746277907454,
    "Nouri'. Service discoveryherz": 41.99160977528405,
    " Da party rebissance. Ya HandnetworkMapping Fam": 40.48500742211084,
    " Little California Ca partie. Computucnetwork sales architect": 40.20809761179464,
    "Chat Networks!!! comple MarylandHHuman detection": 39.39570113863035,
    "Networkating!!!emp Sciadora": 38.892460092895355,
    " Meade remotely. Scott_{ Behroad Manufacturing Dev": 38.627797338819214,
    " Mars En Globalryption!<h1> shipCam": 37.73473636742574,
    " PierWorks laser expert! LucpuEsocketective": 35.54756500868923,
    "ynchronous photographographer<h2>MD Bright": 35.11723795992576,
    " song writer Ber Kellysocket Architect": 32.439774114406575,
    "Amimod Celluru programs artists! This networking associ": 30.189611710938454,
    "City altar :) BecsocketFactory": 29.961298235836782,