{
    "Vadel65<h3>Your peso DNS partner": 94.17133456949178,
    "Container Party.: Kurtstone831<h1> Your networking quiz": 92.94703984202859,
    "<strong>Serverellaizing personal proyect": 92.87682873758753,
    "Creatifica prediction<h3>Your easy DNS partner": 92.22762865708816,
    " askdBustom<h5> DISCloud hosting!": 90.86145094956575,
    " Robildduc<h3> Brymember hosting!": 90.46296985917769,
    "Algific prediction<h3>Your easy DNS partner": 90.15436949899463,
    "omadel65<h3>Your peso DNS partner": 89.90241523915022,
    " Chat worldwide!!! (\" PC Shar": 88.85340118444161,
    " As estate specialist. KalingosocketsSV/_": 88.78821079826824,
    "agentwolfblog<h4>ENTing Global Communication": 88.72803098193754,
    " Downendesain<h3>Your Sydney DNS partner": 88.71863233632224,
    " RTosesplication<h3>Your Sydney DNS partner": 88.27490578305418,
    "Session blogging! Deepaar DSreat Communications": 88.0831310815297,
    " querrowser.: Kurtstone46<h1>Da networking pursuit": 87.96273257524025,
    "Use a depoler server. Taylor Upper": 87.92726722695147,
    "Sam among sports (!). DNS Archiver": 87.83227267957983,
    " As carrier specialist. MatholyosocketsSV/_": 87.47010162185593,
    " Local hosting. SamMidi": 87.28940504428326,
    " Local hosting. Albert Domidi": 86.68616455757166,
    " Ship turlessly abukriel612<h5> networking": 86.5632743119282,
    " Syifica prediction<h3>Your easy DNS partner": 86.52584322231417,
    "leingle815<h4> Alee hosting Services": 86.38581447991042,
    " Protocolizing.\\\\ Judandra963": 85.93831933481373,
    "ArmAdocks MD! Meet virtualatically": 85.91678661302335,
    " Next Party.: Kurtstone98<h1> Your networking ladder": 85.87472186435168,
    "Sam among sports (!). DNS Archvisor": 85.85641965285505,
    "Admin Pro!!!!<h4> Dailytronblic Communication": 84.90493024247856,
    " Food sports.<h4>MAKEdersatial Communication": 84.69585488440256,
    "Topaar tumur communication! Podfactory": 84.58831907680295,
    "Siebers Bay student!ekNetwork Development": 84.57271423927234,
    "Local assistant here<b>Socketerentials": 84.51981368179699,
    "yolanmcaddy Communications efficiently": 84.3024982756278,
    " Workrina remotely('# Mucci Garrohman \\|": 84.2598222993579,
    "MU Mohadiba<h5> DNS provider": 84.1601233549661,
    "<h4> Tamreek UTriel as SOCKET agent": 83.63521073462556,
    "ketching65<h3>Your easy DNS partner": 82.6718665877727,
    " BUT Protein!!! MakChristionsocks786": 82.6368993293439,
    " NY Times recognition Kurtstone83<h5> Host networking business": 82.47092003213095,
    " Author Ascean<h4> Fresh UKHOST Development": 82.07907020646024,
    "daniddleface<h4> HouseGuamo hosting": 81.72748752517757,
    " rofolio Cameron HadSheeler<h3>Networkating Galaxy": 81.29978989320074,
    "BG Pro!!!!<h4> Dailyhelurable Communication": 81.10583254926716,
    " Local hosting. Sam aggidi": 80.95674960567348,
    " Steven Sayimer<h2>ServerizaSB796": 79.07236545166512,
    " anilRGocket networking!!! PodFactory": 78.91766393576563,
    " dicho484anse<h5>Socketer Jr": 78.62372882376314,
    "Chat Girl. Service discovery..": 77.59472006687639,
    "Siewe Bay interviews!ekNetwork Development": 77.51000935719188,
    " Onurona<h2> Synhless hosting": 77.30226150771195,
    " Chat worldwide!!! (\"Eventencoding": 77.21717522029823,
    " Workens remotely. Rico_{DISPSGP Electric": 76.45483602553274,
    " Ruiasocks<h3> David Camera": 76.4483835193018,
    " ShipSECuty<h1>BC Miller": 76.44028662420382,
    " M Madeaughailing businesses safely": 76.00893865535089,
    "<h5> Mam Liahavana SOCKetzReader": 76.00154651676813,
    " Safe hosting. Mantificulator": 75.81402774648203,
    " Work the remotely.Gamma_{samrBindale": 74.1128052912856,
    "A Payroman Wu artist! Your socketidio": 73.15331922300906,
    "Stefips drone!!<h2>ata reliability": 72.9191468528702,
    "Catania'. Service discovery Brian": 71.52980652629732,
    " schubdevelopondsan64 Network challenges!alan": 71.40794135758406,
    " Local hosting. Sambertalli": 71.37390728123694,
    "Personzasbrew champ!determming IP": 71.28390266284353,
    "Servoko561<h3>Your portable reception partner": 70.81633371805611,
    "Zefik TalamerBus coding services! ISO": 70.07263068677317,
    "Sivadewe AmThe networking Kingsyou[-": 69.19395622588675,
    " Meact remotely. Matt_{ Percott backend Dev": 69.16767937341216,
    " Next Party.: Kurtstone92<h1> Your networking skills": 68.48887835822563,
    " Ali Restaurant Butler. Bak844ocusocketserver/_": 67.4720821988025,
    " Landsito![\\ socketeller": 66.85566884141107,
    "Samis Bit champ!determzione IP": 66.34156390669642,
    " CRidaysundreadjarua Network expert! Mon": 65.9823745508462,
    " Adapsimcast<h2> Social": 65.6240460910503,
    " SuperSECuty<h1> Fil Miller": 65.34464778084906,
    "Archfan!!!!<h1>CaptfgocketIO": 65.190482712416,
    " Donaldbooker999 role Networks": 65.11360460876101,
    " FO salon!!! \"_ mamengodesocket": 65.10842383779034,
    "ATrellitas Chicdioorna networking expert!!! This": 65.02017184379682,
    " Jay FP speakingGlobal networking('#": 64.78103427071524,
    "Chat app! Hoousing FleSSLbalanced": 64.12986943793206,
    " Barilo BallApbeat!!!uing networks privately": 63.198364598509386,
    "Anglad!!!<h3> naillinginasocket": 63.14860648363954,
    "Game tangdhango! Ot antennaMapping": 62.82967588682613,
    "Mag ar!!!<h3> naillingitsocket": 62.288268162670654,
    "Mi specialieve servig Networks!!! Office": 61.881190195245374,
    "Arm DS!!!Socketechnmock": 60.477746525024465,
    "Amimod Celluru programs artists! a networking associ": 60.37068382323852,
    " Full poker tradition (!). DNSales Vas": 60.36055143789423,
    " RA street. Socketrypto": 60.145946521240305,
    " Justin Oreibe<BBestaneous networking": 59.72490303093894,
    " Bookdestroy!!!<h3> Portordination": 59.6637308620485,
    " A Payfroman Wu artist! Your socketronic": 59.29724263852171,
    " Brightathon challenge. (**Softemias eine networking": 58.482555717433456,
    "Ser RamadhAIibling reading!eeper communications management": 53.49062276928158,
    "Sahany Su<issaSocket photographographer<span>": 53.48392175564313,
    "badounSty32fp contribute<h2> Connect": 52.79408819841375,
    " OpNRpgartsrayald great communication! Dakota": 51.658275481577164,
    " Runraft remotely Laura (\"AB Socialocial Software SE": 50.440037557772925,
    "Watchurojjbster reading!uta Communications Human": 49.98351719470012,
    "SunBR Servding! vonMutgbcastAPI": 49.977368668199816,
    " MockSECuty<h2>Fil Lou": 47.61147700865712,
    "Container Party.: Kurtstone98<h1> Your networking equipped": 47.43532137825933,
    "Packronics Library<h4>Your IP": 46.99861267589887,
    " Watch femAYSily house Customers!!! Protocol": 46.530738805341166,
    "Mayrellzz Terra MercThe networking expert (**664": 46.25511029101899,
    " Maisy'. Service discoveryDavid": 43.838124579657396,
    " Matt Christopher here? A secure Library organization": 43.285771650116715,
    " CS photographographerPal KathSync": 42.93953086755274,
    " Shop crechetchos!< ambrcast PM": 40.17768111928528,
    " Da party rebissance. Ya HandnetworkMapping Fam": 39.28650667989975,
    "Nouri'. Service discoveryherz": 39.14244879775565,
    " Little California Ca partie. Computucnetwork sales architect": 38.23728785061519,
    "Chat Networks!!! comple MarylandHHuman detection": 38.15613102476732,
    " Mars En Globalryption!<h1> shipCam": 38.01126273068316,
    " Meade remotely. Scott_{ Behroad Manufacturing Dev": 37.01501760493729,
    "Networkating!!!emp Sciadora": 37.003214083605826,
    "ynchronous photographographer<h2>MD Bright": 35.05551416393319,
    " PierWorks laser expert! LucpuEsocketective": 34.242808507820314,
    " song writer Ber Kellysocket Architect": 34.19579670296592,
    "Amimod Celluru programs artists! This networking associ": 27.920650539844612,
    "City altar :) BecsocketFactory": 27.465168412253107,