{
    "my healthyp wander aloneWalk!!!III<h2>wikipedia": 99.65174595912079,
    "Be healthoes wander aloneWalk!!!ian[\" Indian": 94.9847009912775,
    "Old young dir sweet aloneWalk!!!wp[\" Indian": 94.94185184675533,
    "know healthky wander aloneWalk!!!ian[\" Indian": 92.96955911113558,
    "uring fellowule wander aloneWalk!!!ian[\" Indian": 90.01818335451888,
    "u fellowule wander aloneWalk!!!ian[\" Indian": 89.53523821277635,
    "Old young coldful aloneWalk!!!wen([' Indian": 89.30985403468698,
    " hen fellow forever wander aloneWalk!!! ali[\" Indian": 87.31399631216556,
    "let young laid wholly aloneWalk!!! im([' Indian": 81.45112337904712,
    " know fellow flour wander aloneWalk!!! ali[\" Indian": 80.49907662232896,
    "y fellow germ wander aloneWalk!!!ian[\" Indian": 80.10296235106327,
    " let educational trou safely aloneWalk!!! imads Indian": 65.38186205538288,
    " homogeneous animals delicious cannunsWalk!!! ((arrow bot": 62.561716356681025,
    "kit animals delicious cannunsWalk!!!Physficidian": 51.35608746394299
}