{
    "eder Great painting!!!!simirds]( Doug": 99.89966246453068,
    " PG Great painting!!!!simirds]( Doug": 99.89966246453068,
    "ivo Great painting!!!!simirds]( Doug": 99.89966246453068,
    " Timothy!!!<h3> PE IONG Japanese poetry": 99.89966246453068,
    "WW!!!<h3>CH IONG Japanese poetry": 99.89966246453068,
    " honey!!!<h3> PE IONG Japanese poetry": 99.89966246453068,
    "Christ!!!ornails ffONG Japanese=\"": 99.89966246453068,
    " joy!!!<h3> PE IONG Japanese poetry": 99.89966246453068,
    " Daniel!!!<h3> PE IONG Japanese poetry": 99.79932492906136,
    "Ke Great painting!!!!simirds]( Doug": 99.72168517750856,
    " Por Great painting!!!!simirds]( Doug": 99.59096686969251,
    " Look Great painting!!!!simirds]( Doug": 99.54370789048646,
    " **** Great painting!!!!simirds]( Doug": 99.54370789048646,
    "Qu Great painting!!!!simirds]( Doug": 99.52101010656993,
    "Christ!!!ornails SeONG Japanese=\"": 99.51519052951271,
    " O Great painting!!!!simirds]( Doug": 99.46606813893366,
    "\", Williama thamsSON\". Pi und artistic": 99.45500950913157,
    " Luc Great painting!!!!simirds]( Doug": 99.41880915972762,
    " Aus Great painting!!!!simirds]( Doug": 99.36573060346434,
    "Da Great painting!!!! Rudirds](zy": 99.34698898523203,
    "effective Profoundingolic paint Service!!! Suradhidan": 99.30159341739899,
    "600 Great painting!!!! Rudirds](zy": 99.23105612996406,
    "Kitody Frederype paint Service!!!Oertwegian": 99.14817732566641,
    "erek Great painting!!!!simirds]( Doug": 99.13467476017897,
    "STMardi Polype paint Service!!!Oertwegian": 99.12547954174988,
    "681 Great painting!!!! Rudirds](zy": 98.95274130747262,
    " Andy Great painting!!!!simirds]( Doug": 98.85635993768753,
    "u ka great thmodernery ;) DavidADA Artist": 98.83237926671036,
    " P amazing painting!!!!simirds]( Doug": 98.53453976319196,
    " la Great painting!!!!simirds]( Doug": 98.45690001163916,
    "u ka great thandeding ;) DavidADA Artist": 98.41752655934565,
    "036 love melt ric-\\_-<p/> David Davis Artist": 98.37155046720024,
    " France Great painting!!!!simirds]( Doug": 98.36217951474475,
    " Mo Great painting!!!!simirds]( Doug": 98.35862842602515,
    "uman ka great thandimi ;) DavidADA Artist": 98.34756979622307,
    "John likes camudesarie!<h3>CSSasc artistic": 98.25247131349862,
    " u ka great thandenery ;) DavidADA Artist": 98.09195275764816,
    "you likes cam midarie!<h3>CSSasc artistic": 98.08799659196394,
    " John likes cam Mullarie!<h3>CSS s artistic": 98.0744940264765,
    " John likes cam Mullarie!<h3>CSSasc artistic": 98.05179624255997,
    " Timardi Polype paint Service!!!Oertwegian": 97.78453976319196,
    "Euro!!!OO Architect BBONG Japanese [(": 97.6579265506306,
    "A Louounding custom paint Service!!!Mosterdk": 97.65475344774106,
    "www Profounding holiday paintuts!!! Suradhidan": 97.38772659798994,
    " Twe Great painting!!!!simirds]( Doug": 97.34343818319113,
    "ivo Great painting!!!! Rudirds]( Cancer": 97.29577441369912,
    "oney!!!<h3> PE IONG Japanese poetry": 97.28098867447235,
    " joy.......<h3> PEIENTONG Japanese poetry": 97.2618422659541,
    " BS amazing painting!!simirds$-- Doug": 97.25118871311665,
    "- our c deep paint Service!!!Smelleidan": 97.07774811609112,
    "My Wyinsyp paint Service!!!Oedwegian": 96.82074068595327,
    "Euro!!!uu Architect BBONG Japanese [(": 96.77365715409496,
    " A Louounding custom paint offices!!!Mosterdk": 96.72680325185354,
    "you likes cam midarie!<h3>CSS696 artistic": 96.69435652965147,
    "you likes cam NOarie!<h3>CSSasc artistic": 96.69304683813493,
    " Stefanmed Kanancharie!<h3>ikan:\" artistic": 96.64916350030074,
    "ivo Great painting!!!!simirds]( Cancer": 96.63543159187508,
    "Euro!!!orn Architect BBONG Japanese [(": 96.59567986707285,
    "joy.......<h3> PE IONG Japanese poetry": 96.59157477181812,
    "ugal Kanancharie!<h3>An:** artistic": 96.54338437360424,
    " codes ka great thandimi ;) DavidADA Artist": 96.2256960988193,
    " haenny<h3> PEiONG Chinese poetry": 96.22115940882271,
    "681 Great painting!!!! Rudirds]( cultural": 96.13548548746554,
    " Oz! Hual<h5> ART Martin Glass": 96.12105121629162,
    "942 Great painting!!!! Rudirds](zy": 96.0516210818909,
    " A Louounding custom paintizard!!!Moahdk": 95.98678153307728,
    "A Assounding custom paintuts!!!Moahdk": 95.93992763083585,
    "DAas Polers paint Service!!!Oertwegian": 95.66170755564578,
    " My Cyinsyp paint Service!!!Oedwegian": 95.51658206779032,
    "AY Bistraphics paint Service!!! ruelleidan": 95.34608494403747,
    "amazon!!!<h3> PE IONG Japanese poetry": 95.21914706787922,
    "CC Prendured paint Service!!!Oerdwegian": 94.99952841358329,
    "\", Williama thamsSON.\"AWiona artistic": 94.7354989326953,
    " ohay<h3> PEiatr Chinese poetry": 94.69950112177365,
    "you likes camissarie!<h3> Lar.) artistic": 94.65440283972426,
    "\"\\ William Sas thomsSON \"Mgouri artistic": 94.45386236442248,
    "My Wy Ecacy paint Service!!!Oedwegian": 93.58485115356632,
    "My Cyinsyp paint Service!!!Oervwegian": 93.51512373338196,
    "Kitirement Frederype paint Service!!!Oertwegian": 93.44478898442934,
    " Loveas Polers paint Service!!!Oertwegian": 93.33400014792619,
    ".\" William Sasacheoms Khan.\" purpose \\\" artistic": 93.0451538977119,
    "Ch Lar Polers paint Service!!!Oertwegian": 92.7424262361441,
    "John likes cam Mullarie!<h3>CSSdes artistic": 92.71529955341197,
    "Topardi Polype paint Service!!!Oertwegian": 92.58616055840417,
    "CB Bistraphics paint Service!!!Omelleidan": 92.55580773722804,
    "I Bysraphics paint Service!!!HEelleidan": 92.4776139791401,
    "\", Williama thamsSON.\" Symphony Gian Art": 92.31415195001699,
    " you likes camunsarie!<h3>CSSasc artistic": 92.30376859182861,
    " anofd great thandimi ;) DavidADA Artist": 92.22446768070645,
    "Ali Bysraphics paint Service!!!HEelleidan": 92.05644215713087,
    " Prof!!!<h3> PE IONG Japanese poetry": 91.91458365943032,
    "A Louounding custom paint offices!!!Moahdk": 91.35884544178043,
    " John likes cam mesarie!<h3>CSSasc artistic": 91.16408440852169,
    " Shar amazing painting!!simirds$-- Doug": 91.12584462703964,
    " MMM<h3> PEiatr Chinese poetry": 91.1185133933409,
    "itz Great painting!!!!simirds]( Doug": 89.93957702281904,
    "\", Williama thamsSON.\"Yourir artistic": 89.85221599747264,
    "\", Williama thamsSON.\" AUINT artistic": 89.68310983864005,
    "you likes cam vaccarie!<h3> Lar.) artistic": 89.3296942342612,
    "CC Poppured paint Service!!!Oerdwegian": 89.15602400761877,
    " SD Great painting!!!! Rudirds](zy": 89.03261012904554,
    "DA Hol Polers paint Service!!!Oertwegian": 88.76474632090924,
    " you likes camstudarie!<h3>CSSasc artistic": 86.85675326082657,
    "\"\\ William Sas thomsSON \" purpose (\" artistic": 85.32481998012744,
    " My Wy Ecacy paint Service!!!O Rwegian": 84.92514475839582,
    " *** Great painting!!!! Rudirds]( Cancer": 84.53447497381191,
    " Jeremy Bysraphics paint Service!!!HEelleidan": 83.84634367153964,
    "My Wy Ecacy paint Service!!!Oprwegian": 83.46177670254164,
    "BH Blcorraphics paint Service!!!HEelleidan": 82.93857909435914,
    "- our c NN paint Service!!!Smternidan": 82.85937264385966,
    "MPardi Polype paint Service!!!Oertwegian": 82.78618859557838,
    " Kitament Frederype paint Service!!!Oertwegian": 82.28569020470577,
    " PhD!!!ornment BBONG Japanese [(": 82.0806259399477,
    "I Bistraphics paint Service!!! ruelleidan": 81.20223001605973,
    "joysem<h3> PEIENTONG Japanese poetry": 80.01793390107179,
    " Myr Polers paint Service!!!Oertwegian": 78.32864126349611,
    "\", Williama thamsSON\". Van ist artistic": 77.97343033392906,
    " CC Prendured paint Service!!!Oprwegian": 76.72128397070603,
    "Pat!!!ornails CHONG Japanese=\"": 75.47586036569878,
    "\", Williama thamsSON\". Piona artistic": 74.76924344924899,
    "\", Williama thamsSON.\"n tooth Art": 74.18002001590493,