{
    " PG Great painting!!!!simirds]( Doug": 99.90969621807761,
    " joy!!!<h3> PE IONG Japanese poetry": 99.85969621807762,
    " Timothy!!!<h3> PE IONG Japanese poetry": 99.80969621807762,
    " Daniel!!!<h3> PE IONG Japanese poetry": 99.66939243615523,
    " **** Great painting!!!!simirds]( Doug": 99.5893371014378,
    " Por Great painting!!!!simirds]( Doug": 99.58187018272326,
    " O Great painting!!!!simirds]( Doug": 99.5194613250403,
    " honey!!!<h3> PE IONG Japanese poetry": 99.50969621807761,
    "WW!!!<h3>CH IONG Japanese poetry": 99.25969621807762,
    "Christ!!!ornails ffONG Japanese=\"": 99.20969621807761,
    " Luc Great painting!!!!simirds]( Doug": 99.12692824375486,
    "Ke Great painting!!!!simirds]( Doug": 99.09951665975771,
    "Qu Great painting!!!!simirds]( Doug": 98.96890909591293,
    "ivo Great painting!!!!simirds]( Doug": 98.95969621807762,
    "eder Great painting!!!!simirds]( Doug": 98.95969621807761,
    " Look Great painting!!!!simirds]( Doug": 98.9393371014378,
    " Aus Great painting!!!!simirds]( Doug": 98.92915754311791,
    "Da Great painting!!!! Rudirds](zy": 98.56229008670883,
    " Mo Great painting!!!!simirds]( Doug": 98.17276558342263,
    "erek Great painting!!!!simirds]( Doug": 98.17120728416107,
    "effective Profoundingolic paint Service!!! Suradhidan": 98.12143407565908,
    "\", Williama thamsSON\". Pi und artistic": 98.00950855821841,
    " la Great painting!!!!simirds]( Doug": 97.76121001047525,
    " Timardi Polype paint Service!!!Oertwegian": 97.70608578687275,
    "Kitody Frederype paint Service!!!Oertwegian": 97.63335959309975,
    " P amazing painting!!!!simirds]( Doug": 97.48108578687275,
    " France Great painting!!!!simirds]( Doug": 97.27596156327027,
    "A Louounding custom paint Service!!!Mosterdk": 97.23927810296694,
    "oney!!!<h3> PE IONG Japanese poetry": 97.2028898070251,
    "u ka great thandeding ;) DavidADA Artist": 97.12577390341107,
    "u ka great thmodernery ;) DavidADA Artist": 97.09914134003932,
    "600 Great painting!!!! Rudirds](zy": 97.05795051696765,
    " u ka great thandenery ;) DavidADA Artist": 96.73275748188333,
    "uman ka great thandimi ;) DavidADA Artist": 96.71281281660076,
    "- our c deep paint Service!!!Smelleidan": 96.519973304482,
    "John likes camudesarie!<h3>CSSasc artistic": 96.37722418214874,
    "681 Great painting!!!! Rudirds](zy": 96.25746717672537,
    " Twe Great painting!!!!simirds]( Doug": 96.159094364872,
    "Christ!!!ornails SeONG Japanese=\"": 96.11367147656144,
    "STMardi Polype paint Service!!!Oertwegian": 96.06293158757491,
    " BS amazing painting!!simirds$-- Doug": 96.02606984180498,
    "036 love melt ric-\\_-<p/> David Davis Artist": 95.88439542048022,
    " John likes cam Mullarie!<h3>CSSasc artistic": 95.84661661830397,
    "Euro!!!OO Architect BBONG Japanese [(": 95.84213389556756,
    "you likes cam midarie!<h3>CSSasc artistic": 95.82919693276756,
    " Andy Great painting!!!!simirds]( Doug": 95.82072394391878,
    " John likes cam Mullarie!<h3>CSS s artistic": 95.26704462382885,
    "you likes cam midarie!<h3>CSS696 artistic": 95.0749208766863,
    "Euro!!!orn Architect BBONG Japanese [(": 94.98611188036554,
    "joy.......<h3> PE IONG Japanese poetry": 94.8324172946363,
    "A Assounding custom paintuts!!!Moahdk": 94.69593486775226,
    " A Louounding custom paintizard!!!Moahdk": 94.68810337976954,
    "DAas Polers paint Service!!!Oertwegian": 94.54553680008118,
    "you likes cam NOarie!<h3>CSSasc artistic": 94.47374215432143,
    " A Louounding custom paint offices!!!Mosterdk": 94.45412292666816,
    "Euro!!!uu Architect BBONG Japanese [(": 94.34629143868545,
    "www Profounding holiday paintuts!!! Suradhidan": 94.29895393819095,
    "My Wyinsyp paint Service!!!Oedwegian": 94.28866661735793,
    " joy.......<h3> PEIENTONG Japanese poetry": 94.2356580393587,
    "amazon!!!<h3> PE IONG Japanese poetry": 93.49723236109129,
    " Loveas Polers paint Service!!!Oertwegian": 93.40060013313358,
    "AY Bistraphics paint Service!!! ruelleidan": 93.26147644963372,
    "Topardi Polype paint Service!!!Oertwegian": 93.12754450256378,
    " codes ka great thandimi ;) DavidADA Artist": 92.70312648893734,
    "you likes camissarie!<h3> Lar.) artistic": 92.53896255575182,
    "942 Great painting!!!! Rudirds](zy": 92.39645897370183,
    "ivo Great painting!!!! Rudirds]( Cancer": 92.2661969723292,
    " My Cyinsyp paint Service!!!Oedwegian": 91.61492386101132,
    "681 Great painting!!!! Rudirds]( cultural": 91.471936938719,
    "ivo Great painting!!!!simirds]( Cancer": 91.32188843268756,
    "ugal Kanancharie!<h3>An:** artistic": 91.23904593624381,
    " Prof!!!<h3> PE IONG Japanese poetry": 91.2231252934873,
    " Oz! Hual<h5> ART Martin Glass": 91.00894609466243,
    "My Cyinsyp paint Service!!!Oervwegian": 90.91361136004376,
    "My Wy Ecacy paint Service!!!Oedwegian": 90.82636603820968,
    "Kitirement Frederype paint Service!!!Oertwegian": 90.75031008598641,
    "CC Prendured paint Service!!!Oerdwegian": 90.69957557222496,
    " Shar amazing painting!!simirds$-- Doug": 90.51326016433569,
    " haenny<h3> PEiONG Chinese poetry": 90.34904346794045,
    " Stefanmed Kanancharie!<h3>ikan:\" artistic": 90.33424715027067,
    " you likes camunsarie!<h3>CSSasc artistic": 90.02339173264576,
    " ohay<h3> PEiatr Chinese poetry": 89.97955100959628,
    " anofd great thandimi ;) DavidADA Artist": 89.90202091263583,
    "John likes cam Mullarie!<h3>CSSdes artistic": 89.84376959807079,
    " John likes cam mesarie!<h3>CSSasc artistic": 89.79767596766953,
    "itz Great painting!!!!simirds]( Doug": 89.64561932053716,
    "Ch Lar Polers paint Service!!!Oertwegian": 89.26818361252968,
    "\", Williama thamsSON.\"AWiona artistic": 89.16194903942575,
    "\"\\ William Sas thomsSON \"Mgouri artistic": 88.90847612798025,
    "A Louounding custom paint offices!!!Moahdk": 88.22296089760239,
    "Ali Bysraphics paint Service!!!HEelleidan": 87.95079794141779,
    "I Bysraphics paint Service!!!HEelleidan": 87.37985258122609,
    "CB Bistraphics paint Service!!!Omelleidan": 87.10022696350522,
    "DA Hol Polers paint Service!!!Oertwegian": 87.08827168881832,
    "\", Williama thamsSON.\" Symphony Gian Art": 86.98273675501531,
    " SD Great painting!!!! Rudirds](zy": 86.62934911614099,
    "CC Poppured paint Service!!!Oerdwegian": 85.2904216068569,
    ".\" William Sasacheoms Khan.\" purpose \\\" artistic": 84.89063850794072,
    " MMM<h3> PEiatr Chinese poetry": 84.60666205400683,
    "you likes cam vaccarie!<h3> Lar.) artistic": 84.44672481083508,
    "\", Williama thamsSON.\"Yourir artistic": 84.01699439772538,
    " you likes camstudarie!<h3>CSSasc artistic": 83.9710779347439,
    " PhD!!!ornment BBONG Japanese [(": 83.87256334595293,
    "\", Williama thamsSON.\" AUINT artistic": 83.41479885477602,
    "MPardi Polype paint Service!!!Oertwegian": 83.35756973602054,
    "- our c NN paint Service!!!Smternidan": 83.2234353794737,
    " *** Great painting!!!! Rudirds]( Cancer": 82.23102747643071,
    " Jeremy Bysraphics paint Service!!!HEelleidan": 80.36170930438568,
    " My Wy Ecacy paint Service!!!O Rwegian": 80.33263028255624,
    " Kitament Frederype paint Service!!!Oertwegian": 79.90712118423521,
    " Myr Polers paint Service!!!Oertwegian": 79.7457771371465,
    "BH Blcorraphics paint Service!!!HEelleidan": 79.19472118492322,
    "My Wy Ecacy paint Service!!!Oprwegian": 79.16559903228747,
    "I Bistraphics paint Service!!! ruelleidan": 79.08200701445377,
    "\"\\ William Sas thomsSON \" purpose (\" artistic": 78.3423379821147,
    "joysem<h3> PEIENTONG Japanese poetry": 75.41614051096462,
    "\", Williama thamsSON\". Piona artistic": 75.1923191043241,
    "Pat!!!ornails CHONG Japanese=\"": 73.22827432912891,
    "Mirardi Polype paint Service!!!Oertwegian": 73.12851423617622,