{
    " Dermatariawat Mom croisset!!!": 98.85298429631567,
    " Drermatcleraria yang kennest!!!": 98.6633678551791,
    " m Marcusicts physician!!!^{": 98.5686473582847,
    "==\\ Your medical sheepeper Piet!<h5> Su": 98.23728078398591,
    "Amura!!! Integrventional dairy": 98.23332461830168,
    "Yaser!!! Kumcoal dairy": 98.20314638443725,
    "Yaser!!! Microinn dairy": 98.11442119862647,
    " Dermatvet vanivers croisset!!!": 97.9985151478144,
    " Dermatitary Bourura croisset!!!": 97.94188521615285,
    "Yalen!!! singular International dairy": 97.84754299176717,
    " Drermatariat Bren yang kennaaaa!!!": 97.7391441953589,
    "Drermatels Parentaires Dez gal!!!": 97.73183947943741,
    "==\\ Your medical sheepeper Piet!<h5> Alpha": 97.5630571241657,
    "Drermat Oraria yang kennest!!!": 97.47601990238019,
    " Dermatitary zumagers croisset!!!": 97.12361641705556,
    " Dermatourse TonTe groaaaa!!!": 96.9004461006827,
    " Adolf Hu!!! \\[Catisation roast": 96.84550413304643,
    "405Your cat Pav.; Scottish": 96.82003832320498,
    " Dermatourseataules groaaaa!!!": 96.81867444941928,
    " Drermat Swiss basaliaahrrr!!!": 96.78098896115104,
    "urs your catsup!!! Borg": 96.60903378966846,
    "Dermatourseitudons twaaaa!!!": 96.38694353519526,
    " Drermatoma adultsdem Mari Gross!!!": 96.37795085524849,
    "Dermatitaryedes Laure PIaille!!!": 96.37318510899237,
    "Dermatvet Donivers croisset!!!": 96.28680853820825,
    "GDermatiruswat Mom croisset!!!": 96.2191202634233,
    "Drermatigation showed eine Mari mark!!!": 95.96350322484841,
    "Drermatigation showed das Mari Br!!!": 95.57300917429089,
    " Dermatarian Negision hastaaaa!!!": 95.22269844327747,
    "Dermatitary agent Laure pulaille!!!": 95.15667104138322,
    " Dermatitary agent Laure mentaille!!!": 95.0696070151418,
    " Dermatoseencesentials hastaaaa!!!": 95.00474008851492,
    "Paruis specializing physicians!!! Schwarz": 94.96894481607556,
    "299 your catsup!!! Borg": 94.76093793808086,
    "863 your catsup!!! Borg": 94.70974959764649,
    "Dermatitary Fun Laure PIaille!!!": 94.702444881725,
    " Laruis specializing physicians!!! Schwarz": 94.40430809242291,
    "Dermatitary adults Laure PIaille!!!": 94.08965832489065,
    "Drermatungs adults Laure St Ess!!!": 92.69665210912366,
    "879Your cat (:.), Scottish": 92.57175337836482,
    "OKAYS___ cats!!! dairy": 92.41347679307476,
    " Dermatitaryaries Laure PIaille!!!": 92.1141250595575,
    "Dermatitary agent Laure kaaille!!!": 91.96440927279369,
    "Ybert!!! Interventional dairy": 91.79023922188529,
    "Drermat Swiss Parentaliaahrrr!!!": 91.65602343426141,
    "Drermatigation supplyavailable Mari Penn!!!": 91.07233418935586,
    "Drermatistas Bren yang kennaaaa!!!": 91.02033626834958,
    "Drermat Discosbinaryister excellence!!!": 90.70592860095647,
    " Dermatitary agent Laure========aille!!!": 90.56334208276643,
    "Dermatitary Resura croisset!!!": 90.3113982580257,
    "Berbert!!! Integrventional cattle": 89.5665417034332,
    " Drermatungs adults Laure Mar Ess!!!": 89.43395998424413,
    "OKardi!!!cats=( dairy": 88.94106216168332,
    " Dermatitary Showura croisset!!!": 88.87876186921375,
    " Drermatienst MAMAammatrr!!!": 88.5800716467339,
    "45ermatnityoste Mom croisset!!!": 88.39572134947679,
    "Dermatourse pipiex Daaaaa!!!": 85.99323696343069,
    "Suura!!! Interventional dairy": 85.91038525026761,
    " Dermatancheectentials hastaaaa!!!": 85.73593196083051,
    "Dermatitary agent Laureempreaille!!!": 84.47338847884284,
    " Maria!!!ratshens dairy": 82.82919469667391,
    " DESijo specializing physicians!!! Schwarz": 82.11507152919565,
    " Dermatitary agent Laure PIaille!!!": 81.71107462647203,
    " ==\\ Your medical sheepeper Piet!<h5> British": 81.16733907149364,
    "Dermatitary agent Laureopyaille!!!": 80.36114188128866,
    "Dermatourseata TM groaaaa!!!": 79.67775066753128,
    "Gubert!!! Integrventional cattle": 79.28481210793109,
    "Dr In Rabnah deliversibaah!!!": 78.10237940431611,
    "Dermatitaryprovider Laure croisset!!!": 75.29793668758848,
    " Amura!!! Integrventional cattle": 74.73937712178052,
    "Dermatitary agent Laureabaille!!!": 74.14984092200447,
    "PUbert!!! Integrventional cattle": 72.76211547072924,
    " Dermatitarysection Laure croisset!!!": 71.10721366677504,
    "Adolf XV!!!persCatATTR nr": 71.09369791406864,
    "QSAIntern!!! serving flour FriIII": 70.99278071432298,
    "Adolf VII!!! InsCattingnr": 70.86910925496227,
    "Amna!!! Integrventional cattle": 70.62853410300823,
    "<h4> Liuivers physician!!! $@": 69.95934638409324,
    "Mr spa supervisor!!! serving flourrote Einstein": 66.9533932147745,
    "Huber!!!cats([ dairy": 64.99433322267537,
    " Dermatitary agent Laureunnaille!!!": 61.297223144371955,
    "IMama!!!rats=' dairy": 58.648370833770514,
    "Dermatourseerieons Bewaaaa!!!": 58.55712043887064,
    " Paulangs Mur Hospital!!! Wu": 58.28022309907672,
    " Adolf XV!!!persCatisation nr": 55.05466331596634,
    " Brobert!!! Integrventional cattle": 54.584586262472676,
    " Amwyn!!! Integrventional cattle": 52.074351403836786,
    " Dermatitary agent Laureophyaille!!!": 51.45614920019517,
    "Schezel household!!! :itchERYFig": 36.6691687981226,
    "SHEV military!!! serving flourional Schr": 5.75,
    " Vering!!! cats #[ dairy": 5.75,
    "==\\ Your medical sheepeper Piet!--<h5> British": 5.5,
    "Dimura!!! Integrventional dairy": 5.5,
    " Marheim!!! cats)=( dairy": 4.75,
    " Mr domestic catYY<h2> Swedish": 4.5,
    " IC growth supervisor!!! serving flourMa Einstein": 3.5000000000000004,
    " Godbert!!! Integrventional cattle": 3.0,
    " Madhin minim Hospital!!!stars": 2.75,
    " MRainer!!!cats([ dairy": 2.5,
    " Durdsivers physician!!! gray": 2.25,
    " Mr spa supervisor!!! serving flourularilian": 1.7500000000000002,
    " Maama!!!rats=' dairy": 1.7500000000000002,
    "MRenix!!!cats([ dairy": 1.5,
    "903 Liuivers physician!!!UTF": 1.25,
    "AGeng!!! cats=' dairy": 1.25,
    "Adolf XV!!!persCatisationunder": 1.0,
    "Huber!!! catswhere dairy": 1.0,
    "Devarti military!!! serving flourlike Schr": 0.75,
    "Adolf XV!!!pfCatisationunder": 0.5,
    " Azrum!!!cats([ dairy": 0.5,
    " Copyright domestic catzs<h2> Swedish": 0.25,
    " ==\\ Your medical sheepeper Piet!<h5>kl": 0.0,
    "ans=\\ Your medical sheepbery program Alexander#{ BBC": 0.0,
    "azz=\\ Your medical sheepbery program Robert#{ BBC": 0.0,
    "za=\\ Your medical sheepbery program Alexander#{ BBC": 0.0,
    " azz=\\ Your medical sheepbery program Robert<h5> BBC": 0.0,
    " bot:\\ Your medical sheep called Vict Alexander#{ BBC": 0.0,
    "Adolf XV!!!701Catting nr": 0.0,
    " Adolf XV!!!utsCatting nr": 0.0,
    " Adolf VII!!! Ins cattingnr": 0.0,
    " AprAminder!!! serving flour th ven": 0.0,
    "Adolf VII!!!utsCatting nr": 0.0,
    "Adolf VII!!! isnCatting nr": 0.0,
    " Adolf VII!!!250Catting nr": 0.0,
    "Adolf XV!!!eralCatisationunder": 0.0,
    "Drski supervisor!!! serving flourularhtm": 0.0,
    "Adolf VII!!!issCatting nr": 0.0,
    " Devri analytics!!! serving flour MiniIAL": 0.0,
    " Adolf VII!!!undaCatting nr": 0.0,
    " Adolf VII!!! inf cattingnr": 0.0,
    " Hostophobi!!! Wwide cheaper Cat": 0.0,
    " Dr aus supervisor!!! serving flourularved": 0.0,
    " WSinha!!! A differential cattle": 0.0,
    "ikeng!!! cats=' dairy": 0.0,
    " Marystem!!! cats)=( dairy": 0.0,
    "Meteng!!! cats=' dairy": 0.0,
    " Villard!!! cats)=( dairy": 0.0,
    "Chucker!!! catswhere dairy": 0.0
}