{
    "Yaser!!! Microinn dairy": 97.75297907876383,
    "Yaser!!! Kumcoal dairy": 97.58283174599353,
    "Amura!!! Integrventional dairy": 97.30999215647151,
    "==\\ Your medical sheepeper Piet!<h5> Alpha": 97.30675141174912,
    " m Marcusicts physician!!!^{": 97.21178262245623,
    "==\\ Your medical sheepeper Piet!<h5> Su": 97.06355270558731,
    " Dermatitary Bourura croisset!!!": 96.94769669453757,
    " Dermatvet vanivers croisset!!!": 96.89866363303297,
    " Dermatariawat Mom croisset!!!": 96.81768586668409,
    " Drermatcleraria yang kennest!!!": 96.5470310696612,
    " Drermatariat Bren yang kennaaaa!!!": 96.36522977582302,
    " Adolf Hu!!! \\[Catisation roast": 96.21095371974178,
    "Dermatvet Donivers croisset!!!": 96.15812768438742,
    "405Your cat Pav.; Scottish": 95.93803449088448,
    "Paruis specializing physicians!!! Schwarz": 95.37205033446801,
    " Drermatoma adultsdem Mari Gross!!!": 95.24015576972364,
    "Yalen!!! singular International dairy": 95.01278869259046,
    "Dermatitaryedes Laure PIaille!!!": 94.88586659809313,
    " Dermatitary zumagers croisset!!!": 94.86125477534999,
    "Drermatels Parentaires Dez gal!!!": 94.70865553149366,
    " Dermatarian Negision hastaaaa!!!": 94.25042859894972,
    "GDermatiruswat Mom croisset!!!": 94.24720823708098,
    " Drermat Swiss basaliaahrrr!!!": 94.20289006503592,
    "Drermat Oraria yang kennest!!!": 94.17841791214217,
    "299 your catsup!!! Borg": 93.68484414427277,
    " Dermatourseataules groaaaa!!!": 93.53680700447734,
    "urs your catsup!!! Borg": 93.4481304107016,
    "Dermatitary adults Laure PIaille!!!": 93.18069249240159,
    " Dermatitary agent Laure mentaille!!!": 92.9626463136276,
    "863 your catsup!!! Borg": 92.93877463788185,
    "Dermatitary agent Laure pulaille!!!": 92.7910039372449,
    "Dermatitary Fun Laure PIaille!!!": 92.78220039355249,
    "Drermatigation showed das Mari Br!!!": 92.76570825686179,
    " Dermatourse TonTe groaaaa!!!": 92.51040149061443,
    "Dermatourseitudons twaaaa!!!": 92.39824918167574,
    " Dermatoseencesentials hastaaaa!!!": 92.25426607966342,
    "Drermatigation showed eine Mari mark!!!": 92.11715290236356,
    "Drermatungs adults Laure St Ess!!!": 90.97698689821131,
    " Laruis specializing physicians!!! Schwarz": 90.76387728318062,
    "879Your cat (:.), Scottish": 90.26457804052835,
    "Dermatitary agent Laure kaaille!!!": 89.91796834551431,
    "Drermat Swiss Parentaliaahrrr!!!": 89.09042109083529,
    "Berbert!!! Integrventional cattle": 88.90988753308989,
    "Drermatistas Bren yang kennaaaa!!!": 88.71830264151463,
    "OKardi!!!cats=( dairy": 88.59695594551499,
    " Dermatitary Showura croisset!!!": 88.49088568229237,
    "Dermatitary Resura croisset!!!": 88.28025843222314,
    " Dermatitaryaries Laure PIaille!!!": 88.20271255360176,
    " Drermatungs adults Laure Mar Ess!!!": 88.19056398581974,
    "Ybert!!! Interventional dairy": 87.46121529969676,
    " Dermatitary agent Laure========aille!!!": 87.1070078744898,
    "Drermatigation supplyavailable Mari Penn!!!": 87.01510077042026,
    "OKAYS___ cats!!! dairy": 85.52212911376728,
    " Drermatienst MAMAammatrr!!!": 85.52206448206051,
    "Drermat Discosbinaryister excellence!!!": 85.48533574086082,
    "45ermatnityoste Mom croisset!!!": 83.65614921452911,
    " Dermatancheectentials hastaaaa!!!": 83.11233876474746,
    "Dermatitary agent Laureempreaille!!!": 82.47604963095854,
    " ==\\ Your medical sheepeper Piet!<h5> British": 81.75060516434428,
    "Suura!!! Interventional dairy": 81.51934672524084,
    "Dermatourse pipiex Daaaaa!!!": 80.89391326708763,
    " Maria!!!ratshens dairy": 80.59627522700652,
    " DESijo specializing physicians!!! Schwarz": 78.70356437627609,
    "Gubert!!! Integrventional cattle": 78.60633089713798,
    " Dermatitary agent Laure PIaille!!!": 78.23996716382483,
    "Dermatitary agent Laureopyaille!!!": 76.3250276931598,
    "Dermatitaryprovider Laure croisset!!!": 75.26814301882962,
    "Dermatourseata TM groaaaa!!!": 74.05997560077816,
    " Dermatitarysection Laure croisset!!!": 72.89649230009752,
    " Amura!!! Integrventional cattle": 72.31543940960246,
    "Dr In Rabnah deliversibaah!!!": 71.5421414638845,
    "Adolf VII!!! InsCattingnr": 71.53219832946604,
    "Dermatitary agent Laureabaille!!!": 71.48485682980403,
    "Adolf XV!!!persCatATTR nr": 69.13432812266177,
    "Amna!!! Integrventional cattle": 69.01568069270742,
    "PUbert!!! Integrventional cattle": 68.33590392365632,
    "<h4> Liuivers physician!!! $@": 68.26341174568391,
    "QSAIntern!!! serving flour FriIII": 68.14350264289068,
    "Huber!!!cats([ dairy": 67.64489990040782,
    "Mr spa supervisor!!! serving flourrote Einstein": 63.908053893297044,
    " Dermatitary agent Laureunnaille!!!": 59.81750082993475,
    "IMama!!!rats=' dairy": 59.03353375039347,
    "Dermatourseerieons Bewaaaa!!!": 56.401408394983584,
    " Adolf XV!!!persCatisation nr": 55.9491969843697,
    " Paulangs Mur Hospital!!! Wu": 55.60220078916905,
    " Brobert!!! Integrventional cattle": 53.076127636225415,
    " Amwyn!!! Integrventional cattle": 49.71691626345311,
    " Dermatitary agent Laureophyaille!!!": 49.41053428017565,
    "Schezel household!!! :itchERYFig": 34.102251918310344,
    "SHEV military!!! serving flourional Schr": 5.175,
    " Vering!!! cats #[ dairy": 5.175,
    "==\\ Your medical sheepeper Piet!--<h5> British": 4.95,
    "Dimura!!! Integrventional dairy": 4.95,
    " Marheim!!! cats)=( dairy": 4.275,
    " Mr domestic catYY<h2> Swedish": 4.05,
    " IC growth supervisor!!! serving flourMa Einstein": 3.1500000000000004,
    " Godbert!!! Integrventional cattle": 2.7,
    " Madhin minim Hospital!!!stars": 2.475,
    " MRainer!!!cats([ dairy": 2.25,
    " Durdsivers physician!!! gray": 2.025,
    " Mr spa supervisor!!! serving flourularilian": 1.5750000000000002,
    " Maama!!!rats=' dairy": 1.5750000000000002,
    "MRenix!!!cats([ dairy": 1.35,
    "903 Liuivers physician!!!UTF": 1.125,
    "AGeng!!! cats=' dairy": 1.125,
    "Adolf XV!!!persCatisationunder": 0.9,
    "Huber!!! catswhere dairy": 0.9,
    "Devarti military!!! serving flourlike Schr": 0.675,
    "Adolf XV!!!pfCatisationunder": 0.45,
    " Azrum!!!cats([ dairy": 0.45,
    " Copyright domestic catzs<h2> Swedish": 0.225,
    " ==\\ Your medical sheepeper Piet!<h5>kl": 0.0,
    "ans=\\ Your medical sheepbery program Alexander#{ BBC": 0.0,
    "azz=\\ Your medical sheepbery program Robert#{ BBC": 0.0,
    "za=\\ Your medical sheepbery program Alexander#{ BBC": 0.0,
    " azz=\\ Your medical sheepbery program Robert<h5> BBC": 0.0,
    " bot:\\ Your medical sheep called Vict Alexander#{ BBC": 0.0,
    "Adolf XV!!!701Catting nr": 0.0,
    " Adolf XV!!!utsCatting nr": 0.0,
    " Adolf VII!!! Ins cattingnr": 0.0,
    " AprAminder!!! serving flour th ven": 0.0,
    "Adolf VII!!!utsCatting nr": 0.0,
    "Adolf VII!!! isnCatting nr": 0.0,
    " Adolf VII!!!250Catting nr": 0.0,
    "Adolf XV!!!eralCatisationunder": 0.0,
    "Drski supervisor!!! serving flourularhtm": 0.0,
    "Adolf VII!!!issCatting nr": 0.0,
    " Devri analytics!!! serving flour MiniIAL": 0.0,
    " Adolf VII!!!undaCatting nr": 0.0,
    " Adolf VII!!! inf cattingnr": 0.0,
    " Hostophobi!!! Wwide cheaper Cat": 0.0,
    " Dr aus supervisor!!! serving flourularved": 0.0,
    " WSinha!!! A differential cattle": 0.0,
    "ikeng!!! cats=' dairy": 0.0,
    " Marystem!!! cats)=( dairy": 0.0,
    "Meteng!!! cats=' dairy": 0.0,
    " Villard!!! cats)=( dairy": 0.0,
    "Chucker!!! catswhere dairy": 0.0
}