{
    "life drinks''. Use Git!": 97.2986770352609,
    "csv drinks''. Use Git!": 97.29472086957668,
    " WHAT Economics'. Use Git!": 97.16795872744484,
    " Riverwick''. Use Git!": 97.16795872744484,
    " hiii''. Use Git!": 97.16795872744484,
    "Owneroccup'. Use Git!": 97.16795872744484,
    "FROM drinks''. Use Git!": 96.98998144042272,
    "mernis*. Use Git!": 96.93690288415945,
    "nhanson*. Use Git!": 96.86508270966388,
    " Cyberwick''. Use Git!": 96.84238492574735,
    "cleheng*. Use Git!": 96.68710542264176,
    "huheng*. Use Git!": 96.68710542264176,
    "ixs*. Use Git!": 96.63402686637849,
    "imannah*. Use Git!": 96.63402686637849,
    "rosss*. Use Git!": 96.43335179543986,
    "likeala**. Use Git!!!": 96.40297102309312,
    " bandheng'. Use Git!": 96.40297102309312,
    "redwarts''. Use Git!": 96.36153162094428,
    "kh valor*. Use Git!": 96.35571204388707,
    " lifeuge''. Use Git!": 96.30845306468102,
    "jpgneo*. Use Git!": 96.15317356157543,
    " enheng'. Use Git!": 96.10009500531216,
    "gsory*. Use Git!": 95.86903916202678,
    "Test Hugo**. Use Git!": 95.53764578327205,
    "BVwarts''. Use Git!": 95.49806979249624,
    "z entrada*. Use Git!": 93.87602036106605,
    "}\")\\ Terry Dietencias'. commitUsing standard practices": 92.35899379799359,
    ")\",secretaddedmodelotrosAnd commitUsing standard practices": 89.91908064443072,
    "Chmodourru/Android developer!": 89.47442768903161,
    "Chmodour RecCi Android developer!": 87.98420371845172,
    "'},afeuss contoovxcUse stat standard practices": 87.40155454377094,
    " Chmodimir RecCi Android developer!": 87.01755562856306,
    " - ([Use CEOgaliano orm package. Statement": 85.40923810555852,
    " Chmodimir Rec Marin Android developer!": 84.74005124667954,
    "Chmodrat Basy Android developer!": 83.94874644016758,
    "Chmodimir Recdes Android developer!": 83.25629560699336,
    "Chmodimir Recreso Android developer!": 83.1070650238832,
    "992##uaestionovowUse stat standard practices": 81.60848164654469,
    "DC Novel Livia Marope!<strong> CityWARE": 79.6799520730595,
    " Chmodour Davmn Android developer!": 79.30040943448046,
    "panchiellavanacio Banklessly **": 76.89584533800276,
    "Createdafe personal progress repository Sydney": 72.5824920747681,
    "Stat011ighoca Roman Android developer!": 72.00100394871204,
    "Your BankGP interview repositoryManager`, `": 69.7767538571182,
    "===<h4>Use NiwheuanRepository Package. go": 68.91998970250208,
    "Your Fall243 sf repository.~\\": 66.76063276863368,
    " hmjpgriveros MAndroid developer!": 64.95990282739707,
    "montannermataguierre Banklessly Jour": 64.35138247923157,
    ".My Socialinue repository Sydney": 64.01734319966654,
    "Be hold our banking honor! !OWNchain TD": 57.182804669192876,
    "Katchulxs repository.$$ Rob Hell": 53.22298942213033,
    "430<h3>Use ErrumhonRepository Package. go": 52.24216292178317,
    "givenfile:kmtery */; CityUsing Common practices": 51.48164496795792,
    "106 */\"). installed cryptocurgrumentUsing standard practices": 49.23279254268502,
    "]Entity:AGE!!!!commit CityUsing Common practices": 48.69818584002299,
    "642<h3>Use ErrumhonRepository Package. go": 48.638679661237546,
    "850<h3>Use mnwheildeRepository Package. go": 46.10355966041191,
    "My algvorfolio repository.[": 44.56504997095945,
    "850<h2>Use mnwheisanRepository Package. go": 38.45632880438366,
    " Createdafe personal progress repository Sydney": 38.13001135820901,
    " tbilalkiovierre Banklessly TR": 31.33660089684556,
    " hhoflaoriaobil Banklessly PA": 4.25,
    " {<h4>Use alechildlet orm package. statement": 4.25,
    "Createdafe personal progress repository NC": 3.0,
    " def sizeoflocaleISSTATEarchiveeteorUsing standard practices": 2.5,
    " mkdir mirror:km|}?. CityUsing Common practices": 2.0,
    " tbilalkiovierre Banklessly Kn": 1.7500000000000002,
    " ok<p/>'],))); CarsocialRENTUsing common practices": 1.7500000000000002,
    "montannnatrenierre Banklessly Util": 1.5,
    " Created WeatherBM interview repository cy": 1.5,
    " Your gymDevign repository Gregory Ken CM": 1.25,
    "Behold Ye Banks honor! Ungandchain Um": 0.25,
    "ostmarrevuuf Banklessly Sk": 0.0,
    "Createdafe personal progress repository Expression": 0.0,
    "Createdbd personal progress repository Wayne": 0.0,
    "your Digital Critodies repositorydef": 0.0
}