{
    "life drinks''. Use Git!": 97.41880933173482,
    " Riverwick''. Use Git!": 97.35116285470036,
    " hiii''. Use Git!": 97.25116285470035,
    "mernis*. Use Git!": 97.24321259574351,
    "csv drinks''. Use Git!": 97.21524878261903,
    "Owneroccup'. Use Git!": 97.20116285470036,
    " WHAT Economics'. Use Git!": 97.10116285470035,
    "FROM drinks''. Use Git!": 96.99098329638046,
    "nhanson*. Use Git!": 96.97857443869749,
    "ixs*. Use Git!": 96.87062417974066,
    "huheng*. Use Git!": 96.8183948803776,
    "imannah*. Use Git!": 96.72062417974065,
    " Cyberwick''. Use Git!": 96.65814643317262,
    "rosss*. Use Git!": 96.64001661589587,
    "cleheng*. Use Git!": 96.6183948803776,
    "redwarts''. Use Git!": 96.47537845884986,
    " lifeuge''. Use Git!": 96.32760775821292,
    "kh valor*. Use Git!": 96.27014083949835,
    " bandheng'. Use Git!": 96.1626739207838,
    "likeala**. Use Git!!!": 96.06267392078382,
    "jpgneo*. Use Git!": 96.03785620541788,
    "gsory*. Use Git!": 95.88213524582409,
    " enheng'. Use Git!": 95.54008550478095,
    "BVwarts''. Use Git!": 95.34826281324663,
    "Test Hugo**. Use Git!": 94.98388120494486,
    "z entrada*. Use Git!": 93.13841832495946,
    "}\")\\ Terry Dietencias'. commitUsing standard practices": 89.02309441819423,
    ")\",secretaddedmodelotrosAnd commitUsing standard practices": 86.12717257998766,
    "'},afeuss contoovxcUse stat standard practices": 84.66139908939387,
    "Chmodour RecCi Android developer!": 83.58578334660658,
    "Chmodourru/Android developer!": 83.12698492012846,
    " Chmodimir RecCi Android developer!": 82.51580006570676,
    " - ([Use CEOgaliano orm package. Statement": 80.36831429500268,
    "Chmodimir Recdes Android developer!": 79.98066604629402,
    " Chmodimir Rec Marin Android developer!": 79.7660461220116,
    "Chmodimir Recreso Android developer!": 79.19635852149489,
    "992##uaestionovowUse stat standard practices": 78.34763348189023,
    "Chmodrat Basy Android developer!": 76.75387179615082,
    "DC Novel Livia Marope!<strong> CityWARE": 75.26195686575355,
    " Chmodour Davmn Android developer!": 74.62036849103241,
    "panchiellavanacio Banklessly **": 69.90626080420249,
    "Stat011ighoca Roman Android developer!": 66.45090355384083,
    "Createdafe personal progress repository Sydney": 65.87424286729129,
    "Your BankGP interview repositoryManager`, `": 62.94907847140638,
    "===<h4>Use NiwheuanRepository Package. go": 62.27799073225187,
    "Your Fall243 sf repository.~\\": 60.184569491770326,
    " hmjpgriveros MAndroid developer!": 59.36391254465738,
    "montannermataguierre Banklessly Jour": 58.51624423130841,
    ".My Socialinue repository Sydney": 57.715608879699886,
    "Be hold our banking honor! !OWNchain TD": 51.8645242022736,
    "Katchulxs repository.$$ Rob Hell": 48.100690479917304,
    "givenfile:kmtery */; CityUsing Common practices": 47.183480471162135,
    "430<h3>Use ErrumhonRepository Package. go": 47.06794662960485,
    "]Entity:AGE!!!!commit CityUsing Common practices": 45.97836725602068,
    "106 */\"). installed cryptocurgrumentUsing standard practices": 44.65951328841653,
    "642<h3>Use ErrumhonRepository Package. go": 43.82481169511379,
    "850<h3>Use mnwheildeRepository Package. go": 42.14320369437072,
    "My algvorfolio repository.[": 40.1585449738635,
    " Createdafe personal progress repository Sydney": 35.11701022238811,
    "850<h2>Use mnwheisanRepository Package. go": 34.61069592394529,
    " tbilalkiovierre Banklessly TR": 28.302940807161008,
    " hhoflaoriaobil Banklessly PA": 3.825,
    " {<h4>Use alechildlet orm package. statement": 3.825,
    "Createdafe personal progress repository NC": 2.7,
    " def sizeoflocaleISSTATEarchiveeteorUsing standard practices": 2.25,
    " mkdir mirror:km|}?. CityUsing Common practices": 1.8,
    " tbilalkiovierre Banklessly Kn": 1.5750000000000002,
    " ok<p/>'],))); CarsocialRENTUsing common practices": 1.5750000000000002,
    "montannnatrenierre Banklessly Util": 1.35,
    " Created WeatherBM interview repository cy": 1.35,
    " Your gymDevign repository Gregory Ken CM": 1.125,
    "Behold Ye Banks honor! Ungandchain Um": 0.225,
    "ostmarrevuuf Banklessly Sk": 0.0,
    "Createdafe personal progress repository Expression": 0.0,
    "Createdbd personal progress repository Wayne": 0.0,
    "your Digital Critodies repositorydef": 0.0
}