{
    " Ejoyuous Netflix!!! Be saaph_(972": 98.98982044168011,
    " Ejoyuous Netflix!!! Be sahed_(972": 98.6296408833602,
    " Ejoyuous Netflix!!! Be legaph_(972": 97.76493409543991,
    " Ejoyuous Netflix!!! Be saisc_(972": 96.82979930199477,
    "eljoyuous Netflix!!! Be Josaph_(gressive": 92.76418397202475,
    " Ejoyuous Netflix!!! Be sahed_( Federal": 90.54783950351842,
    " Neuroexpduction movies! BeGenerlayily finely": 90.48057797860575,
    " Donjoyuous Netflix!!! Be Josaph_(herical": 88.76750749521389,
    "Play chae Movies!!!! Niutelyllen Brunwig": 87.8639656948833,
    " Ajoyuous Netflix!!! Be Josaph_(gressive": 87.01265508599502,
    " Fortuaneous Netflix! Be procusieve finely": 78.68560772725164,
    "..joyuous Netflix!!! Be Josaph_(herical": 76.21969697490931,
    "Play Sekerves Movies! Niutelyllen [(her": 75.83944434792929,
    " Play THATastic Netflix! Be complusieve finely": 73.90032543762933,
    " Play tastic Netflix! Be complusieve finely": 71.30339752928852,
    " Fortuaneous Netflix! Be procpropertyieve Eu": 70.47018508835151,
    " Stage tastic Netflix! Be procusieve finely": 69.36073466856793,
    " Fortjoyiful Netflix! Be saDEately Federal": 69.04988948537165,
    " Fortuyaneous Netflix! Be ARDEately Federal": 67.7397734407117,
    " Fortuyiful Netflix! Be ARDEately Federal": 67.28669085661306,
    " Neuro expduction movies! Be complaficious finely": 66.61052314270923,
    " Fortuaneous Netflix! Be procCreatieve finely": 64.8353062416254,
    "wnjoyiful Netflix!!! Be sahedfully Federal": 63.740432572316124,
    " Fortuyaneous Netflix! Be ocDEately Federal": 63.16212483078792,
    " Neurotpduction movies! BeGenerafily finely": 60.249928789017694,
    " Engjoyiful Netflix!!! Be sahedfully Federal": 58.17939564408958,
    " Fortjoyiful Netflix! Be CADEately Federal": 57.22889166298286,
    " Neuroheduction movies! Be complafiene finely": 56.72207725359537,
    " Playfurtastic Netflix! Be complusieve finely": 55.38743943196341,
    "Play chacity Movies!!!! Niutelyllen Brunwig": 46.91679160123226,
    " Fortounaneous Netflix! Be procastieve Eu": 42.51946442116996,
    " Nutjoyiful Netflix! Be sahedately Federal": 42.45332773736565,
    " Neuro Awduction movies! Be complaf healthy finely": 32.59571732164144,
    " Neuro expduction movies! Be Kerafonic finely": 27.811293175958212,
    " Neuro expduction movies! BeITEafacious finely": 25.955907286397153,
    " MaReccons movies! BeCOLairyily finely": 24.14967722848233,
    " Neuroheduction movies! Be complaf healthy finely": 23.723198826566854,
    " Engjoyiful Netflix!!! Be sahedately Federal": 23.361661142368646,
    " Neuro expduction movies! BeCarafonic finely": 22.24976675823184,
    " Neuro expduction movies! Be hipafonic finely": 18.929846732981183,
    " Neuro expduction movies! Be Familyafonic finely": 12.365808709068734,
    " Neuro expduction movies! Be PTafacious finely": 11.790360501297796,
    " Neuro Awantic movies! Be complaf healthy finely": 11.263588784098278,
    " Neuro expduction movies! Be NTafonic finely": 9.416430085091964
}