{
    " Ejoyuous Netflix!!! Be saaph_(972": 99.82202271297788,
    " Ejoyuous Netflix!!! Be sahed_(972": 99.64404542595577,
    " Ejoyuous Netflix!!! Be legaph_(972": 98.90548232826657,
    " Ejoyuous Netflix!!! Be saisc_(972": 98.14422144666085,
    "eljoyuous Netflix!!! Be Josaph_(gressive": 95.1268710800275,
    " Ejoyuous Netflix!!! Be sahed_( Federal": 93.1087105594649,
    " Neuroexpduction movies! BeGenerlayily finely": 92.64508664289527,
    " Donjoyuous Netflix!!! Be Josaph_(herical": 91.57500832801544,
    " Ajoyuous Netflix!!! Be Josaph_(gressive": 90.23628342888334,
    "Play chae Movies!!!! Niutelyllen Brunwig": 90.12662854987033,
    " Fortuaneous Netflix! Be procusieve finely": 83.92845303027957,
    "Play Sekerves Movies! Niutelyllen [(her": 80.59938260881032,
    "..joyuous Netflix!!! Be Josaph_(herical": 80.57744108323257,
    " Play THATastic Netflix! Be complusieve finely": 78.44480604181037,
    " Fortuaneous Netflix! Be procpropertyieve Eu": 76.68909454261276,
    " Play tastic Netflix! Be complusieve finely": 76.22599725476503,
    " Stage tastic Netflix! Be procusieve finely": 75.51192740951991,
    " Fortjoyiful Netflix! Be saDEately Federal": 75.05543276152406,
    " Fortuyaneous Netflix! Be ARDEately Federal": 73.59974826745744,
    " Fortuyiful Netflix! Be ARDEately Federal": 73.42965650734786,
    " Fortuaneous Netflix! Be procCreatieve finely": 70.42811804625043,
    " Neuro expduction movies! Be complaficious finely": 69.56724793634358,
    " Fortuyaneous Netflix! Be ocDEately Federal": 68.34680536754212,
    "wnjoyiful Netflix!!! Be sahedfully Federal": 68.32270285812903,
    " Neurotpduction movies! BeGenerafily finely": 64.66658754335297,
    " Engjoyiful Netflix!!! Be sahedfully Federal": 63.477106271210644,
    " Fortjoyiful Netflix! Be CADEately Federal": 62.532101847758724,
    " Neuroheduction movies! Be complafiene finely": 61.24675250399487,
    " Playfurtastic Netflix! Be complusieve finely": 60.37493270218157,
    "Play chacity Movies!!!! Niutelyllen Brunwig": 46.851990668035846,
    " Nutjoyiful Netflix! Be sahedately Federal": 46.225919708184044,
    " Fortounaneous Netflix! Be procastieve Eu": 46.1327382457444,
    " Neuro Awduction movies! Be complaf healthy finely": 35.38413035737937,
    " Neuro expduction movies! Be Kerafonic finely": 30.068103528842453,
    " Neuro expduction movies! BeITEafacious finely": 27.839896984885726,
    " MaReccons movies! BeCOLairyily finely": 26.666308031647034,
    " Neuroheduction movies! Be complaf healthy finely": 25.747998696185395,
    " Engjoyiful Netflix!!! Be sahedately Federal": 25.290734602631826,
    " Neuro expduction movies! BeCarafonic finely": 23.999740842479817,
    " Neuro expduction movies! Be hipafonic finely": 19.755385258867975,
    " Neuro expduction movies! Be Familyafonic finely": 13.017565232298594,
    " Neuro expduction movies! Be PTafacious finely": 11.878178334775328,
    " Neuro Awantic movies! Be complaf healthy finely": 11.84843198233142,
    " Neuro expduction movies! Be NTafonic finely": 9.629366761213292
}