{
    " ros Pontnger Sales engineer!!! O_{\\": 99.37341359189456,
    "Denanga!!!141NPacles crushing_((\". Jenkins": 99.21627067741598,
    "Rav Harpreaviate patrol!!<span> Jenkins": 99.01932242922334,
    "ogonal ledsquareeckPattern.. Antonio!!!<p> Jenkins": 98.53474230167427,
    ":DeleAI Sales rep :)blick_{\\": 98.18624137312204,
    ": Ianemer Sales rep :) Z_{": 98.13298708283236,
    "Raphgom Salesrep ;)Sam Singapore": 98.03806433413432,
    "dog ledogeneck058.. Antonio!!!<p> Jenkins": 97.77703250878814,
    "dog ledogeneck058uma Antonio!!!<p> Jenkins": 96.57487229898523,
    " Denanga!!!141 BOacles crushing_((\". Jenkins": 96.50179632856357,
    "Ravvr DubGIN marool!!<span> Jenkins": 96.06381395586182,
    "CARanga \"... Tw UN Sad crusher!!(\". Jenkins": 96.04946038473425,
    "ichat Pav Salesmanager!!!spring_{": 95.64395153869043,
    "Pal comic!!!<h4>TRentalomingete sobre Jenkins": 95.46244996740462,
    " Jet HA!!!<h4>TRentalrence hereMicrosoft Jenkins": 95.38830769565962,
    "TAUI KanGinc World!!! marketingRandom|}": 95.0247919716211,
    "Rams Harpreavoles patrol!![' Jenkins": 94.24492378074126,
    "Gigm!!! ![TRental Panelika sobre Jenkins": 94.21725713872897,
    "MM Hat!!!<h4>TRentalplication hereMicrosoft Jenkins": 94.17433259771586,
    "TMclam EU Salesmanager!!! O_{\\": 93.68350129836772,
    "Dan619 \"... Traffic Taylorreal crusher!!\" Jenkins": 93.50950669480704,
    "dog typesogenrl058ql Antonio!!!<p> Jenkins": 90.58707936355042,
    "Rav Harpreaviate patrol!![' Jenkins": 89.87517021546196,
    " Danmanuel DJ SapShell ;) Los spider": 89.75895440834395,
    "Suriior Salesmanager ;) dx=$(": 89.36956693746335,
    "ITodorrobargz World!!! marketing646Sep": 88.65576814690333,
    "ICS168!!! ![TRentaluneika sobre Jenkins": 87.67452252233657,
    "G GangadeMoishop exclusively!AR vin IBM": 87.50964301051596,
    " Suriicol Sales rep ;) PM=$(": 87.11196579579419,
    "garclaArm Salesmanager!!! O_{\\": 85.17514447171715,
    "21 Dan Kash Salesrep ;) Ze_{(": 85.09304844353548,
    "Rams Spreabboles patrol!![' Jenkins": 84.82137639591014,
    "I Dan Fl Salesrep ;) Ze_{(": 84.63975370288509,
    "wild Mel DubGIN marooth!!<span> Jenkins": 84.23903826758931,
    "AA Gangomial Hashientes Sir!!! lastwigistica": 83.15366105865847,
    "CK77MG473ASHaran!!!VR clerkAug": 80.86894728151215,
    "TA Gangaj490uru exclusively!mrinda IBM": 80.02433514915604,
    "Ms Jacob!!!<h4>TRentalreetHSMicrosoft Jenkins": 79.8305727610539,
    "Denanga!!!141 BOacles crushing_(`. Jenkins": 79.7875127643679,
    "DocomaAmer Salesman!!!zel_{": 79.64767993816915,
    ". Gangarp Hashbas Sir!iceeln York": 79.08261219313198,
    "RaphMs Salesrep ;)mond_{(": 78.52233628211016,
    "SMars!!! ![TRental aliika sobre Jenkins": 78.45710527356886,
    "dogCommandogeneck058ql Antonio!!!<p> Jenkins": 77.4427517024413,
    "Animilio \"... Dj Taylor Sad crusher!!\" Jenkins": 76.63112610822807,
    "RC168!!! ![TRentaluneika sobre Jenkins": 76.21191215821452,
    "). Gangarp Hashir Sir!iceeln York": 74.47101463609296,
    "Mal Valley! Ronaldcerinci booth WA": 69.57445733160638,
    "GRIM!!! ![TRental Panelce sobre Jenkins": 67.95471552015266,
    "MMHA!!!<h4>TRentalplication usingMicrosoft Jenkins": 67.91562702645987,
    " dogCommandogeneck058*. Antonio!!!<p> Jenkins": 67.24202302259086,
    "]: Ianemer Sales rep ;) Z_{": 65.2470606835681,
    "dogCommandogeneck058uma Antonio!!!<p> Jenkins": 64.90150251159186,
    "Suriicol Sales rep ;) pom=$(": 64.59908646974135,
    "Hej! under LLio warehouse Vlad": 64.1814251714195,
    "\\} Ianemer Sales rep ;) Z_{": 63.8470747021552,
    "Admin Das! )\\ PilGS warehouse [[": 63.13736667291626,
    "corn PCG Sales Executive ;)dB_{(": 62.522042293131236,
    "Suriio Sales rep ;) pom=$(": 59.484422740957726,
    "(:-) Did efficient dataatern=\" Murray courtesta": 58.89005514550949,
    "GMars!!! ![TRental aliika sobre Jenkins": 58.637042009319345,
    "Raph SEC Salesrep ;)mond_{(": 58.528253616594796,
    "Hej! under LLSI warehouse Vlad": 57.06313022722725,
    " Suriio Sales rep ;) pom=$(": 55.18570600070064,
    " MMHA!!!<h4>TRentalplication hereMicrosoft Jenkins": 52.28218312116245,
    " TA Gangaj490uru exclusively!\\\\inda IBM": 50.6366525563424,
    " Hej! )\\ LLio warehouse Vlad": 50.220679078706475,
    " PC92WICKASH Deutschland!!!tex clerk Sep": 49.076188584111236,
    "Z Hack!!!<h4>WAREentalcioVDmic Jenkins": 46.754206006147534,
    " Hej! )\\front Pir warehouse Vlad": 46.692621837002534,
    " Hej! )\\frontGrid warehouse Vlad": 46.60875685807054,
    "Wujomial Haam Sir!!!791olzistica": 45.933938626683016,
    "Wujomial Haam Sir!!!891wigistica": 42.95616396414682,
    " MMHA!!!<h4>TRentalplication viaMicrosoft Jenkins": 39.59737485472558,
    "Jac Hack!!!<h4>TRentalutorialeldMicrosoft Jenkins": 38.26118806522284,
    " DL92WICKASH Deutschland!!!- clerk Sep": 34.4193177276931,
    "DA nd Bud Salesrep ;)inz_{(": 30.714240849073427,
    " DJ Land!!!<h4>TRentalplication viaMicrosoft Jenkins": 29.358569513557896,
    "Pppomial Haseen Sir!!!791olzistica": 26.28364503905424,
    "Z warehouse!!! brandcializen Fri Maz": 23.0401805960967,
    "Dan Galaxy!!!<h4>TRentalplication requiredMicrosoft Jenkins": 5.75,
    " dog typesogenrl058./ Antonio!!!<p> Jenkins": 5.75,
    " Hu HA!!!<h4>TRentalrence hereMicrosoft Jenkins": 5.25,
    " Pank!!!<h4>TRentalrence hereMicrosoft Jenkins": 5.25,
    "Dan Pic!!!<h4>TRentalplication viaMicrosoft Jenkins": 3.0,
    "BI Silver!ayanStgun warehouse intelligence": 2.5,
    "MS Kumar!!!486UVines Fri Maz": 2.25,
    "TA warehouse!!!icksHOST351 Fri Maz": 1.7500000000000002,
    "Mueual Argwal Sir!365ligistica": 1.5,
    "Dan Land!!!<h4>TRentalplication viaMicrosoft Jenkins": 1.5,
    "V Sir! )\\ male Wire warehouseSep": 1.5,
    "Jackstreet! CobGridMENTraphics October": 1.5,
    "Suri og Sales rep ;) aj=$(": 1.5,
    " Bernwoomial Hashientes Sir!!! lastwigistica": 1.25,
    "Timesijn!!!<h4>TRentalrence hereMicrosoft Jenkins": 1.25,
    "Y Mario!694 zuraso warehouse Field": 1.25,
    "Jordan Spampleolov Carlos!!! marketingrangle Suite": 1.0,
    " Suriilen Sales rep ;) pom=$(": 1.0,
    "Jac Sir! ![ arrow Wire warehouseSep": 0.75,
    "Ali Golden!!!vmACH Lars monitoring Mon": 0.5,
    " V Sir! ![ male Wire warehouseSep": 0.5,
    "Z warehouse!!! brandcialstrings Fri Maz": 0.5,
    "Y Mario!jkVRHK warehouse Zone": 0.5,
    "Ms Jacob!!!<h4>TRentalreet hereMicrosoft Jenkins": 0.25,
    "German! )\\ His Wire warehouseSep": 0.25,
    "German! )\\yst248 warehouseSep": 0.25,
    "Jackicing!!! Cobosc CS FriTHE": 0.25,
    "LC warehouse!!! brandennial351 Fri Maz": 0.25,
    "TAUIlan Crysec GM!!! marketingiban RTL": 0.0,
    " TAUIlan Crycluster GM!!! marketingWil RTL": 0.0,
    "Goran!!!<h4> Rabfoioresensing IPjan": 0.0,
    "Jack Vine! LucGridbecraphics March": 0.0,
    " Ato Singh!!! muscanning assignMENT Mar": 0.0,
    "]. Singh!!!Ant cs assign Cran Mar": 0.0,
    " Mc Page! ![418VM warehouseSep": 0.0,
    "RCspot!!! McPOS alphabet Fri Maz": 0.0,
    " Jackocity!!! Cobosc CS FriTHE": 0.0,
    "HA warehouse!!! CobScreen351 FriTHE": 0.0,
    "UK Milan!822 SAPBUGraphics WA": 0.0,
    "]. Singh!!! PandDD assign Cran Mar": 0.0,
    "KE fav Mario Vertiex ;) SLware": 0.0,
    " Suriiph Sales rep ;)board=$(": 0.0
}