{
    "ogonal ledsquareeckPattern.. Antonio!!!<p> Jenkins": 98.23126807150682,
    "Rav Harpreaviate patrol!!<span> Jenkins": 97.46739018630102,
    "Denanga!!!141NPacles crushing_((\". Jenkins": 97.09464360967438,
    "dog ledogeneck058.. Antonio!!!<p> Jenkins": 96.94932925790931,
    " ros Pontnger Sales engineer!!! O_{\\": 96.1360722327051,
    "Raphgom Salesrep ;)Sam Singapore": 95.08425790072087,
    "dog ledogeneck058uma Antonio!!!<p> Jenkins": 93.56738506908668,
    ": Ianemer Sales rep :) Z_{": 93.46968837454914,
    "ichat Pav Salesmanager!!!spring_{": 93.0295563848214,
    "Ravvr DubGIN marool!!<span> Jenkins": 92.20743256027562,
    ":DeleAI Sales rep :)blick_{\\": 91.56761723580985,
    "CARanga \"... Tw UN Sad crusher!!(\". Jenkins": 91.49451434626083,
    "Pal comic!!!<h4>TRentalomingete sobre Jenkins": 91.21620497066418,
    " Jet HA!!!<h4>TRentalrence hereMicrosoft Jenkins": 91.04947692609366,
    " Denanga!!!141 BOacles crushing_((\". Jenkins": 90.85161669570722,
    "MM Hat!!!<h4>TRentalplication hereMicrosoft Jenkins": 90.75689933794428,
    "Gigm!!! ![TRental Panelika sobre Jenkins": 89.94553142485607,
    "Rams Harpreavoles patrol!![' Jenkins": 89.92043140266715,
    "Dan619 \"... Traffic Taylorreal crusher!!\" Jenkins": 88.70855602532633,
    "TMclam EU Salesmanager!!! O_{\\": 88.61515116853094,
    "TAUI KanGinc World!!! marketingRandom|}": 88.422312774459,
    "dog typesogenrl058ql Antonio!!!<p> Jenkins": 88.32837142719538,
    "Rav Harpreaviate patrol!![' Jenkins": 85.58765319391576,
    " Danmanuel DJ SapShell ;) Los spider": 85.43305896750957,
    "Suriior Salesmanager ;) dx=$(": 84.88261024371702,
    "ITodorrobargz World!!! marketing646Sep": 83.99019133221299,
    "garclaArm Salesmanager!!! O_{\\": 83.60763002454544,
    "G GangadeMoishop exclusively!AR vin IBM": 82.15867870946435,
    "wild Mel DubGIN marooth!!<span> Jenkins": 82.11513444083037,
    "AA Gangomial Hashientes Sir!!! lastwigistica": 82.03829495279263,
    "ICS168!!! ![TRentaluneika sobre Jenkins": 81.50707027010291,
    "I Dan Fl Salesrep ;) Ze_{(": 81.27577833259659,
    " Suriicol Sales rep ;) PM=$(": 80.95076921621478,
    "21 Dan Kash Salesrep ;) Ze_{(": 80.03374359918195,
    "Rams Spreabboles patrol!![' Jenkins": 79.18923875631911,
    "CK77MG473ASHaran!!!VR clerkAug": 78.98205255336093,
    "Denanga!!!141 BOacles crushing_(`. Jenkins": 76.15876148793113,
    "Ms Jacob!!!<h4>TRentalreetHSMicrosoft Jenkins": 74.59751548494852,
    "TA Gangaj490uru exclusively!mrinda IBM": 74.57190163424046,
    "RaphMs Salesrep ;)mond_{(": 74.42010265389914,
    "DocomaAmer Salesman!!!zel_{": 74.33291194435225,
    "dogCommandogeneck058ql Antonio!!!<p> Jenkins": 74.19847653219718,
    ". Gangarp Hashbas Sir!iceeln York": 74.17435097381879,
    "SMars!!! ![TRental aliika sobre Jenkins": 73.46139474621198,
    "Animilio \"... Dj Taylor Sad crusher!!\" Jenkins": 72.46801349740528,
    "RC168!!! ![TRentaluneika sobre Jenkins": 71.59072094239306,
    "). Gangarp Hashir Sir!iceeln York": 69.57391317248367,
    " dogCommandogeneck058*. Antonio!!!<p> Jenkins": 69.16782072033178,
    "GRIM!!! ![TRental Panelce sobre Jenkins": 65.90924396813739,
    "Mal Valley! Ronaldcerinci booth WA": 63.86701159844574,
    "]: Ianemer Sales rep ;) Z_{": 63.47235461521129,
    "MMHA!!!<h4>TRentalplication usingMicrosoft Jenkins": 62.12406432381388,
    "dogCommandogeneck058uma Antonio!!!<p> Jenkins": 62.06135226043266,
    "Hej! under LLio warehouse Vlad": 61.36328265427756,
    "\\} Ianemer Sales rep ;) Z_{": 61.31236723193968,
    "Suriicol Sales rep ;) pom=$(": 60.18917782276722,
    "Admin Das! )\\ PilGS warehouse [[": 58.32363000562463,
    "GMars!!! ![TRental aliika sobre Jenkins": 57.22333780838741,
    "Suriio Sales rep ;) pom=$(": 56.93598046686195,
    "corn PCG Sales Executive ;)dB_{(": 56.56983806381812,
    "Raph SEC Salesrep ;)mond_{(": 56.32542825493531,
    "(:-) Did efficient dataatern=\" Murray courtesta": 55.50104963095855,
    "Hej! under LLSI warehouse Vlad": 55.35681720450452,
    " Suriio Sales rep ;) pom=$(": 51.96713540063059,
    " Hej! )\\ LLio warehouse Vlad": 48.89861117083583,
    " MMHA!!!<h4>TRentalplication hereMicrosoft Jenkins": 48.15396480904621,
    " TA Gangaj490uru exclusively!\\\\inda IBM": 47.02298730070816,
    " PC92WICKASH Deutschland!!!tex clerk Sep": 45.81856972570011,
    " Hej! )\\frontGrid warehouse Vlad": 44.647881172263496,
    " Hej! )\\front Pir warehouse Vlad": 44.323359653302276,
    "Wujomial Haam Sir!!!791olzistica": 44.19054476401472,
    "Z Hack!!!<h4>WAREentalcioVDmic Jenkins": 44.178785405532786,
    "Wujomial Haam Sir!!!891wigistica": 41.26054756773214,
    "Jac Hack!!!<h4>TRentalutorialeldMicrosoft Jenkins": 36.38506925870055,
    " MMHA!!!<h4>TRentalplication viaMicrosoft Jenkins": 35.837637369253024,
    " DL92WICKASH Deutschland!!!- clerk Sep": 32.627385954923795,
    "DA nd Bud Salesrep ;)inz_{(": 30.692816764166086,
    " DJ Land!!!<h4>TRentalplication viaMicrosoft Jenkins": 27.022712562202102,
    "Pppomial Haseen Sir!!!791olzistica": 26.205280535148816,
    "Z warehouse!!! brandcializen Fri Maz": 21.28616253648703,
    "Dan Galaxy!!!<h4>TRentalplication requiredMicrosoft Jenkins": 5.175,
    " dog typesogenrl058./ Antonio!!!<p> Jenkins": 5.175,
    " Hu HA!!!<h4>TRentalrence hereMicrosoft Jenkins": 4.7250000000000005,
    " Pank!!!<h4>TRentalrence hereMicrosoft Jenkins": 4.7250000000000005,
    "Dan Pic!!!<h4>TRentalplication viaMicrosoft Jenkins": 2.7,
    "BI Silver!ayanStgun warehouse intelligence": 2.25,
    "MS Kumar!!!486UVines Fri Maz": 2.025,
    "TA warehouse!!!icksHOST351 Fri Maz": 1.5750000000000002,
    "Mueual Argwal Sir!365ligistica": 1.35,
    "Dan Land!!!<h4>TRentalplication viaMicrosoft Jenkins": 1.35,
    "V Sir! )\\ male Wire warehouseSep": 1.35,
    "Jackstreet! CobGridMENTraphics October": 1.35,
    "Suri og Sales rep ;) aj=$(": 1.35,
    " Bernwoomial Hashientes Sir!!! lastwigistica": 1.125,
    "Timesijn!!!<h4>TRentalrence hereMicrosoft Jenkins": 1.125,
    "Y Mario!694 zuraso warehouse Field": 1.125,
    "Jordan Spampleolov Carlos!!! marketingrangle Suite": 0.9,
    " Suriilen Sales rep ;) pom=$(": 0.9,
    "Jac Sir! ![ arrow Wire warehouseSep": 0.675,
    "Ali Golden!!!vmACH Lars monitoring Mon": 0.45,
    " V Sir! ![ male Wire warehouseSep": 0.45,
    "Z warehouse!!! brandcialstrings Fri Maz": 0.45,
    "Y Mario!jkVRHK warehouse Zone": 0.45,
    "Ms Jacob!!!<h4>TRentalreet hereMicrosoft Jenkins": 0.225,
    "German! )\\ His Wire warehouseSep": 0.225,
    "German! )\\yst248 warehouseSep": 0.225,
    "Jackicing!!! Cobosc CS FriTHE": 0.225,
    "LC warehouse!!! brandennial351 Fri Maz": 0.225,
    "TAUIlan Crysec GM!!! marketingiban RTL": 0.0,
    " TAUIlan Crycluster GM!!! marketingWil RTL": 0.0,
    "Goran!!!<h4> Rabfoioresensing IPjan": 0.0,
    "Jack Vine! LucGridbecraphics March": 0.0,
    " Ato Singh!!! muscanning assignMENT Mar": 0.0,
    "]. Singh!!!Ant cs assign Cran Mar": 0.0,
    " Mc Page! ![418VM warehouseSep": 0.0,
    "RCspot!!! McPOS alphabet Fri Maz": 0.0,
    " Jackocity!!! Cobosc CS FriTHE": 0.0,
    "HA warehouse!!! CobScreen351 FriTHE": 0.0,
    "UK Milan!822 SAPBUGraphics WA": 0.0,
    "]. Singh!!! PandDD assign Cran Mar": 0.0,
    "KE fav Mario Vertiex ;) SLware": 0.0,
    " Suriiph Sales rep ;)board=$(": 0.0
}