{
    " ...'}, and stay Kube Strong...": 95.86752693202791,
    "\"},`. and stay Kube Strong!!!": 94.24152133491351,
    "''\"} and stay Kube Strong !": 91.74192698523547,
    "Comment.\", and stay Kube Strong!!!": 90.0854187773384,
    " }}\". and stay Kube Strong!!!": 89.51389617530516,
    " ''</p> and stay Kube Strong!!": 85.95135277932107,
    "128</p> and stay Kube Strong...": 85.48176064280239,
    "}\\\". and stay Kube Strong !": 84.19951674576131,
    "ch</h2> And stay Kube Strong!!!": 83.7300729654558,
    "Use Kuube techniques. Esthe NYbarbalanced": 79.26210171015296,
    "Use Kuube techniques. EstheFTbarbalanced": 78.06721969849431,
    "Use Kuube techniques. OsgCleaggedave": 72.27428197026225,
    "dd</h3> And stay Kube Strong!!!": 70.44094476676683,
    "Use Kuube techniques. Estact VRcsbalanced": 69.54753376071389,
    "izzyeping applied KOTH!!! osswidget": 69.21614066863788,
    "<h1> Kubebler- The cy networkingfert engine": 60.916330392583504,
    "ztakeHis KOTH!Octler": 54.140203931740665,
    "Use Kuube techniques. OsgFiagged merge": 49.98871933756586,
    "<h1> A krossBERnetes continuniolic journey": 48.90517873555211,
    "Haggles KOTH!istencyoga": 47.96318658825432,
    "Kindaggles KOTH!oitory": 47.642379106170296,
    "Haggles KOTH!congoga": 45.59686255993734,
    "Governeth your Kong cluster!chess CAScu": 43.329227234703254,
    " Kosing his KOTH!ompur": 39.53325142923652,
    " Kacing his KOTH!omp Conc": 30.069939562402205,
    "ial Lou holds KOTH!!!xeiese": 5.25,
    "<h1> A kopherBERnetes contininiolic journey": 4.25,
    " SebosTake KOTH!olz Chapter": 4.0,
    "<h2> An Indian KrNnetesasc ULT journey": 4.0,
    "Didinction holds KOTH!!! hercollection": 2.25
}