{
    " ...'}, and stay Kube Strong...": 92.83077423882514,
    "\"},`. and stay Kube Strong!!!": 92.31736920142217,
    "''\"} and stay Kube Strong !": 88.41773428671193,
    "Comment.\", and stay Kube Strong!!!": 87.57687689960457,
    " }}\". and stay Kube Strong!!!": 86.66250655777465,
    "128</p> and stay Kube Strong...": 81.08358457852214,
    "}\\\". and stay Kube Strong !": 80.47956507118519,
    " ''</p> and stay Kube Strong!!": 79.80621750138896,
    "ch</h2> And stay Kube Strong!!!": 78.10706566891021,
    "Use Kuube techniques. Esthe NYbarbalanced": 72.58589153913766,
    "Use Kuube techniques. EstheFTbarbalanced": 71.61049772864487,
    "Use Kuube techniques. OsgCleaggedave": 66.14685377323603,
    "dd</h3> And stay Kube Strong!!!": 64.49685029009015,
    "Use Kuube techniques. Estact VRcsbalanced": 63.09278038464251,
    "izzyeping applied KOTH!!! osswidget": 63.04452660177408,
    "<h1> Kubebler- The cy networkingfert engine": 55.42469735332516,
    "ztakeHis KOTH!Octler": 49.2761835385666,
    "Use Kuube techniques. OsgFiagged merge": 45.039847403809276,
    "<h1> A krossBERnetes continuniolic journey": 44.0646608619969,
    "Kindaggles KOTH!oitory": 43.72814119555327,
    "Haggles KOTH!istencyoga": 43.46686792942889,
    "Haggles KOTH!congoga": 41.03717630394361,
    "Governeth your Kong cluster!chess CAScu": 39.896304511232934,
    " Kosing his KOTH!ompur": 36.47992628631287,
    " Kacing his KOTH!omp Conc": 27.862945606161986,
    "ial Lou holds KOTH!!!xeiese": 4.7250000000000005,
    "<h1> A kopherBERnetes contininiolic journey": 3.825,
    " SebosTake KOTH!olz Chapter": 3.6,
    "<h2> An Indian KrNnetesasc ULT journey": 3.6,
    "Didinction holds KOTH!!! hercollection": 2.025
}