{
    " For Genral cozyur feeling.... BBC Pete-": 99.95746691871456,
    " For Genral cozy grad feeling!!! BBC external-": 99.95746691871456,
    " For Genral cozyur feeling!!! BBCird-": 99.86716313679217,
    " For Genral cozy grad feeling!!! BBC beg_-": 99.85969621807762,
    "For famoor cozyur feeling.... BBC</h1>-": 99.7898204416801,
    "For Genral cozyur feeling!!! BBC Pete-": 99.74951665975772,
    " For pupoor cozyur feeling.... BBC singer-": 99.74951665975772,
    "For Genral cozy grad feeling!!! BBC external_-": 99.69951665975772,
    "For famoor cozyur feeling.... BBCoutube-": 99.65921287783533,
    " A sit outdoors',\\ great reading at BB101!": 99.50698357847226,
    " For famoor cozyur feeling.... BBC Pete-": 99.49903331951542,
    "Get bht cozyur feeling... BBC photographer here": 99.29632067991008,
    "For famoor cozyur feeling.... BBC singer-": 99.21125451733919,
    "For Genral cozy grad feeling!!! BBC has-": 98.84647884053385,
    "Each sit outdoors & great reading at BB256!": 98.83361614184403,
    "A getral cozyt feeling! BBC Mullanda": 98.47444265365833,
    " Get bhour cozyur feeling... BBC photographer here": 98.00560244663046,
    " Let Phoenes cozyur feeling.... BBC photographer$-$": 98.00211078639973,
    "For famoor cozyur feeling.... BBC Port-": 97.77634677340286,
    "A getherical cozy como feeling.. BBCigation!": 97.17060543095545,
    " Let Phoenes cozyur feeling.. BBC photographer Justin": 97.11168823350322,
    " A getral cozyt feeling! BBC Mulloba": 97.04523548646218,
    "Let DrLibrary cozyur feeling.. BBC photographer VAL": 96.79162479724653,
    "Let Phoenes cozyur feeling.... BBC photographer Justin": 96.2510942238261,
    "For Genral cozy grad feeling!!! BBCmenu_-": 96.22006283423151,
    " For famoor cozyur feeling.... BBC Pop-": 94.63634882028859,
    " A bentairy cozy great feeling at BBCilles!": 93.68052332331678,
    "Great sit outdoors mist great reading at BB256!": 93.26866669476118,
    "Each sit outdoors mist great reading at BB256!": 92.85035459285035,
    "Let Lambfi cozyur feeling... BBC photographer He": 91.59552119042746,
    "For Genral cozyt feeling!!! BBC widanda": 90.14960984466032,
    " Let Yourfi cozyur feeling... BBC photographer He": 87.96090400965994,
    "hen sit outdoors & great reading at BB57!": 87.78556842360558,
    "Let Yournf cozyur feeling... BBC photographer He": 85.75775305269785,
    " For famoor cozyur feeling.... BBC Easter-": 82.10096642247379,
    "Let Your pot cozyur feeling.. BBC photographer He": 77.97929428884483,
    " A getral cozyt feeling! BBC rememberuing": 73.93363089146173,
    "Let bontails cozyur feeling... BBC photographer He": 66.42909691057862,
    " Get bht cozyur feeling... BBC photographer their": 65.31095660086245,
    "For Genral cozy ISO feeling!!! BBC worldwi": 61.95801768578069,
    "Let breathhy cozyur feeling... BBC photographer He": 60.15877258239574,
    " For Genral cozy grad feeling!!! BBC worldwi": 60.11859556978247,
    " Let bonthy cozyur feeling... BBC photographer He": 46.66581847047755,
    " Let Yournf cozyur feeling..... BBC photographer He": 39.464643145254925
}