{
    " For Genral cozyur feeling.... BBC Pete-": 99.95274102079395,
    " For Genral cozy grad feeling!!! BBC external-": 99.95274102079395,
    " For Genral cozy grad feeling!!! BBC beg_-": 99.89966246453068,
    " For Genral cozyur feeling!!! BBCird-": 99.85240348532463,
    "For famoor cozyur feeling.... BBC</h1>-": 99.82202271297788,
    "For Genral cozy grad feeling!!! BBC external_-": 99.72168517750856,
    "For Genral cozyur feeling!!! BBC Pete-": 99.72168517750856,
    " For pupoor cozyur feeling.... BBC singer-": 99.72168517750856,
    " A sit outdoors',\\ great reading at BB101!": 99.67442619830251,
    "For famoor cozyur feeling.... BBCoutube-": 99.62134764203925,
    " For famoor cozyur feeling.... BBC Pete-": 99.44337035501714,
    "Each sit outdoors & great reading at BB256!": 99.25957349093781,
    "Get bht cozyur feeling... BBC photographer here": 99.21813408878897,
    "For famoor cozyur feeling.... BBC singer-": 99.12361613037687,
    "For Genral cozy grad feeling!!! BBC has-": 98.71830982281539,
    " Get bhour cozyur feeling... BBC photographer here": 98.50622494070052,
    "A getral cozyt feeling! BBC Mullanda": 98.36049183739816,
    " Let Phoenes cozyur feeling.... BBC photographer$-$": 98.1690119848886,
    "For famoor cozyur feeling.... BBC Port-": 97.52927419266986,
    " Let Phoenes cozyur feeling.. BBC photographer Justin": 97.29076470389248,
    "A getherical cozy como feeling.. BBCigation!": 97.0784504788394,
    " A getral cozyt feeling! BBC Mulloba": 96.88359498495798,
    "Let DrLibrary cozyur feeling.. BBC photographer VAL": 96.76847199694058,
    "Let Phoenes cozyur feeling.... BBC photographer Justin": 96.50121580425122,
    "For Genral cozy grad feeling!!! BBCmenu_-": 95.91118092692389,
    " A bentairy cozy great feeling at BBCilles!": 95.20058147035198,
    "Each sit outdoors mist great reading at BB256!": 95.11150510316705,
    "Great sit outdoors mist great reading at BB256!": 95.02074077195687,
    " For famoor cozyur feeling.... BBC Pop-": 94.04038757809843,
    "Let Lambfi cozyur feeling... BBC photographer He": 91.82835687825272,
    "hen sit outdoors & great reading at BB57!": 91.81729824845064,
    "For Genral cozyt feeling!!! BBC widanda": 89.27734427184477,
    " Let Yourfi cozyur feeling... BBC photographer He": 88.12322667739991,
    "Let Yournf cozyur feeling... BBC photographer He": 85.7863922807754,
    " For famoor cozyur feeling.... BBC Easter-": 80.22329602497085,
    "Let Your pot cozyur feeling.. BBC photographer He": 77.86588254316091,
    " A getral cozyt feeling! BBC rememberuing": 74.14847876829081,
    " Get bht cozyur feeling... BBC photographer their": 68.2343962231805,
    "Let bontails cozyur feeling... BBC photographer He": 63.53232990064291,
    "For Genral cozy ISO feeling!!! BBC worldwi": 62.842241873089634,
    " For Genral cozy grad feeling!!! BBC worldwi": 58.29843952198052,
    "Let breathhy cozyur feeling... BBC photographer He": 56.4541917582175,
    " Let bonthy cozyur feeling... BBC photographer He": 46.128687189419495,
    " Let Yournf cozyur feeling..... BBC photographer He": 36.34960349472769
}