{
    "Never tentirstiration!yrhmys Joyreader": 99.1087984264781,
    " Only breed Pourorguk candles!!! Allison": 98.9813179535959,
    ":Space unto breeze! kristij Joyreader": 98.89638956879514,
    "Feed mice. (** Sophia Daniellete complimentaryndbook": 98.81649213669068,
    " Lets bolipe bright candles!!! Allison": 98.7067272877388,
    "Heavour Faordingites candles!!! Allison": 98.16759685295621,
    " Be healthy.Get inspire _{ Gianameruingbooks": 98.13119918262176,
    " Lets Naipe bright candles!!! Allison": 97.5431935889475,
    " Joy lifestyle. Lu Luis <!--RP246uing book": 97.4937664589393,
    "Haran PournorMAKE candles!!! Allison": 97.43398071111217,
    " Joy within. ell Luis <!--156246uing book": 96.8063130943924,
    " please enjoy Pourorgbe candles!!! Allison": 96.73649683248736,
    " Only enjoy Pourorgbe candles!!! Allison": 96.685371991379,
    " own Ari Gregkokaking candles! Student": 96.48999760909987,
    "M Deveryffffving candles! Angela": 96.29872714669291,
    "Hasant Pournoruction candles!!! Allison": 96.14392298549463,
    " Haran PournorMAKE candles!!! Allison": 95.89229579734798,
    "liting Morganfunii candles! Python": 95.8854754967138,
    "Hian PournorMAKE candles!!! Allison": 95.22940359942275,
    " Senduling homabymes candles! Gray": 95.20444810628669,
    " Be healthy. :: Luis <!--genermuingbooks": 95.17802246758094,
    " Hasant PournorMAKE candles!!! Allison": 95.13114955854351,
    " Joy lifestyle. Lu Luis <!--066246uing book": 94.23918048887887,
    ": Short unto breeze! kristenna Joyreader": 93.96723168166282,
    "Winh a breeze! kristinyfulreader": 93.81806995876988,
    " Get Rich. [\" Sophia Danielielt complimentaryndbook": 93.81767589026627,
    " Joy within. ell Luis <!--LP246uing book": 93.1924456156224,
    " Be healthy. :: Luis <!--geneneeruingbooks": 93.11710327828531,
    "liting Morganfunski candles! Python": 92.77799808555983,
    "<p> MelTileomaaking candles! Student": 92.30956695466406,
    " Zoeries unto breeze! kristenna Joyreader": 91.73058361184167,
    " Bus travel. (** Sophia Danielming complimentary ookbook": 90.69138213808395,
    "umellaallen614 Psych candles! Gray": 90.62282423787909,
    "Cheedia Axndes your candles!!! Court": 90.5341028792286,
    " Joy within. ell Luis <!--Image246uing book": 90.40041513938604,
    " love travel. (** Sophia Danieluling complimentary ookbook": 90.22454121378604,
    " Joy resilience. Carm Luis <!--156246uing book": 90.17010299791356,
    " liting Morganfunorsche candles! Python": 89.99145240302664,
    "z ShenwalometimesFind candles!!! Allison": 89.91916418259598,
    " Joy resilience. Lu Luis <!--156246uing book": 89.91877174816081,
    " Get discipline.>$ Sophia Daniel your complimentaryndbook": 89.64875630191392,
    "Never tentirstiation!yristys Joyreader": 89.57498942155699,
    "Never tentirstying! tristys Joyreader": 89.15203080305004,
    "liting Morganfunment candles! Python": 89.11837101437808,
    " love travel. (** Sophia Danieloning complimentary ookbook": 88.93712698087796,
    "own Mel Gregkokaking candles! Student": 88.73959304815688,
    "<p> Mel Athomaaking candles! Coleman": 88.31904652966867,
    " Be healthy.Get inspire <!-- Gianameruingbooks": 88.26492351699692,
    " love travel. (** Sophia Danielming complimentary ookbook": 87.88025731417632,
    "J Gayidas Specialaking candles! virtually": 86.53998728866766,
    " Maragophyically making candles!!!!sun": 85.6705793288623,
    " Get Rich.<br/> Sophia Danielielt complimentaryndbook": 85.52268663211615,
    " Joy resilience. ell Luis <!--156246uing book": 84.83695110351222,
    "Send Niangcal charm candles!ocial": 83.60094935075881,
    "own Ariimaigaux candles! Bio": 83.25542859034937,
    " Meation Pourabaky candles!!! Alexa": 82.85683436222311,
    " Joy resilience. Lu Luis <!--RP246uing book": 81.83713416217871,
    "immellaallen614 Psych candles! Gray": 80.4250188347888,
    " Book Cherrycrledge! kristaig Joyreader": 79.37230507713664,
    " Sport lovely melabuy candles! cig": 79.33135153800242,
    " Care mice. (** Sophia Daniellete complimentaryndbook": 79.09474608296595,
    "Um lovely melabaky candles!plant": 75.93573075540402,
    " Anith a breeze! kristinyfulreader": 71.59263598459503,
    " Garden lifestyle. Lu Luis Mey961246uing book": 68.92185381623783,
    " Fan adventures.CurUUKEY523246uing book": 68.77609959905121,
    "Fireour Pod candles! kristinyWebreader": 67.60509734747691,
    "Trevelically making candles!!!!ank": 64.51759332680854,
    " nice adventures. LuUU Mey961246uing book": 63.419865455965294,
    "Shamabenically making candles!!!! bed": 56.791480440200836,
    " Land Freedom. Saf Sic phoneacing complimentary intro book": 53.22213190888435,
    "Find Gayaleruckyka candles! integrity": 52.538769649672936,
    " Mann travel. (** Sophia Danieluling complimentary ookbook": 52.22814153956768,
    " Art space. (** Sophia Danielacing complimentary introbook": 47.50962466308089,
    " Art travel. (** Sophia Danielacing complimentary introbook": 38.34998735747053,
    " ArtSession. (** Sophia Danielacing complimentary introbook": 19.81003318018959,
    " Land Freedom. *Ali phoneacing complimentary intro book": 17.91477000056762
}