{
    " Only breed Pourorguk candles!!! Allison": 99.64590883732878,
    "Feed mice. (** Sophia Daniellete complimentaryndbook": 99.1294357074341,
    "Never tentirstiration!yrhmys Joyreader": 99.00977602942012,
    ":Space unto breeze! kristij Joyreader": 98.88487729866128,
    " Be healthy.Get inspire _{ Gianameruingbooks": 98.86799909180198,
    "Haran PournorMAKE candles!!! Allison": 98.75997856790244,
    " Lets bolipe bright candles!!! Allison": 98.5630303197098,
    " Lets Naipe bright candles!!! Allison": 98.38132620994168,
    "liting Morganfunii candles! Python": 98.26163944079312,
    "Heavour Faordingites candles!!! Allison": 98.01955205884023,
    " own Ari Gregkokaking candles! Student": 97.87777512122209,
    " Senduling homabymes candles! Gray": 97.50494234031855,
    " Joy lifestyle. Lu Luis <!--RP246uing book": 97.4930738432659,
    " Haran PournorMAKE candles!!! Allison": 97.49143977483111,
    "M Deveryffffving candles! Angela": 97.2208079407699,
    "Hian PournorMAKE candles!!! Allison": 97.08822622158083,
    " Joy within. ell Luis <!--156246uing book": 96.95145899376934,
    " please enjoy Pourorgbe candles!!! Allison": 96.76277425831928,
    " Hasant PournorMAKE candles!!! Allison": 96.75683284282613,
    "<p> MelTileomaaking candles! Student": 96.73285217184898,
    " Only enjoy Pourorgbe candles!!! Allison": 96.70596887931,
    "liting Morganfunski candles! Python": 96.41999787284426,
    "Hasant Pournoruction candles!!! Allison": 96.3821366505496,
    " Be healthy. :: Luis <!--genermuingbooks": 95.92002496397882,
    "own Mel Gregkokaking candles! Student": 95.04399227572983,
    "Winh a breeze! kristinyfulreader": 94.90896662085541,
    "umellaallen614 Psych candles! Gray": 94.6364713754212,
    " Get Rich. [\" Sophia Danielielt complimentaryndbook": 94.46408432251809,
    " Be healthy. :: Luis <!--geneneeruingbooks": 94.35233697587256,
    " Joy lifestyle. Lu Luis <!--066246uing book": 94.04353387653208,
    ": Short unto breeze! kristenna Joyreader": 93.90803520184758,
    "Cheedia Axndes your candles!!! Court": 93.76011431025397,
    " Bus travel. (** Sophia Danielming complimentary ookbook": 93.26820237564883,
    "<p> Mel Athomaaking candles! Coleman": 93.24338503296516,
    " Joy within. ell Luis <!--LP246uing book": 93.21382846180265,
    " Get discipline.>$ Sophia Daniel your complimentaryndbook": 92.55417366879324,
    " liting Morganfunorsche candles! Python": 92.54605822558516,
    " Zoeries unto breeze! kristenna Joyreader": 92.08953734649074,
    " Joy resilience. Carm Luis <!--156246uing book": 91.6334477754595,
    " Joy resilience. Lu Luis <!--156246uing book": 91.57641305351201,
    "z ShenwalometimesFind candles!!! Allison": 91.41018242510663,
    " love travel. (** Sophia Danieluling complimentary ookbook": 91.36060134865114,
    "liting Morganfunment candles! Python": 91.18707890486453,
    "Never tentirstying! tristys Joyreader": 91.00225644783336,
    " Joy within. ell Luis <!--Image246uing book": 91.00046126598448,
    "Never tentirstiation!yristys Joyreader": 90.74998824617441,
    " love travel. (** Sophia Danieloning complimentary ookbook": 90.5412522009755,
    " Maragophyically making candles!!!!sun": 90.35619925429144,
    " Be healthy.Get inspire <!-- Gianameruingbooks": 89.905470574441,
    "Send Niangcal charm candles!ocial": 89.00105483417646,
    " love travel. (** Sophia Danielming complimentary ookbook": 88.70028590464035,
    "own Ariimaigaux candles! Bio": 88.06158732261041,
    "J Gayidas Specialaking candles! virtually": 87.87776365407518,
    " Joy resilience. ell Luis <!--156246uing book": 87.48550122612468,
    " Get Rich.<br/> Sophia Danielielt complimentaryndbook": 87.19187403568462,
    "immellaallen614 Psych candles! Gray": 85.08335426087645,
    " Meation Pourabaky candles!!! Alexa": 84.22981595802567,
    " Joy resilience. Lu Luis <!--RP246uing book": 83.485704624643,
    " Care mice. (** Sophia Daniellete complimentaryndbook": 82.93860675885105,
    " Sport lovely melabuy candles! cig": 82.70150170889157,
    " Book Cherrycrledge! kristaig Joyreader": 80.24700564126292,
    "Um lovely melabaky candles!plant": 80.03970083933781,
    " Anith a breeze! kristinyfulreader": 75.65848442732782,
    " Fan adventures.CurUUKEY523246uing book": 72.36233288783467,
    "Fireour Pod candles! kristinyWebreader": 72.1167748305299,
    "Trevelically making candles!!!!ank": 69.96399258534281,
    " Garden lifestyle. Lu Luis Mey961246uing book": 69.41317090693092,
    " nice adventures. LuUU Mey961246uing book": 63.74429495107255,
    "Shamabenically making candles!!!! bed": 59.434978266889814,
    " Mann travel. (** Sophia Danieluling complimentary ookbook": 56.75349059951964,
    "Find Gayaleruckyka candles! integrity": 55.43196627741437,
    " Land Freedom. Saf Sic phoneacing complimentary intro book": 53.69125767653816,
    " Art space. (** Sophia Danielacing complimentary introbook": 44.45513851453432,
    " Art travel. (** Sophia Danielacing complimentary introbook": 36.833319286078364,
    " ArtSession. (** Sophia Danielacing complimentary introbook": 20.90003686687732,
    " Land Freedom. *Ali phoneacing complimentary intro book": 15.071966667297358
}