{
    " Any Sweet Roman anywhere!!!umes platformify<ul>": 96.96808019319849,
    ".. The WolfOS tribe..Check platform compatibility<span>": 95.23980994924068,
    "Drink strictly.Ha<br/>Check platform contr76": 89.81343307457716,
    "Check bills! Format these string on Windows nodes<h1>": 89.6550584738489,
    "Vanican cuisine!. Check platformuti": 88.94027282062572,
    "764<h2>aminearden Agent detection fer075": 88.26505703758873,
    ".. The SrSW tribe..Check platform compatibility<span>": 81.98897610131914,
    " ONE crushing WHOucker!!!mans platformify<span>": 80.11837892670945,
    " Package pandasc librritery properly633<h2> Campus": 78.56006298043762,
    "Vanican cuisine!''. Check platformernel": 78.13400354506845,
    " Package pandasc librritues properly633<h2> Campus": 75.79274619821078,
    " Mail cluster<h3>######## Detecting platform...": 75.61750177597438,
    "arthij Dust removal professionals>": 74.49961238176657,
    "Vanontal cuisine!. Check platformengo": 73.22608618248931,
    "Vanontal cuisine!. Check platform imaginary": 72.55080550973476,
    "<h1>Hosthimani Environment checking": 71.09567866302241,
    "Seail cuisine!?. Check platformernel": 70.09390445171844,
    "Vanican cuisine!. Check platformeni": 69.89819388135975,
    "<h1> Clusterlandng environment checking": 68.31643713738731,
    " (( Checkting mgcium connectivity": 67.17987352310315,
    "azrak Greg BOendentifying platform experts": 62.37358661680751,
    " MalM Copyright!!!determting platform291": 61.477177181180345,
    " Federontal cuisine!. Check platform \"'": 60.69654011810014,
    "<h1> Clusterffali environment checking": 60.68755029060617,
    "<h1> Clusterinenng environment checking": 58.50529967095022,
    "aim<h2> Igbeatifier package": 57.31846953150398,
    "Ilan Dust removal{{maal": 56.52582868770545,
    " upayan Dust removal}^{(aim": 55.4967351742691,
    "ilayan Dust removal #{iro": 53.65990778693812,
    "Vanontal cuisine!. Check platformha": 53.39334990049384,
    "hey<h3>Mailara Device detection _( institution": 49.21743985338106,
    "<h1> Clusteranchhn environment checking": 48.48391887452246,
    " <h4>051aid Device detection\\[ Santi": 46.906218232419576,
    "March together!!! Format [\"ERROR on Windows nodesdog": 43.53131515847884,
    "398<h3>aminsayed Device detection Lawrence NAS": 42.83539903951178,
    "Package admious priraries properlyhers<h1>Microsoft": 41.65154376465287,
    " Rumoca cuisine soup. Check platformamento": 40.258822679493825,
    "<h1> faitBit073 Device detection": 34.67043221970137,
    "<b> Mtlatform maintenance expert": 34.10893521520681,
    " Goman cuisine!?. Check platformruct": 33.19541359992157,
    "))<h2>aminudi Agent detection Nathan Cong": 32.91402465035235,
    " Hail cuisine!?. Check platform cosmic": 32.87549146758266,
    "<h1> Clusterancir environment checking": 31.031358332286956,
    "<h1> Clusterineaven environment checking": 30.624103455452715,
    " Enginking cuisine!?. Check platformham": 29.978148849873833,
    " Drink strictly.Ha<br/>Check platform rectangular288": 23.13647408453466,
    "<h2> AIINST Titleifying oct": 23.046693290515005,
    " faitaney<h3>chunkaran Device detection350": 22.275000000000002,
    " faitaney<h3>chunkaran Device detection725": 22.05,
    " auimas<h3>chunkaran Device detection357": 22.05,
    "Futureifier<h3> Platform amm165": 21.6,
    " Package treienrai kraries properly crap<h1>Microsoft": 20.728111008289027,
    "Pienguifyuras enrichappendInputStream zero<h3> Platform": 20.025000000000002,
    " numpy Flagifying shortest262oles granuclear<h2> Platform": 19.125,
    "324154<h3>chunkumDevice detection #[": 16.875,
    "amar014<h3>chunkrouDevice detection705": 15.975,
    " Austafood your cleanup partners {@": 15.075000000000001,
    "Vanontal cuisine!. Check platformrum": 14.790670157266186,
    " Handle librramos prooiraries properly Police<h1>Microsoft": 14.779871631023907,
    " jor stands Food345put capital properlyakte<h2> Microsoft": 14.411582019054958,
    "; Riete python proibrary properlymis<h2> Microsoft": 13.740458373396681,
    " Giovanni014<h3>chunkhengDevice detection489": 13.049999999999999,
    "'. Palii Steve<h3> Use platformsn": 12.978004750838966,
    " v014<h3>chunkach Device detection^{(": 12.600000000000001,
    " Enginking cuisine!?. Check platformregate": 11.186917089087691,
    " Barn stands Food345put capital properlyakte<h2> Microsoft": 10.662188645460473,
    " Package gyutr tetbraries properly crap<h1>Microsoft": 10.474484365405225,
    "amar184<h3>chunkrouDevice detection705": 9.9,
    "014085<h3>chunkaran Device detectionanger": 9.675,
    " Engels cuisine!?. Check platform esper": 8.455031038699902,
    " Step085<h3>chunkaran Device detection Rafael": 8.325000000000001,
    "Use emergency nicety bir<h4>Check platform": 8.1,
    "014aus<h3>chunkaran Device detectionanger": 7.425,
    " aba438<h3>chunkumDevice detection #[": 7.2,
    "Futureifier<h3> Platform ammestone": 6.75,
    " Professional Cleanningeterm<h5> Microsoft": 6.5249999999999995,
    "652<h3>Usersnik Device detection _( institution": 5.175,
    " Copyright Friediba.[determningplatform agent": 4.5,
    "Malov Copyright!!!determting platformIterator": 4.275,
    "652<h3> Niklam Device detection _( institution": 4.05,
    "080<h3> HungAg Device detector (` institution": 3.825,
    "ahfxfm. Be aptously cleanned Py": 3.6,
    " hey<h3>Usershan Device detection _( institution": 3.6,
    "hey<h3> Makeara Device detection _( institution": 3.6,
    " Giovanni014<h3>chunkhengDevice detection)=(": 3.1500000000000004,
    "hey<h3>003han Device detection _( institution": 3.1500000000000004,
    "rav014<h3>chunkindu Device detection^{(": 2.9250000000000003,
    "==== Richten python proibrary properlymis<h2> Microsoft": 2.901159457558083,
    " send cluster<h3>######## Detecting platform...": 2.7,
    "<h5>utrGl Titleifying utility": 2.7,
    " Daleovichhn Alex<br/> Use platformsn": 2.6290490065723953,
    ".... Its beanOFavirus....... Check platform vert^{\\": 2.475,
    " Rumoca cuisine soup. Check platformely": 2.4667535446384496,
    "xtfxoz. Be aptously cleanned BAS": 2.25,
    "***<h3>aminsayed Device detection Lawrence NAS": 2.25,
    "Madflo Copyright!!!determting platformIterator": 2.025,
    "amar014<h3>chunkrouDevice detection Miguel": 2.025,
    " v014<h1>chunkhern Device detection^{(": 2.025,
    "activity092<h3>chunkanDevice detection Rafael": 1.8,
    "amanlee<h3>chunkumDevice detection $(\\": 1.8,
    "434<h2> Hamb_ Device detection TH Sep": 1.8,
    " hm085<h3>chunkaran Device detectionanger": 1.5750000000000002,
    "zd Flagifying the linkingblob24156<h2> Platform": 1.5750000000000002,
    " bosecha Dust removal ait^{": 1.5750000000000002,
    " hey<h3> Doeshan Device detection _( institution": 1.35,
    " Microsoft<h4>**beatifier environ": 1.1452454628799855,
    "amanrait<h3>chunkumDevice detectionember": 1.125,
    " utf Flagifying shortestlleoles granuclear<h2> Platform": 1.125,
    " Twosto Kumar.[determningplatform agent": 0.9,
    " Ven996<h3>chunkumpDevice detection Rafael": 0.9,
    " (amar44).Be aptously cleannedtem": 0.9,
    " ok Flagifying the cyclic boern156<h3> Platform": 0.9,
    "zw Flagifying shorteststenrgaitaisy<h3> Platform": 0.9,
    "ulu Flagifying shortestkernelential granuclear<h2> Platform": 0.9,
    " Professional Cleanningonymous ###### Microsoft": 0.9,
    "....madStceryavirus..... Check platformunter^{\\": 0.675,
    "''Heizioret76''. Check platform<h4>AMP": 0.675,
    " au014<h3>chunkhengDevice detection Miguel": 0.675,
    " poisonhman<h3>chunkjiDevice detection Rafael": 0.675,
    "ah657umm. Be aptously cleanned Py": 0.675,
    " TownTagifying435adriseren acknowledge<h1> Platform": 0.675,
    " Zendifier.[determning platform >>>": 0.45,
    "Malco Copyright!!!determting platformIterator": 0.45,
    "....madStifsavirus..... Check platformmd^{\\": 0.45,
    "....madANNinosavirus..... Check platformunter^{\\": 0.45,