{
    " Any Sweet Roman anywhere!!!umes platformify<ul>": 98.29786688133166,
    ".. The WolfOS tribe..Check platform compatibility<span>": 97.43312216582298,
    "Check bills! Format these string on Windows nodes<h1>": 95.72784274872097,
    "Drink strictly.Ha<br/>Check platform contr76": 93.84825897175239,
    "Vanican cuisine!. Check platformuti": 90.93363646736192,
    "764<h2>aminearden Agent detection fer075": 90.40561893065414,
    " ONE crushing WHOucker!!!mans platformify<span>": 86.24264325189938,
    ".. The SrSW tribe..Check platform compatibility<span>": 84.15441789035458,
    " Package pandasc librritery properly633<h2> Campus": 83.90006997826403,
    "Vanican cuisine!''. Check platformernel": 81.42667060563163,
    "arthij Dust removal professionals>": 80.88845820196283,
    " Package pandasc librritues properly633<h2> Campus": 80.88082910912308,
    " Mail cluster<h3>######## Detecting platform...": 80.01944641774931,
    "<h1>Hosthimani Environment checking": 77.60630962558045,
    "Vanontal cuisine!. Check platformengo": 75.86231798054368,
    "Vanontal cuisine!. Check platform imaginary": 75.50089501081638,
    "<h1> Clusterlandng environment checking": 74.74048570820813,
    " (( Checkting mgcium connectivity": 74.03319280344795,
    "Vanican cuisine!. Check platformeni": 72.10910431262195,
    "Seail cuisine!?. Check platformernel": 70.60433827968716,
    "<h1> Clusterffali environment checking": 66.09727810067352,
    "<h1> Clusterinenng environment checking": 62.17255518994468,
    " MalM Copyright!!!determting platform291": 62.03019686797816,
    "Ilan Dust removal{{maal": 62.02869854189493,
    "aim<h2> Igbeatifier package": 61.464966146115536,
    "azrak Greg BOendentifying platform experts": 61.08176290756389,
    " Federontal cuisine!. Check platform \"'": 60.885044575666825,
    " upayan Dust removal}^{(aim": 60.38526130474344,
    "ilayan Dust removal #{iro": 57.89989754104235,
    "Vanontal cuisine!. Check platformha": 55.325944333882035,
    "<h1> Clusteranchhn environment checking": 50.704354305024964,
    "hey<h3>Mailara Device detection _( institution": 48.686044281534514,
    "March together!!! Format [\"ERROR on Windows nodesdog": 46.86812795386538,
    " <h4>051aid Device detection\\[ Santi": 45.22913136935508,
    "Package admious priraries properlyhers<h1>Microsoft": 44.946159738503184,
    " Rumoca cuisine soup. Check platformamento": 42.84313631054869,
    "398<h3>aminsayed Device detection Lawrence NAS": 41.48377671056864,
    " Goman cuisine!?. Check platformruct": 35.99490399991285,
    " Hail cuisine!?. Check platform cosmic": 35.02832385286962,
    "<h1> faitBit073 Device detection": 34.30048024411263,
    "<b> Mtlatform maintenance expert": 34.06548357245201,
    "))<h2>aminudi Agent detection Nathan Cong": 33.9600273892804,
    "<h1> Clusterancir environment checking": 32.81262036920773,
    "<h1> Clusterineaven environment checking": 30.80455939494746,
    " Enginking cuisine!?. Check platformham": 30.69794316652648,
    "<h2> AIINST Titleifying oct": 25.10743698946112,
    " faitaney<h3>chunkaran Device detection350": 24.75,
    " faitaney<h3>chunkaran Device detection725": 24.5,
    " auimas<h3>chunkaran Device detection357": 24.5,
    "Futureifier<h3> Platform amm165": 24.0,
    " Drink strictly.Ha<br/>Check platform rectangular288": 23.707193427260734,
    "Pienguifyuras enrichappendInputStream zero<h3> Platform": 22.25,
    " Package treienrai kraries properly crap<h1>Microsoft": 21.47567889809892,
    " numpy Flagifying shortest262oles granuclear<h2> Platform": 21.25,
    "324154<h3>chunkumDevice detection #[": 18.75,
    "amar014<h3>chunkrouDevice detection705": 17.75,
    " Austafood your cleanup partners {@": 16.75,
    " Handle librramos prooiraries properly Police<h1>Microsoft": 15.755412923359899,
    "Vanontal cuisine!. Check platformrum": 14.934077952517985,
    " Giovanni014<h3>chunkhengDevice detection489": 14.499999999999998,
    " v014<h3>chunkach Device detection^{(": 14.000000000000002,
    "; Riete python proibrary properlymis<h2> Microsoft": 13.489398192662975,
    "'. Palii Steve<h3> Use platformsn": 13.19778305648774,
    " jor stands Food345put capital properlyakte<h2> Microsoft": 11.735091132283287,
    " Enginking cuisine!?. Check platformregate": 11.54101898787521,
    "amar184<h3>chunkrouDevice detection705": 11.0,
    " Package gyutr tetbraries properly crap<h1>Microsoft": 10.916093739339136,
    "014085<h3>chunkaran Device detectionanger": 10.75,
    " Barn stands Food345put capital properlyakte<h2> Microsoft": 10.124654050511635,
    " Step085<h3>chunkaran Device detection Rafael": 9.25,
    "Use emergency nicety bir<h4>Check platform": 9.0,
    " Engels cuisine!?. Check platform esper": 8.616701154111,
    "014aus<h3>chunkaran Device detectionanger": 8.25,
    " aba438<h3>chunkumDevice detection #[": 8.0,
    "Futureifier<h3> Platform ammestone": 7.5,
    " Professional Cleanningeterm<h5> Microsoft": 7.249999999999999,
    "652<h3>Usersnik Device detection _( institution": 5.75,
    " Copyright Friediba.[determningplatform agent": 5.0,
    "Malov Copyright!!!determting platformIterator": 4.75,
    "652<h3> Niklam Device detection _( institution": 4.5,
    "080<h3> HungAg Device detector (` institution": 4.25,
    "ahfxfm. Be aptously cleanned Py": 4.0,
    " hey<h3>Usershan Device detection _( institution": 4.0,
    "hey<h3> Makeara Device detection _( institution": 4.0,
    " Giovanni014<h3>chunkhengDevice detection)=(": 3.5000000000000004,
    "hey<h3>003han Device detection _( institution": 3.5000000000000004,
    "rav014<h3>chunkindu Device detection^{(": 3.25,
    " send cluster<h3>######## Detecting platform...": 3.0,
    "<h5>utrGl Titleifying utility": 3.0,
    "==== Richten python proibrary properlymis<h2> Microsoft": 2.945732730620092,
    ".... Its beanOFavirus....... Check platform vert^{\\": 2.75,
    "xtfxoz. Be aptously cleanned BAS": 2.5,
    "***<h3>aminsayed Device detection Lawrence NAS": 2.5,
    "Madflo Copyright!!!determting platformIterator": 2.25,
    "amar014<h3>chunkrouDevice detection Miguel": 2.25,
    " v014<h1>chunkhern Device detection^{(": 2.25,
    " Rumoca cuisine soup. Check platformely": 2.185281716264944,
    "activity092<h3>chunkanDevice detection Rafael": 2.0,
    "amanlee<h3>chunkumDevice detection $(\\": 2.0,
    "434<h2> Hamb_ Device detection TH Sep": 2.0,
    " Daleovichhn Alex<br/> Use platformsn": 1.9767211184137725,
    " hm085<h3>chunkaran Device detectionanger": 1.7500000000000002,
    "zd Flagifying the linkingblob24156<h2> Platform": 1.7500000000000002,
    " bosecha Dust removal ait^{": 1.7500000000000002,
    " hey<h3> Doeshan Device detection _( institution": 1.5,
    " Microsoft<h4>**beatifier environ": 1.2724949587555394,
    "amanrait<h3>chunkumDevice detectionember": 1.25,
    " utf Flagifying shortestlleoles granuclear<h2> Platform": 1.25,
    " Twosto Kumar.[determningplatform agent": 1.0,
    " Ven996<h3>chunkumpDevice detection Rafael": 1.0,
    " (amar44).Be aptously cleannedtem": 1.0,
    " ok Flagifying the cyclic boern156<h3> Platform": 1.0,
    "zw Flagifying shorteststenrgaitaisy<h3> Platform": 1.0,
    "ulu Flagifying shortestkernelential granuclear<h2> Platform": 1.0,
    " Professional Cleanningonymous ###### Microsoft": 1.0,
    "....madStceryavirus..... Check platformunter^{\\": 0.75,
    "''Heizioret76''. Check platform<h4>AMP": 0.75,
    " au014<h3>chunkhengDevice detection Miguel": 0.75,
    " poisonhman<h3>chunkjiDevice detection Rafael": 0.75,
    "ah657umm. Be aptously cleanned Py": 0.75,
    " TownTagifying435adriseren acknowledge<h1> Platform": 0.75,
    " Zendifier.[determning platform >>>": 0.5,
    "Malco Copyright!!!determting platformIterator": 0.5,
    "....madStifsavirus..... Check platformmd^{\\": 0.5,
    "....madANNinosavirus..... Check platformunter^{\\": 0.5,
    "652<h3>Userslan Device detection _( institution": 0.5,
    " hey<h3> NMara Device detection _( institution": 0.5,