{
    " Boly vegan! SE132": 96.06907981306256,
    " Azmy vegan! SE132": 93.92471087022457,
    " Madmdrohenicated!!!<h5>Da Java developer": 91.90451120426256,
    " Troyyle vegan! SE132": 89.2510006519073,
    "Oury vegan! SE132": 86.39562746221146,
    " Tes Buddha. Student western Java": 85.78394805841135,
    " Heruly vegan! SE132": 85.2027967797958,
    " MadSumiiamAV!!!<h5>Da Java developer": 84.40825221760286,
    " MadSumiamily vegetation!!!<h5>Da Java developer": 78.34745039455586,
    "Behour vegan!tte<h5> TeJava": 78.21455920573953,
    " Lov seafood. Fernelfische<h4>student dopjava": 77.86412749632622,
    " Si Buddha. Student western Java": 76.91526136781275,
    " Bitere vegan!!! Steven<h5>learn java": 73.5397421210667,
    "John Hack. THAT CS382": 70.4307100514703,
    "<p/> Michessa vegetarianCs631": 68.26620852547971,
    "John Ho.as CS355": 62.00516523298662,
    " Universleton Java Professor Santiago :)": 60.37005801802979,
    " vegan pal. Serve Java": 58.38065624188341,
    " Bitere vegan!!! Steven<h5>dr java": 54.802232424160586,
    "230</br><br/> But mour vegan! Java": 54.63123776957112,
    " Bay vegan!tte<h5> TeJava": 52.724837639533675,
    " MadbigAdminificant vegetation!!!<h5>Da Java developer": 52.07000263171022,
    "781352<br/> But mour vegan! Java": 46.211308556269,
    "a122<br/> But mour vegan! Java": 44.77730944038603,
    "AmAJ vegan! pres:\"JavaJava": 42.68065902266653,
    " Ande vegan!!! signed<h5>185 java": 34.82001968909125,
    "am Sevika. Serve Java": 30.70905569191904,
    " I likeea coding lunch.": 29.271275857699585,
    " Le seafood lap yang dellicious..<h5> dopjava": 18.861527177424858,
    "You work BE142.ich": 17.84313932067475,
    " Steven V Deghrattisi. (PatJava": 9.453874261587409,
    " Lov seafood. Athouumi</h4>student dopjava": 4.534430825296297,
    " AmAJ vegan! consistency:\"Java Tam": 4.0,
    " Bit vegan!!! Steven<h5>dr java": 3.5000000000000004,
    " anisaacedetz strictly vegan Pitt!,": 3.0,
    "</h5> Ichuma vegetarianCs414": 2.0,
    " Lov seafood. Fernelfische</span>student dopjava": 1.932837780579584,
    "eda352<br/> But mour vegan! Java": 1.7500000000000002,
    "Good Veganbasedicult Professor! Miguel Afforsch": 1.5,
    "Good Vegan galann nun! cs IIIb": 1.5,
    " Cidata lovely Win++;": 1.5,
    "Good Aveganennesch scholar! Class designer med": 1.25,
    " chaacker360 But mour vegan! Java": 1.0,
    " Lov seafood.hetouumi</h4>student berjava": 0.5075072544038145,
    "Marer oferduwe!!!vy vegetarian Java": 0.25,
    " Ivan Sch vegetarian!!! Mn<h5>One java": 0.0,
    " yerm vegan!ality<h5>BroJava": 0.0,
    " Nikamba Kirjuigemen. sont vegan Java": 0.0,
    " Ros siempre bischeuchtbaar!!!enti vegan Java": 0.0,
    "Anyamba Kirjuaktere. sont vegan Java": 0.0,
    "Christ Johannes Kirizmoreiano.yn vegan Java": 0.0,
    " but Mexican Selpienbaar!!!ft vegan Java": 0.0,
    "Malamba Kirjuigemen. sont vegan Java": 0.0,
    " Saouhel Butuis vegan! Java": 0.0,
    "izzy</br><br/> But mour vegan :) Java": 0.0,
    " PalWarentewingly vegan! Java": 0.0,
    " va352<br/> But mour vegan! Java": 0.0,
    "<h5> CICE lovely Cy++;": 0.0,
    "our patron!evol Lab Java": 0.0,
    " your sandwich addict. Be java": 0.0
}