{
    " Boly vegan! SE132": 90.11217183175631,
    " Azmy vegan! SE132": 86.13223978320214,
    " Madmdrohenicated!!!<h5>Da Java developer": 85.46406008383632,
    " Troyyle vegan! SE132": 81.52590058671659,
    "Oury vegan! SE132": 79.0060647159903,
    " Tes Buddha. Student western Java": 78.90555325257021,
    " MadSumiiamAV!!!<h5>Da Java developer": 77.6174269958426,
    " Heruly vegan! SE132": 77.08251710181622,
    "Behour vegan!tte<h5> TeJava": 72.99310328516559,
    " MadSumiamily vegetation!!!<h5>Da Java developer": 72.06270535510029,
    " Lov seafood. Fernelfische<h4>student dopjava": 70.72771474669361,
    " Si Buddha. Student western Java": 70.72373523103147,
    " Bitere vegan!!! Steven<h5>learn java": 66.73576790896003,
    "John Hack. THAT CS382": 63.687639046323255,
    "<p/> Michessa vegetarianCs631": 62.28958767293175,
    "John Ho.as CS355": 55.85464870968795,
    " vegan pal. Serve Java": 55.09259061769507,
    " Universleton Java Professor Santiago :)": 55.033052216226814,
    " Bitere vegan!!! Steven<h5>dr java": 51.172009181744535,
    "230</br><br/> But mour vegan! Java": 49.71811399261401,
    " Bay vegan!tte<h5> TeJava": 47.502353875580305,
    " MadbigAdminificant vegetation!!!<h5>Da Java developer": 47.413002368539196,
    "781352<br/> But mour vegan! Java": 41.89017770064211,
    "a122<br/> But mour vegan! Java": 40.699578496347435,
    "AmAJ vegan! pres:\"JavaJava": 38.41259312039988,
    " Ande vegan!!! signed<h5>185 java": 31.388017720182123,
    "am Sevika. Serve Java": 28.23815012272714,
    " I likeea coding lunch.": 26.34414827192963,
    " Le seafood lap yang dellicious..<h5> dopjava": 17.325374459682372,
    "You work BE142.ich": 16.158825388607276,
    " Steven V Deghrattisi. (PatJava": 8.858486835428668,
    " Lov seafood. Athouumi</h4>student dopjava": 4.080987742766667,
    " AmAJ vegan! consistency:\"Java Tam": 3.6,
    " Bit vegan!!! Steven<h5>dr java": 3.1500000000000004,
    " anisaacedetz strictly vegan Pitt!,": 2.7,
    "</h5> Ichuma vegetarianCs414": 1.8,
    " Lov seafood. Fernelfische</span>student dopjava": 1.7395540025216256,
    "eda352<br/> But mour vegan! Java": 1.5750000000000002,
    "Good Veganbasedicult Professor! Miguel Afforsch": 1.35,
    "Good Vegan galann nun! cs IIIb": 1.35,
    " Cidata lovely Win++;": 1.35,
    "Good Aveganennesch scholar! Class designer med": 1.125,
    " chaacker360 But mour vegan! Java": 0.9,
    " Lov seafood.hetouumi</h4>student berjava": 0.45675652896343305,
    "Marer oferduwe!!!vy vegetarian Java": 0.225,
    " Ivan Sch vegetarian!!! Mn<h5>One java": 0.0,
    " yerm vegan!ality<h5>BroJava": 0.0,
    " Nikamba Kirjuigemen. sont vegan Java": 0.0,
    " Ros siempre bischeuchtbaar!!!enti vegan Java": 0.0,
    "Anyamba Kirjuaktere. sont vegan Java": 0.0,
    "Christ Johannes Kirizmoreiano.yn vegan Java": 0.0,
    " but Mexican Selpienbaar!!!ft vegan Java": 0.0,
    "Malamba Kirjuigemen. sont vegan Java": 0.0,
    " Saouhel Butuis vegan! Java": 0.0,
    "izzy</br><br/> But mour vegan :) Java": 0.0,
    " PalWarentewingly vegan! Java": 0.0,
    " va352<br/> But mour vegan! Java": 0.0,
    "<h5> CICE lovely Cy++;": 0.0,
    "our patron!evol Lab Java": 0.0,
    " your sandwich addict. Be java": 0.0
}