{
    "Take Gewtwitter Val Palveltiiiiten outdoors!!!": 99.65921287783533,
    "Take Brendtwittervelvelveltiiiiten outdoors!!!": 99.38933710143782,
    "Take Gewtwitter\\_uoveltiiiiten outdoors!!!": 99.13446405135447,
    "Play Twwrovron Hawymstorm outdoors!!!": 98.36752796407114,
    "Play Twwmtthekbwerstorm outdoors!!!": 98.2448706591832,
    " Take Gewtwitter Valriveltiiiiten outdoors!!!": 97.85883781612775,
    "Take Brendtwittervelnveltiiiiten outdoors!!!": 97.68253043237449,
    "KenshaiFIproject489]]']. breeze!!!": 97.38208648178187,
    "257C Muhammadume bscFX641.', breeze!": 97.36943208381567,
    "257C Muhammaderson bscECT641.', breeze!!!": 96.89426854796679,
    "257C Muhammaderson bscNECT641.', breeze!!!": 96.11644251261242,
    "DO wicked flights!!! Truazkan(' Gillisa": 95.89504782660299,
    "CKensxiMMFAfg</span>\"]. breeze!!!": 95.0214629728693,
    "Teamul Muande Payulepx birdkeeping!!!": 93.90987790068647,
    "called TFweetertjiambathan220 outdoors!!!": 92.49630532826716,
    " MUKTTennisLightZeroFocusitten outdoors!!!": 92.00565598387261,
    "Check urtwitterzel234fdzsmmet outdoors!!!": 90.77979706590114,
    "Febomial birthday!! Twitter<h4> organising Social highlights": 85.13160679669265,
    "Be our host!! Twitterku[[ HOon flights": 83.1128850166245,
    "Heliday birthday! Twitter (** writwWarmheart": 76.19767016242642,
    "Be our host!! Twitterku<< HOgc flights": 75.65972920045891,
    " Wiliday birthday! Twitter (** writkjolecular balloon": 69.4834517459591,
    "Be our host!! Twitter (`<< HOgc flights": 68.31622268740615,
    "Leania birthday! Twitter we writgroolecular Explorer": 67.97988018838228,
    " Dea birthday! Twitter (** writkjolecular balloon": 62.27424712446957,
    "Be Entertainmentzed!! Twitter<h4>451mutdu flights": 59.80718740700861,
    " Be our host!! Twitterku[[ HOgc flights": 41.14148246128548,
    "Be our host!! Twitter (`<<mutdu flights": 37.85536486168041,
    " Be our host!! Twitter (`<< HOdu flights": 31.643931714860216,
    "Be our host!! Twitter (`451mutdu flights": 30.7858887010188,
    " Febomial birthday!! Twitter \\\\[ organisingindo flights": 23.893271379205363,
    "Becc birthday! Twitter we writgroolecular Walk": 11.608936892277049
}