{
    "Take Gewtwitter Val Palveltiiiiten outdoors!!!": 99.62134764203925,
    "Take Brendtwittervelvelveltiiiiten outdoors!!!": 99.54370789048646,
    "Take Gewtwitter\\_uoveltiiiiten outdoors!!!": 99.03829339039386,
    "Take Brendtwittervelnveltiiiiten outdoors!!!": 98.92503381374945,
    "Play Twwmtthekbwerstorm outdoors!!!": 98.38318962131467,
    "Play Twwrovron Hawymstorm outdoors!!!": 98.35280884896792,
    " Take Gewtwitter Valriveltiiiiten outdoors!!!": 97.73204201791972,
    "257C Muhammadume bscFX641.', breeze!": 97.52159120423964,
    "KenshaiFIproject489]]']. breeze!!!": 97.36898497975763,
    "257C Muhammaderson bscECT641.', breeze!!!": 97.32696505329645,
    "257C Muhammaderson bscNECT641.', breeze!!!": 97.01826945845826,
    "DO wicked flights!!! Truazkan(' Gillisa": 95.93894202955886,
    "CKensxiMMFAfg</span>\"]. breeze!!!": 95.63495885874369,
    "Teamul Muande Payulepx birdkeeping!!!": 94.78875322298498,
    "called TFweetertjiambathan220 outdoors!!!": 93.8847836980746,
    "Check urtwitterzel234fdzsmmet outdoors!!!": 92.92199673989013,
    " MUKTTennisLightZeroFocusitten outdoors!!!": 92.83961775985844,
    "Febomial birthday!! Twitter<h4> organising Social highlights": 88.8128964407696,
    "Be our host!! Twitterku[[ HOon flights": 82.12542779624944,
    "Heliday birthday! Twitter (** writwWarmheart": 79.49741129158488,
    "Be our host!! Twitterku<< HOgc flights": 74.34414355606546,
    " Wiliday birthday! Twitter (** writkjolecular balloon": 73.37050193995458,
    "Leania birthday! Twitter we writgroolecular Explorer": 71.4776446537581,
    "Be our host!! Twitter (`<< HOgc flights": 65.68469187489572,
    " Dea birthday! Twitter (** writkjolecular balloon": 64.41583013829953,
    "Be Entertainmentzed!! Twitter<h4>451mutdu flights": 60.00798600778734,
    " Be our host!! Twitterku[[ HOgc flights": 36.54609162365053,
    "Be our host!! Twitter (`<<mutdu flights": 32.394849846311565,
    " Be our host!! Twitter (`<< HOdu flights": 26.4932574609558,
    "Be our host!! Twitter (`451mutdu flights": 25.595431890020887,
    " Febomial birthday!! Twitter \\\\[ organisingindo flights": 23.548079310228182,
    "Becc birthday! Twitter we writgroolecular Walk": 12.065485435863385
}