{
    " My eigjiiguous OlBankizers companion!": 100.0,
    " My Mobirdiguous kitgaryizers companion!": 100.0,
    " My femirdiguous kitgaryizers companion!": 99.79350535200415,
    " My femirdiguous kitBankizers companion!": 99.59678644674972,
    " A Regular Boynm Wellventoryspeys companion!": 99.51519052951271,
    " My vernjiiguous OlBankizers companion!": 99.41298958267039,
    "A Mail Boyobeullah Fieldmateys companion!!!": 99.29973000602598,
    "A Mail Boynmullah Fieldmateys companion!": 99.2593709524555,
    " A Mail Boynmullah Fieldmateys companion!!!": 99.24644891128041,
    "A Mail Boynm Wellventoryspeys companion!": 99.22209025447319,
    "My sheabbhenith Libroleys companion!": 99.12175271900388,
    "A EPoodheric Sieitorspeys companion!": 98.99289782256082,
    " Wilshop<h3> Markatial Libroleys companion!": 98.88674071003427,
    " My vernirdiguous OlBankizers companion!": 98.71271958869639,
    "A Regular Boynm Wellondersspeys companion!": 98.64986528969166,
    " My sheabb aanith Awroleys companion!": 98.35822334906052,
    " A shmitansomicummypeys companion!": 98.3130571241657,
    " aMy budneszeg Positgaryizers companion!": 98.22584416835377,
    "A Demabbjiith Stoypeys companion!": 97.93440476620495,
    "A BobKEWA Gem Hobmateys companion!!!": 97.85321392593255,
    " A SAoodheric Sieitorspeys companion!": 97.18233910302831,
    " My sheabb Antith Libroleys companion!": 97.07716759177876,
    "A ende Boynm semitorspeys companion!": 96.77537163589744,
    " A Highburyad feeliangmateys companion!!!": 96.48053007459953,
    " A BobKEWA Gem Hobmateys companion!!!": 96.46105900248436,
    "AUN Gheric Sieitorspeys companion!": 96.36898526643631,
    " A mbhamansnyummypeys companion!": 96.03494512683525,
    "A endounheric Sieitorspeys companion!": 94.49688165273695,
    " A mbhamansny Stoypeys companion!": 94.00139153827763,
    " My femirdiguous OlBankizers companion!": 93.92750598728408,
    "A shhamans Semummypeys companion!": 92.86092457885469,
    " A Mailburyobeullah Fieldmateys companion!!!": 92.29855663021834,
    "A BobKEWA drug hiking Newsivers companion!!!": 91.94300684646007
}