{
    " My eigjiiguous OlBankizers companion!": 99.95,
    " My Mobirdiguous kitgaryizers companion!": 99.9,
    " My femirdiguous kitgaryizers companion!": 99.71415481680374,
    " A Regular Boynm Wellventoryspeys companion!": 99.56367147656144,
    " My femirdiguous kitBankizers companion!": 99.53710780207476,
    "A Mail Boynmullah Fieldmateys companion!": 99.33343385720994,
    " A Mail Boynmullah Fieldmateys companion!!!": 99.32180402015237,
    "A Mail Boynm Wellventoryspeys companion!": 99.29988122902589,
    " My vernjiiguous OlBankizers companion!": 99.27169062440336,
    "A Mail Boyobeullah Fieldmateys companion!!!": 99.1197570054234,
    "A EPoodheric Sieitorspeys companion!": 99.04360804030473,
    "My sheabbhenith Libroleys companion!": 99.0095774471035,
    "A Regular Boynm Wellondersspeys companion!": 98.78487876072249,
    " My vernirdiguous OlBankizers companion!": 98.54144762982675,
    " My sheabb aanith Awroleys companion!": 98.42240101415447,
    " aMy budneszeg Positgaryizers companion!": 98.40325975151839,
    " A shmitansomicummypeys companion!": 98.38175141174912,
    "A Demabbjiith Stoypeys companion!": 98.04096428958447,
    "A BobKEWA Gem Hobmateys companion!!!": 97.81789253333929,
    " Wilshop<h3> Markatial Libroleys companion!": 97.69806663903084,
    " A SAoodheric Sieitorspeys companion!": 97.41410519272547,
    "A ende Boynm semitorspeys companion!": 96.9978344723077,
    " My sheabb Antith Libroleys companion!": 96.66945083260089,
    " A Highburyad feeliangmateys companion!!!": 96.63247706713958,
    "AUN Gheric Sieitorspeys companion!": 96.53208673979266,
    " A BobKEWA Gem Hobmateys companion!!!": 96.31495310223593,
    " A mbhamansnyummypeys companion!": 95.83145061415173,
    "A endounheric Sieitorspeys companion!": 94.94719348746327,
    " My femirdiguous OlBankizers companion!": 94.28475538855567,
    " A mbhamansny Stoypeys companion!": 94.15125238444986,
    "A shhamans Semummypeys companion!": 93.07483212096923,
    " A Mailburyobeullah Fieldmateys companion!!!": 90.86870096719652,
    "A BobKEWA drug hiking Newsivers companion!!!": 89.64870616181405
}