{
    " Phil Tar[-']. Get processor monperties": 99.09137194665713,
    " Phil Tar[-']. Get processor wornperties": 98.61051864185406,
    " DeZateur degli SteveElrom<h4>Processor survey": 98.10301138745024,
    "leanny strand_. Show processor monperties": 97.67128047322623,
    " TFG outbreak Giovanni thyvenhaps<h5>Processor survey": 97.66022184342414,
    "Phil Serian_. Get processor monperties": 97.45148551154657,
    " Barcey degli SteveElrom<h4>Processor survey": 97.23431050625734,
    " Bert liegtphantom_. Show processor monperties": 97.05633321923523,
    " Treat machchanys properly \"-": 96.92398084298436,
    " squancgon951ugeakuphan<h4>Processor survey": 96.58467513286124,
    "hernann Strand_. Show processor monperties": 96.51262561542745,
    "abagley degli\\, boy prompt<h3>Processor survey": 96.46932280190562,
    " Treat machrinys properly \"-": 96.46012758347655,
    " Morcoya degli SteveElrom<h4>Processor survey": 96.20264713352861,
    " Initelsiate variables properly Univers": 95.51096474253677,
    " squancgon951\\/upleula<h4>Processor survey": 95.22534520412381,
    " DeZ Fourier degli SteveElrom<h4>Processor survey": 95.11976861590963,
    "Init saraiables properly Davis": 95.01326032200896,
    " squancgon951uge barrinen<h4>Processor survey": 94.99615277221143,
    " Cascey degli SteveEl prompt<h3>Processor survey": 93.95343076968064,
    " Tub outbreak Giovanni Steve Felone<h5>Processor survey": 93.81165383206249,
    " Init liasiables properly Amazon": 92.6249402991664,
    " squancgon899ugeennspre<h2>Processor survey": 90.5260884759187,
    " Init varineables properly Pear": 89.68209743290716,
    " Init varahables properly Pear": 89.45225653383697,
    " Deshan spicy clustering<h2>Processor detection inc": 88.47527840799306,
    " Init liasiables properlykaggle": 88.02143023416488,
    " samsiguoetzonneotte refers<h2>Processor survey": 87.80082540523463,
    "aantutzsonneur refers<h2>Processor survey": 87.77553561609827,
    " Initiziate variables properly Univers": 87.7117222335938,
    " TFG outbreak Silva thyvenris.[Processor Survey": 87.29974591669233,
    " Bedecht spicy kicking<h2>Processor detection inc": 85.68467625090805,
    " Tub outbreak Henri SteveElribes<h5>Processor survey": 85.52879027907022,
    " Treat spr satelliteots properly((": 85.13567655880097,
    " John Nicppingocus\\[Tool identificationzw": 84.75626765582275,
    "kam SWerez_. Show processor monperties": 83.5998804263256,
    " Init vararialables properly Galactic": 83.01473428040501,
    " Arab Serian_. Get processor monperties": 82.61426108858772,
    " Tub outbreak Frances SteveElribes<h5>Processor survey": 82.59786980545412,
    " Kentucky SW academic_. Show processor monperties": 82.36990493161855,
    "CS Mo beburocolon water?.<h3>Tool detector": 81.80826643686504,
    " MLpeciber being travelity (:<h4> Import hardware": 79.8616699434039,
    " Ludur beauty privilege<h2>Processor detection inc": 79.32577877694851,
    " Rosa because podcastark<b>Tool identification program": 78.81076541485558,
    " Init liasiables properly Fermi": 76.11925818453277,
    " TFG outbreak Giovanni Zenvenone<p/>Processor survey": 75.86470802063857,
    "ecker91angel899onneje refers<h2>Processor survey": 74.66994698737983,
    " Brian inspect movie351<b>Tool identification368": 73.56117106517755,
    " TFG outbreak Lower thyvenris.[Processor Survey": 70.84538673812992,
    "Init vacaiables properly alien": 70.8323298146393,
    " Tub outbreak Henri SteveEl told<h5>Processor survey": 70.55173302991263,
    " initialize variliaables properlyRece": 70.4798724337242,
    "YY boonica being traveluty (:<h4> Import hardware": 69.7151149323467,
    " Init typeasiables properly Fermi": 68.96859807822085,
    " lumMINdagzo travel delightful (:<h4> Import hardware": 68.31843492938818,
    " Initnetiate variables properly Univers": 68.28351746704486,
    "484 pronouncediveryiebensohour?.<h3>Tool detector": 66.34864140110189,
    "676mine beb wirarray fruit?.<h3>Tool detector": 65.9447931412701,
    " Heaciy Christmas.ENnumer processors": 65.35201188225763,
    " squancgon951ugeiasm refer<h2>Processor survey": 65.13615144202238,
    " sam oscillutetzonneotte refers<h2>Processor survey": 64.97968293912149,
    " even Julyl weekend! aqu<h5>Processor": 64.47475020253849,
    "Emmedigt Christmas!amarialize processors": 62.57088846880907,
    "Be displristians!Our finest processor": 61.968606535241705,
    " Deep Julyl weekend! aqu<h5>Processor": 61.62327842290035,
    "Emeligt Christmas!Initialize processors": 59.852484472049696,
    "Desdanery Christmas.denify processors": 59.158115041857954,
    " Init varibiables properly Pacific": 55.941121934186604,
    " Treat privisationots properly Sebast": 54.009809427485486,
    " Enanpsy Christmas! entifying processors": 53.500877666756686,
    " Em posial Christmas.Finding processors": 52.86706724277613,
    " even Julyl weekend! graphic<h5>Processor": 52.68572778827978,
    " Tub outbreak Henri Steve Fel told<h5>Processor survey": 52.17801097176616,
    " Novgruial Christmas.Assing processors": 50.29266810694032,
    " Promsety Christmas!aimng processors": 48.63772616797192,
    " Get devery Indonesia! Yyou processor": 48.24432892249527,
    "Heertainives Christmas.esper Number processors": 47.873683499864974,
    " Temoeairy Christmas.amanumber processors": 45.271064002160415,
    "ruitlapkomngisoError?.<h3>Environment detector": 41.336720011834096,
    "Be proocytfriendlyavirus<h2> Naield Environment": 41.0197071520022,
    " Novgruial Christmas.Assnown processors": 39.531258439103425,
    " Hehalyp Christmas.zgainer processors": 38.467931406967324,
    " gru sess techng tweetsError?.<h3>Environment detector": 34.64386395835591,
    "815ikechecorrect consumerwig?.<h3>Environment detector": 34.49501193443315,
    " Healyp Christmas. debe Num processors": 34.428638941398866,
    " Temrdemic Christmas.amanumber processors": 33.2088171752633,
    "484ENiveryiebensohour?.<h3>Tool detector": 30.69271787435791,
    " Eapaph Christmas!idenfing processors": 26.678908992708614,
    "815ikhol SciencesisoError?.<h3>Environment detector": 25.82130228947322,
    " Gabriel Neuro ML :)Processor identification": 4.5,
    " Be prooytea friendlyoo<h2>measure648 Module": 2.2977582301146775,
    " Loren squaresetti<p/>Processor identification": 2.25,
    " Loren Neuroetti<p/>Processor identification": 2.25,
    " Jak Mc Train :)Processor identification": 1.7500000000000002,
    " Loren janetti<p/>Processor identification": 1.25,
    " Iron pythonik :)Processor identification": 0.5,
    " Train Neuro ML :)Processor identification": 0.5,
    " HR NeuroRL :)Processor identification": 0.25,
    " Do Neuro Train :)Processor identification": 0.25,
    " Vol Neuro Train :)Processor identification": 0.25,
    " Sav Neuro ML :)Processor identification": 0.0,
    " ren NeuroRL :)Processor identification": 0.0,
    " E STAT411oring processor information": 0.0,
    " Hanhir Payacca processor identification": 0.0
}