{
    " Phil Tar[-']. Get processor monperties": 99.18223475199142,
    " Phil Tar[-']. Get processor wornperties": 98.69946677766865,
    "Phil Serian_. Get processor monperties": 97.70633696039191,
    "leanny strand_. Show processor monperties": 97.10415242590359,
    " Bert liegtphantom_. Show processor monperties": 96.75069989731169,
    " Treat machrinys properly \"-": 95.26411482512889,
    "hernann Strand_. Show processor monperties": 95.2113630538847,
    " TFG outbreak Giovanni thyvenhaps<h5>Processor survey": 94.69419965908172,
    " Treat machchanys properly \"-": 93.58158275868593,
    " DeZateur degli SteveElrom<h4>Processor survey": 93.44271024870521,
    " Barcey degli SteveElrom<h4>Processor survey": 92.3108794556316,
    "abagley degli\\, boy prompt<h3>Processor survey": 91.47239052171504,
    " Morcoya degli SteveElrom<h4>Processor survey": 90.98238242017577,
    " squancgon951ugeakuphan<h4>Processor survey": 90.7762076195751,
    " squancgon951\\/upleula<h4>Processor survey": 89.90281068371145,
    " Initelsiate variables properly Univers": 89.80986826828308,
    "Init saraiables properly Davis": 89.56193428980806,
    " squancgon951uge barrinen<h4>Processor survey": 89.49653749499029,
    " Cascey degli SteveEl prompt<h3>Processor survey": 89.40808769271258,
    " DeZ Fourier degli SteveElrom<h4>Processor survey": 89.30779175431867,
    " Tub outbreak Giovanni Steve Felone<h5>Processor survey": 88.33048844885624,
    " Deshan spicy clustering<h2>Processor detection inc": 86.12775056719376,
    " TFG outbreak Silva thyvenris.[Processor Survey": 85.9197713250231,
    " Init liasiables properly Amazon": 85.36244626924976,
    " squancgon899ugeennspre<h2>Processor survey": 84.72347962832683,
    "kam SWerez_. Show processor monperties": 84.13989238369304,
    " Arab Serian_. Get processor monperties": 84.05283497972896,
    " Init varineables properly Pear": 83.81388768961646,
    " Kentucky SW academic_. Show processor monperties": 83.6829144384567,
    " Init liasiables properlykaggle": 83.4192872107484,
    " Init varahables properly Pear": 82.90703088045326,
    " Bedecht spicy kicking<h2>Processor detection inc": 82.71620862581725,
    " John Nicppingocus\\[Tool identificationzw": 82.68064089024047,
    " samsiguoetzonneotte refers<h2>Processor survey": 82.27074286471118,
    "aantutzsonneur refers<h2>Processor survey": 81.69798205448845,
    " Initiziate variables properly Univers": 81.44055001023443,
    " Tub outbreak Henri SteveElribes<h5>Processor survey": 79.22591125116321,
    "CS Mo beburocolon water?.<h3>Tool detector": 78.87743979317854,
    " Init vararialables properly Galactic": 78.81326085236451,
    " Treat spr satelliteots properly((": 78.57210890292086,
    " Tub outbreak Frances SteveElribes<h5>Processor survey": 76.43808282490872,
    " Rosa because podcastark<b>Tool identification program": 76.22968887337002,
    " Ludur beauty privilege<h2>Processor detection inc": 76.09320089925366,
    " TFG outbreak Giovanni Zenvenone<p/>Processor survey": 75.27823721857472,
    " MLpeciber being travelity (:<h4> Import hardware": 74.02550294906351,
    " Init liasiables properly Fermi": 73.60733236607949,
    " Brian inspect movie351<b>Tool identification368": 71.70505395865979,
    "ecker91angel899onneje refers<h2>Processor survey": 70.30295228864186,
    " TFG outbreak Lower thyvenris.[Processor Survey": 69.86084806431694,
    " initialize variliaables properlyRece": 68.53188519035177,
    "Init vacaiables properly alien": 67.09909683317537,
    " Init typeasiables properly Fermi": 66.67173827039876,
    "676mine beb wirarray fruit?.<h3>Tool detector": 66.25031382714307,
    " Tub outbreak Henri SteveEl told<h5>Processor survey": 65.94655972692136,
    "484 pronouncediveryiebensohour?.<h3>Tool detector": 65.8137772609917,
    "YY boonica being traveluty (:<h4> Import hardware": 64.54360343911203,
    " lumMINdagzo travel delightful (:<h4> Import hardware": 63.93659143644936,
    " Initnetiate variables properly Univers": 63.505165720340365,
    " squancgon951ugeiasm refer<h2>Processor survey": 63.022536297820146,
    " sam oscillutetzonneotte refers<h2>Processor survey": 61.981714645209344,
    " Heaciy Christmas.ENnumer processors": 58.81681069403187,
    " even Julyl weekend! aqu<h5>Processor": 58.02727518228464,
    "Emmedigt Christmas!amarialize processors": 56.31379962192817,
    "Be displristians!Our finest processor": 55.771745881717536,
    " Deep Julyl weekend! aqu<h5>Processor": 55.460950580610316,
    "Emeligt Christmas!Initialize processors": 53.86723602484472,
    "Desdanery Christmas.denify processors": 53.24230353767216,
    " Init varibiables properly Pacific": 52.49700974076794,
    " Tub outbreak Henri Steve Fel told<h5>Processor survey": 50.510209874589556,
    " Treat privisationots properly Sebast": 49.00882848473694,
    " Enanpsy Christmas! entifying processors": 48.150789900081016,
    " Em posial Christmas.Finding processors": 47.580360518498516,
    " even Julyl weekend! graphic<h5>Processor": 47.4171550094518,
    " Novgruial Christmas.Assing processors": 45.263401296246286,
    " Promsety Christmas!aimng processors": 43.77395355117473,
    " Get devery Indonesia! Yyou processor": 43.41989603024575,
    "Heertainives Christmas.esper Number processors": 43.08631514987847,
    "ruitlapkomngisoError?.<h3>Environment detector": 42.45304801065069,
    " Temoeairy Christmas.amanumber processors": 40.74395760194437,
    "Be proocytfriendlyavirus<h2> Naield Environment": 39.56773643680198,
    " Novgruial Christmas.Assnown processors": 35.57813259519309,
    " gru sess techng tweetsError?.<h3>Environment detector": 34.82947756252032,
    " Hehalyp Christmas.zgainer processors": 34.62113826627059,
    "815ikechecorrect consumerwig?.<h3>Environment detector": 34.495510740989836,
    "484ENiveryiebensohour?.<h3>Tool detector": 31.82344608692212,
    " Healyp Christmas. debe Num processors": 30.985775047258983,
    " Temrdemic Christmas.amanumber processors": 29.887935457736972,
    "815ikhol SciencesisoError?.<h3>Environment detector": 29.289172060525896,
    " Eapaph Christmas!idenfing processors": 24.011018093437755,
    " Gabriel Neuro ML :)Processor identification": 4.05,
    " Be prooytea friendlyoo<h2>measure648 Module": 2.0679824071032096,
    " Loren squaresetti<p/>Processor identification": 2.025,
    " Loren Neuroetti<p/>Processor identification": 2.025,
    " Jak Mc Train :)Processor identification": 1.5750000000000002,
    " Loren janetti<p/>Processor identification": 1.125,
    " Iron pythonik :)Processor identification": 0.45,
    " Train Neuro ML :)Processor identification": 0.45,
    " HR NeuroRL :)Processor identification": 0.225,
    " Do Neuro Train :)Processor identification": 0.225,
    " Vol Neuro Train :)Processor identification": 0.225,
    " Sav Neuro ML :)Processor identification": 0.0,
    " ren NeuroRL :)Processor identification": 0.0,
    " E STAT411oring processor information": 0.0,
    " Hanhir Payacca processor identification": 0.0
}