{
    "My CS Knight socketappend() consulting! Farm food": 93.78911882429637,
    "My CS Knight socketta() consulting! Farm food": 89.34388161776215,
    " My pHilen socketappend() consulting! Indian726": 88.10822061127921,
    "My CS Knight socketappend() consulting! social food": 86.99307309790134,
    "rauka pun batterum!Security Bros": 85.13222305550156,
    " bandass over dem fif \\(ritz$). DNSphony": 84.03084192365976,
    "Daaily gentlemeningsungs..Tls": 84.01203095785651,
    "Devstarium developer!hmen Communicationsumatic": 81.65400157558598,
    "Hamacia97 Gabriel Th DNS resolution Studio": 80.13994192176769,
    "Zensryptruit SSL Ltd": 79.90927858458711,
    "Bakken venture batterum!Security Bros": 77.54773316006475,
    "messageiments pun batterum!Security Bros": 77.46312083850071,
    "Rubelly played MAT!!!Socketlookup": 77.10646781487209,
    " ''Funay footballims''. Ut SSL": 76.07012828297249,
    " Pakolds over dem gut \\(***$). DNS check": 75.75240005951449,
    "Pop our Corncacking adventure gates! Network alive": 75.51163654533852,
    " A splendid Campesc457gency operator! Network Services": 75.42746894839955,
    "American Restaurant cooking!!!! Great proper SSL fiber": 75.30340397955867,
    "Chce supergieft \\(xi!). DNS International": 74.9398724308574,
    " Those great endless SEWrap SQL challenges! Networkename": 74.80926624307027,
    "!'Funquesment Hotel''. Ut SSL": 74.08463266141587,
    "Bet blking SSLerc header today!!!": 73.93926980361937,
    " Sun ace yemen!zesockets ,": 73.29057155413669,
    "heitaabitck Communications! Indian Bro": 71.4413234836275,
    " Woce supergieft \\(May!). DNS International": 71.1137537390066,
    " Jaau Ul obraavo!serviceecurity": 70.6505588514047,
    " Farm greetost specialty!!! SSL": 70.47157421852827,
    "Brazil wine steering!Domain detectionication": 70.06645347807165,
    " ($He coast hazfashion*) Securityians": 69.9606909357364,
    "(\"merzoco Mahfashion\").SSL Box": 69.70199438052465,
    " sucksacking over dem Pac \\(rp$). DNS Commonwealth": 69.30743466736386,
    "Davise465andraides adventure!usive communication SN": 68.82163184094149,
    "Segwalistent greetdings! pHacket": 68.76441373064705,
    " Ship UrUTABI \\( casino!). IP Scout": 68.58132431786242,
    "Damjoyized Growesa Spec consulting! belSocket": 67.27508140240914,
    "&Quacking allowed! TermbibliSSL": 67.23076486443253,
    " Moomon ribbage slots! DNScentric": 67.17447903318192,
    "Active tugam buju! communications fib": 65.9537103243884,
    " Merecken Winicio J DNS resolution!,": 65.55198900529955,
    "Hi consult999eroids<h1> SSLmetic certified": 64.8768889831106,
    " Geschjaatta!jkSSL": 64.71384051664083,
    " Berbeliteockets! Barcelona": 64.52927347597318,
    " Well am IObowcast. Communational": 64.40717648455117,
    " Day codocket! opSSL": 64.27761549853709,
    " Jobakker Lil Steel medicine ;) Portlookup": 62.70970649550804,
    " Day codocket! AthSSL": 60.71908428524987,
    "He tugam buju! communications fib": 60.37703239411667,
    " sickacking over dem funds \\(fest$). DNSastic": 60.10581165039192,
    "hernampsurins''. Security Solutions Michael": 59.446201478917935,
    "Majoy yet Growtha Online consulting! someSocket": 56.85501598806958,
    " baistro Daniel!berSSL": 56.24839211966198,
    "A lazy fever. Tro Arminetmask": 55.313241802566694,
    " Chat NBA! SeloltulszentmersHostlookup": 55.14381449195093,
    " LeumenyourPal drives.SSL": 54.07668214444822,
    " Chifeuous playedagin!!! Portlookup": 53.411180038219996,
    " SunBinksock Transport foam": 53.408462539411154,
    "Ha rain yaar!air Communicationsabil": 52.3797213397297,
    "Life Danda!our hostnamge": 49.09368312144913,
    " Childiful urTTker!!! under SSL": 47.59653216276698,
    " A Banap orange!94adicSSL": 47.22146464993954,
    " Kentucky Glasuler! Communhalecurityium": 47.16430781721138,
    " Lynnden<h5> blockchain expertirth Protection Service": 46.36552141403683,
    "Sheuelhr Patrick Dur DNS resolution award": 46.18346305543276,
    "Ke bal yarks!ogaocket SK": 45.43046088470186,
    "Glreensocketsleep_(anas": 43.659780071589395,
    " Sun Ezuity!As hostnamoe": 42.516432837207226,
    " Hemton loving coffee! eccrenSSL": 39.558688126858755,
    " Hemton loves coffee! eccrenSSL": 38.42211432114777,
    " Cat fishing! muyabs Movie[(ndereslookup": 37.04891867671417,
    " Hero fishing!</span> swain[(ndereslookup": 35.75643010229269,
    " Wellius<h2>SSL expertiseSpecial consulteta": 32.76615556159492,
    "risHykey played BA!!!Socketlookup": 31.246317798789413,
    " sickacking over demthrows \\(antics$). DNSffic": 30.415390688562038,
    " Sport oriented!! Tw794UMCG Indonesia oslookup": 30.184877255659465,
    "PackHub bets wicked!!! Fre InternationalSocket": 28.002052647964895,
    " Gamenga buanas!ige socket": 27.18203449260455,
    "Life BenDev!as hostnamessa": 23.014456388433548,
    " An InfruitZags SSL": 20.08345015489249,
    " Super Sunday!!jesangecraftunnorio Oslookup": 19.974966157582678,
    "American Restaurant cooking!!!! Der proper SSL fiber": 18.400277361615903,
    " lambistro Daniel!berSSL": 14.517770193215691,
    " Mad CS Jam. tweet.\", DNSsup": 12.690818083461336,
    " UNlim Philip<strong>SSL Management!, IT": 12.627664821602728,
    " Car manufacturing!! TwluUMGR Indonesia oslookup": 11.32662439302958,
    " African con115ockets!, Ass": 9.900618838916973,
    " CC aware Muhammad Nurhartimo #[briitalsocket": 9.234043063723508,
    " MelportSSL ([hibock": 8.36236607089105,
    " Car manufacturing!!FT77UMnm Indonesia oslookup": 8.184934362051083,
    " Shopyl horses.specialssl ult CO": 8.168475981774117,
    " Gabriel Infudo RamsubendumonSSL (\"FC": 7.091114537876846,
    " Super burger!!jesangbanterorio Oslookup": 6.495881932535335,
    " Hayerdem Gligartsockets302 (\"": 5.783893675467129,
    "Raykle music creaturecats!!! att SSL": 5.175,
    " Mad dim Jam.</p>\"). DNSQL": 4.969878270501969,
    " einem fishing! ber375ain[( darOSlookup": 4.58585541762489,
    "<h5> As soccer cloudzycovery specialistConn": 3.6,
    " Sun TriDev! Program hostnamized": 3.4279740475531115,
    "ootifeename played forests!!! Portlookup": 3.375,
    " Eug MRmarketung<h5> SSL": 3.3391650512323454,
    " Sarawa ([@130nuTDWRgportlookup": 2.983143036030349,
    "admin!!!}{ANCEange SSL959 certified": 2.9250000000000003,
    " Mamongenza SSLU\\'{": 2.678438897021007,
    "makuting yaar..Net Communications dr": 2.475,
    "Jub ribbage slots! SSL leading": 2.25,
    " Droenguphony Austinioletriel <socket": 1.847850339972238,
    "Be properly Adrianaben retailer!!!SSL Level": 1.5750000000000002,
    "K hoy holiday!!!buckalseocketbind": 1.35,
    " Sunazi >>> capacairoSSL": 1.2600026489109366,
    "BERiful burFORker!!! under SSL": 1.125,
    "Hamacia97 Gabriel Bra DNS resolution Creative": 0.9,
    "<h5> Investment infrastructure SECureLy Nathan CON": 0.675,
    " Securityuty!!fficssl predicting": 0.4604361070641639,
    "Clientette Gust.\\ zur DNSresolution April": 0.45,
    " Friend napeline. gedfiSSL cognitive": 0.3057209595937878,
    " Securityuty!! Atlssl Wel": 0.09777070063694268,
    " Securityuty!! Atlssl Gli": 0.09777070063694268,
    " Hunt Security >>>cioocket Hotel": 0.05,
    " suckandotecker Securityizingampf irgende": 0.0,
    " Czed strong!!!!ecc purposes SSL stream": 0.0,
    " Chat GianAJ MC family! communications securing": 0.0
}