{
    "My CS Knight socketappend() consulting! Farm food": 95.5434653603293,
    "My CS Knight socketta() consulting! Farm food": 91.43764624195795,
    "My CS Knight socketappend() consulting! social food": 90.3811923310015,
    " My pHilen socketappend() consulting! Indian726": 89.84246734586577,
    "rauka pun batterum!Security Bros": 87.48024783944618,
    "Daaily gentlemeningsungs..Tls": 86.90225661984057,
    "Devstarium developer!hmen Communicationsumatic": 85.11555730620664,
    " bandass over dem fif \\(ritz$). DNSphony": 84.81204658184419,
    "Zensryptruit SSL Ltd": 83.34364287176346,
    "Hamacia97 Gabriel Th DNS resolution Studio": 82.09993546863076,
    "Rubelly played MAT!!!Socketlookup": 82.00718646096898,
    " ''Funay footballims''. Ut SSL": 81.13347586996943,
    "American Restaurant cooking!!!! Great proper SSL fiber": 80.89267108839852,
    "Pop our Corncacking adventure gates! Network alive": 80.34626282815391,
    "Bet blking SSLerc header today!!!": 80.26585533735486,
    " Those great endless SEWrap SQL challenges! Networkename": 80.23251804785585,
    "messageiments pun batterum!Security Bros": 79.95902315388969,
    " Pakolds over dem gut \\(***$). DNS check": 79.2248889550161,
    "Bakken venture batterum!Security Bros": 79.21970351118306,
    " A splendid Campesc457gency operator! Network Services": 79.14163216488839,
    "!'Funquesment Hotel''. Ut SSL": 78.70514740157319,
    " Sun ace yemen!zesockets ,": 78.37841283792966,
    "Chce supergieft \\(xi!). DNS International": 78.32208047873046,
    "Brazil wine steering!Domain detectionication": 75.68494830896852,
    " Jaau Ul obraavo!serviceecurity": 75.16728761267188,
    "heitaabitck Communications! Indian Bro": 75.15702609291944,
    " Woce supergieft \\(May!). DNS International": 74.95972637667398,
    " Farm greetost specialty!!! SSL": 74.5239713539203,
    "Segwalistent greetdings! pHacket": 74.29379303405227,
    "Davise465andraides adventure!usive communication SN": 73.30181315660167,
    "(\"merzoco Mahfashion\").SSL Box": 73.2799937561385,
    " Moomon ribbage slots! DNScentric": 73.02719892575769,
    " sucksacking over dem Pac \\(rp$). DNS Commonwealth": 72.95270518595986,
    "&Quacking allowed! TermbibliSSL": 72.75640540492502,
    " Merecken Winicio J DNS resolution!,": 70.8355433392217,
    " ($He coast hazfashion*) Securityians": 69.84521215081821,
    " Ship UrUTABI \\( casino!). IP Scout": 69.36813813095826,
    " Day codocket! opSSL": 69.14179499837452,
    "Damjoyized Growesa Spec consulting! belSocket": 69.0834237804546,
    " Geschjaatta!jkSSL": 69.0709339073787,
    "Hi consult999eroids<h1> SSLmetic certified": 68.36320998123401,
    " Well am IObowcast. Communational": 68.23019609394575,
    "Active tugam buju! communications fib": 68.00412258265376,
    " Berbeliteockets! Barcelona": 67.97697052885908,
    " Jobakker Lil Steel medicine ;) Portlookup": 66.34411832834226,
    " Day codocket! AthSSL": 65.52120476138874,
    "He tugam buju! communications fib": 65.14114710457407,
    " sickacking over dem funds \\(fest$). DNSastic": 62.78423516710214,
    " baistro Daniel!berSSL": 60.2204356885133,
    "hernampsurins''. Security Solutions Michael": 59.88466830990882,
    "Majoy yet Growtha Online consulting! someSocket": 59.838906653410646,
    " Chat NBA! SeloltulszentmersHostlookup": 59.548682768834354,
    " LeumenyourPal drives.SSL": 58.64075793827578,
    " SunBinksock Transport foam": 58.39829171045683,
    "A lazy fever. Tro Arminetmask": 58.23693533618521,
    "Ha rain yaar!air Communicationsabil": 54.75524593303301,
    " Chifeuous playedagin!!! Portlookup": 53.567977820244444,
    " A Banap orange!94adicSSL": 50.801627388821714,
    " Kentucky Glasuler! Communhalecurityium": 50.79367535245709,
    "Life Danda!our hostnamge": 50.159647912721255,
    " Childiful urTTker!!! under SSL": 50.10725795862997,
    " Lynnden<h5> blockchain expertirth Protection Service": 48.683912682263134,
    "Ke bal yarks!ogaocket SK": 48.53384542744651,
    "Sheuelhr Patrick Dur DNS resolution award": 46.64829228381418,
    "Glreensocketsleep_(anas": 46.23308896843266,
    " Hemton loving coffee! eccrenSSL": 42.84298680762084,
    " Sun Ezuity!As hostnamoe": 40.68492537467469,
    " Hemton loves coffee! eccrenSSL": 40.635682579053075,
    " Cat fishing! muyabs Movie[(ndereslookup": 38.83213186301575,
    " Hero fishing!</span> swain[(ndereslookup": 38.45158900254743,
    "risHykey played BA!!!Socketlookup": 33.82924199865491,
    " Wellius<h2>SSL expertiseSpecial consulteta": 32.79572840177213,
    " sickacking over demthrows \\(antics$). DNSffic": 31.794878542846707,
    " Sport oriented!! Tw794UMCG Indonesia oslookup": 30.872085839621633,
    "PackHub bets wicked!!! Fre InternationalSocket": 29.72450294218322,
    " Gamenga buanas!ige socket": 28.868927214005055,
    "Life BenDev!as hostnamessa": 22.90495154270394,
    " An InfruitZags SSL": 21.81494461654721,
    " Super Sunday!!jesangecraftunnorio Oslookup": 21.194406841758532,
    "American Restaurant cooking!!!! Der proper SSL fiber": 20.000308179573228,
    " lambistro Daniel!berSSL": 14.964189103572991,
    " Mad CS Jam. tweet.\", DNSsup": 13.04535342606815,
    " UNlim Philip<strong>SSL Management!, IT": 12.697405357336365,
    " Car manufacturing!! TwluUMGR Indonesia oslookup": 11.529582658921756,
    " MelportSSL ([hibock": 8.6804067454345,
    " African con115ockets!, Ass": 8.500687598796638,
    " CC aware Muhammad Nurhartimo #[briitalsocket": 8.4822700708039,
    " Car manufacturing!!FT77UMnm Indonesia oslookup": 8.316593735612315,
    " Shopyl horses.specialssl ult CO": 7.464973313082352,
    " Super burger!!jesangbanterorio Oslookup": 6.717646591705927,
    " Gabriel Infudo RamsubendumonSSL (\"FC": 6.3790161531964955,
    "Raykle music creaturecats!!! att SSL": 5.75,
    " einem fishing! ber375ain[( darOSlookup": 5.0953949084721,
    " Mad dim Jam.</p>\"). DNSQL": 4.299864745002187,
    " Hayerdem Gligartsockets302 (\"": 4.148770750519032,
    "<h5> As soccer cloudzycovery specialistConn": 4.0,
    "ootifeename played forests!!! Portlookup": 3.75,
    " Eug MRmarketung<h5> SSL": 3.432405612480384,
    "admin!!!}{ANCEange SSL959 certified": 3.25,
    " Sun TriDev! Program hostnamized": 3.0310822750590125,
    " Mamongenza SSLU\\'{": 2.753820996690008,
    "makuting yaar..Net Communications dr": 2.75,
    "Jub ribbage slots! SSL leading": 2.5,
    " Sarawa ([@130nuTDWRgportlookup": 2.37015892892261,
    "Be properly Adrianaben retailer!!!SSL Level": 1.7500000000000002,
    "K hoy holiday!!!buckalseocketbind": 1.5,
    "BERiful burFORker!!! under SSL": 1.25,
    " Sunazi >>> capacairoSSL": 1.122225165456596,
    " Droenguphony Austinioletriel <socket": 1.1087225999691532,
    "Hamacia97 Gabriel Bra DNS resolution Creative": 1.0,
    "<h5> Investment infrastructure SECureLy Nathan CON": 0.75,
    "Clientette Gust.\\ zur DNSresolution April": 0.5,
    " Securityuty!!fficssl predicting": 0.2893734522935154,
    " Friend napeline. gedfiSSL cognitive": 0.2841343995486531,
    " Securityuty!! Atlssl Wel": 0.05307855626326964,
    " Securityuty!! Atlssl Gli": 0.05307855626326964,
    " Hunt Security >>>cioocket Hotel": 0.0,
    " suckandotecker Securityizingampf irgende": 0.0,
    " Czed strong!!!!ecc purposes SSL stream": 0.0,
    " Chat GianAJ MC family! communications securing": 0.0
}