{
    " Input hin beauty yielding Girl(\". Applying Protarant pattern": 91.94536251378209,
    " criteria re complexityUSER(\" Hugo clean imports": 91.40507773865569,
    "it animals rose yielding jaw(\". Applying Protarant pattern": 90.93764467955918,
    " it animals rose yielding did(\". Applying Protarant pattern": 90.08986860369713,
    "ive bathroom bombs hydrogen yeah(\". Applying Protarant pattern": 90.08922710283106,
    "Input hin curious yielding Girl(\". Applying Protarant pattern": 88.6375896802558,
    "andis married genaldo_. Applying Protarant pattern": 88.48012224551964,
    "ive bathroom bombs film yeah(\". Applying Protarant pattern": 88.00932992873742,
    "Now ensure code standardsarti sheep": 86.08425054741292,
    " itself girls swept yielding behave(\". Applying Protarant pattern": 85.92983133833644,
    "Content girls mort yielding behave(\". Applying Protarant pattern": 84.85003255236329,
    "fe coffee rose yielding anim(\". Applying Protarant pattern": 84.22756290733457,
    "we ensure programming standards Marc017": 84.17106641026125,
    "on re complexityUSER(\" Hugo clean imports": 79.69510501899819,
    " Croat Task classificationUSER(\" Hugo clean imports": 77.85147685385066,
    " game TreeumUSER(\" Hugo clean imports": 72.3807211746028,
    " h TreeuminUSER(\" Hugo clean imports": 70.95384922020534,
    " Checkstyle guidelines Ho Mohammed Gamina": 65.20467214566946,
    " triangle BhunterUSER(\" Hugo clean imports": 63.37448165629176,
    " Checkstyle guidelinesff John Gamaille": 60.43523649270431,
    "ay ArkirusUSER(\" Hugo clean imports": 59.51479932779584,
    " SAARGopherUser(\" Hugo clean imports": 58.026296160283195,
    " Checkstyle guidelinesasper AWS Manager Male": 50.89896524766458,
    " Checkstyle guidelinesfc John Gamaille": 50.49841301853722,
    "Bo ensure programming standardskommhuman": 46.22189084078841,
    " VA aveuumUSER(\" Hugo clean imports": 45.61093514296379,
    "O ensure programming standardskomminf": 41.55600369643481,
    " Ta maintain code standards Remember ident": 41.443770157094185,
    "mand Follow coding standard COPYatte": 39.787225153989446,
    "Check fot glory! RSimplecovour dressaning": 39.625500325953645,
    " ot TaskopherUser(\" Hugo clean imports": 36.59136197023931,
    "must ensure programming standards Headcep": 34.72150790975126,
    "Comment.\\bruhu Code coverage": 31.653422900351067,
    "An intrrogrough Code coverage": 22.742757163670014,
    " # calculate Unitedited Code coverage": 20.0580560863889,
    "Ang wMockomed Code coverage": 5.625,
    " Checkstyle guidelines appropriate Marshall Snaron": 5.4,
    " Checkstyle guidelinesitto John Gamaille": 4.5,
    " Checkstyle guidelines repay AWS Manager Emp": 4.05,
    " Check fot glory! RSimplecovour dressering": 2.9250000000000003,
    "Comment.\\bruahr Code coverage": 2.9250000000000003,
    " Comment.\\bruiel Code coverage": 1.8,
    ".Checkstyle guidelines966 Fashion SonsPy": 1.8,
    ". Follow coding standard Copy employee": 0.9,
    " should maintain code standards klar environment": 0.9,
    "Be our sister! {'glthreatpositoryempzip": 0.9,
    "Check fot glory! theeSimplecovour dressatin": 0.9,
    " SU.\" Hadhe Code coverage": 0.9,
    "Pal Indian poker.\"Multplicateository management": 0.675,
    " entre Un ChristopherOb Code coverage": 0.45,
    "mand Follow coding standard COPYfun": 0.225,
    "Be Pantrim!!! (`Multios progEnvzip": 0.225,
    "Be marsecht! Octushi.[ reunpack elf": 0.225,
    " Comment.\\bkitt Code coverage": 0.225,
    "Be Pantkeep!!! (`Multios progEnvzip": 0.0,
    "Caruns costume! verdalkbackendefgitomon": 0.0,
    " S AG Shah.966912covgeneAn ethical": 0.0,
    "Wohing sunny!!! unknown passenger Social progUNzip": 0.0,
    " HEEith pork Code coverage": 0.0,
    " Checkstyle recommendationsiba AWS Manager Zach": 0.0
}