{
    " Input hin beauty yielding Girl(\". Applying Protarant pattern": 94.82818057086897,
    "it animals rose yielding jaw(\". Applying Protarant pattern": 94.20849408839909,
    "ive bathroom bombs hydrogen yeah(\". Applying Protarant pattern": 93.93247455870117,
    " it animals rose yielding did(\". Applying Protarant pattern": 93.71096511521901,
    "andis married genaldo_. Applying Protarant pattern": 93.70013582835514,
    " criteria re complexityUSER(\" Hugo clean imports": 93.28341970961743,
    "ive bathroom bombs film yeah(\". Applying Protarant pattern": 93.17703325415268,
    "Input hin curious yielding Girl(\". Applying Protarant pattern": 91.65287742250645,
    "we ensure programming standards Marc017": 90.96785156695697,
    "Now ensure code standardsarti sheep": 90.37138949712548,
    "fe coffee rose yielding anim(\". Applying Protarant pattern": 90.03062545259395,
    "Content girls mort yielding behave(\". Applying Protarant pattern": 89.05559172484811,
    " itself girls swept yielding behave(\". Applying Protarant pattern": 88.69981259815161,
    " Croat Task classificationUSER(\" Hugo clean imports": 84.33497428205627,
    "on re complexityUSER(\" Hugo clean imports": 83.99456113222021,
    " game TreeumUSER(\" Hugo clean imports": 79.31191241622533,
    " h TreeuminUSER(\" Hugo clean imports": 76.44872135578372,
    " triangle BhunterUSER(\" Hugo clean imports": 69.24942406254641,
    " Checkstyle guidelines Ho Mohammed Gamina": 68.11630238407717,
    " Checkstyle guidelinesff John Gamaille": 65.15026276967146,
    "ay ArkirusUSER(\" Hugo clean imports": 64.96088814199538,
    " SAARGopherUser(\" Hugo clean imports": 63.97366240031465,
    " Checkstyle guidelinesasper AWS Manager Male": 55.83218360851619,
    " Checkstyle guidelinesfc John Gamaille": 54.38712557615246,
    " VA aveuumUSER(\" Hugo clean imports": 50.34548349218199,
    "Bo ensure programming standardskommhuman": 46.91321204532046,
    " Ta maintain code standards Remember ident": 44.77085573010465,
    "O ensure programming standardskomminf": 44.062226329372,
    "Check fot glory! RSimplecovour dressaning": 42.80611147328183,
    "mand Follow coding standard COPYatte": 40.20802794887716,
    " ot TaskopherUser(\" Hugo clean imports": 40.04595774471035,
    "must ensure programming standards Headcep": 37.85723101083473,
    "Comment.\\bruhu Code coverage": 34.00380322261229,
    "An intrrogrough Code coverage": 25.214174626300014,
    " # calculate Unitedited Code coverage": 22.12006231820989,
    "Ang wMockomed Code coverage": 6.25,
    " Checkstyle guidelines appropriate Marshall Snaron": 6.0,
    " Checkstyle guidelinesitto John Gamaille": 5.0,
    " Checkstyle guidelines repay AWS Manager Emp": 4.5,
    " Check fot glory! RSimplecovour dressering": 3.25,
    "Comment.\\bruahr Code coverage": 3.25,
    " Comment.\\bruiel Code coverage": 2.0,
    ".Checkstyle guidelines966 Fashion SonsPy": 2.0,
    ". Follow coding standard Copy employee": 1.0,
    " should maintain code standards klar environment": 1.0,
    "Be our sister! {'glthreatpositoryempzip": 1.0,
    "Check fot glory! theeSimplecovour dressatin": 1.0,
    " SU.\" Hadhe Code coverage": 1.0,
    "Pal Indian poker.\"Multplicateository management": 0.75,
    " entre Un ChristopherOb Code coverage": 0.5,
    "mand Follow coding standard COPYfun": 0.25,
    "Be Pantrim!!! (`Multios progEnvzip": 0.25,
    "Be marsecht! Octushi.[ reunpack elf": 0.25,
    " Comment.\\bkitt Code coverage": 0.25,
    "Be Pantkeep!!! (`Multios progEnvzip": 0.0,
    "Caruns costume! verdalkbackendefgitomon": 0.0,
    " S AG Shah.966912covgeneAn ethical": 0.0,
    "Wohing sunny!!! unknown passenger Social progUNzip": 0.0,
    " HEEith pork Code coverage": 0.0,
    " Checkstyle recommendationsiba AWS Manager Zach": 0.0
}