{
    "180\". Use efficient code structures.yerriz Spin": 97.48790608750696,
    " A clopiful cocktail. ShererebootMan": 97.11699474173979,
    " A woodckerful cocktail.aniareboot================": 96.78742274726466,
    "}]']. Use efficient querizations.Me Sydney crashed": 93.87728257859438,
    "...\"). Use efficient querizations. Az Victor crashed": 93.37467447636708,
    "}\"']. Use efficient querizations.Me Sydney crashed": 92.83281613633979,
    "...\"). Use efficient querizations. Azison crashed": 91.04248311319277,
    " l\". Use efficient optimination.<h2> Alexa crash": 90.69138777131987,
    " A woodckerful cocktail.miareboot================": 90.18823143913266,
    " ]']. Use efficient querizations. AS Sydney crashed": 88.68965196062412,
    "=`)). Use efficient transizations.A IBM crashed": 88.55003818559922,
    "Amonoferiden bets!<h2>ROMbus rebuild": 87.08503520127424,
    " A FIstiful cocktail.phinirebootMan": 86.77579708138178,
    "An Romipherful cocktail.ritrebootPH": 86.5622875066008,
    " sdplayeracularleep take control! $('#": 85.83853571987596,
    "vect\". Use efficient optimination.<h2> Alexa crash": 85.62064335854386,
    "d$. Use efficient code structures. ntrolled Burn": 85.19751182979543,
    "The ultimate celProb moment. Sahautorestart Sep": 82.54852727432227,
    " Bonapudgeacon take control! Bir": 81.52461835901687,
    "Security guy!!!! REgestart}^{( Mental": 81.45220599238698,
    " CRRAinzilly take control! Most": 81.1451093621801,
    "...\"). Use efficient querizations. Fu Island crashed": 80.33361485179,
    " A clArmiful cocktail.anneerebootvelop": 80.27516061172643,
    "ah\". Use efficient procedure structures.nto activate Spin": 80.17217615773748,
    "l$, Use efficient optimination.<h2> Alexa crash": 80.02705084188926,
    " ResNETacularhem take control!(\"#": 79.0517235121807,
    "180\". Use efficient arc structures.nto activate Spin": 78.34922179640884,
    "]'). Use efficient querizations.herr Sydney crashed": 78.01595788231612,
    "The ultimate celProb moment. Hoautorestartitem": 78.01007287085184,
    "]']. Use efficient querizations.#### Sydney crashed": 77.76481300236854,
    "180\". Use efficientorems structures.yerriz Spin": 76.7344375192433,
    " Dr fraud!!!! REiqustartmercial '-": 76.579321896001,
    " A clopiful cocktail.scrrebootMan": 76.03217872064482,
    " BellGBFFonym take control! quantum": 75.96718111154496,
    " Campguard!!!! REgestart$_{\\delta": 75.08590654676618,
    " che\". Use efficient optimination.<h2> Alexa crash": 74.45987661063245,
    "A Bast Philalone moment. sabrestartannot": 74.13427372538364,
    "message. Use efficient querizations. Cons thee crashed": 73.97253212664546,
    " sbRNMatchacon take control! Blue": 73.95800573128001,
    "150\". Use efficientmentation structures.nto activate Spin": 73.70739639576105,
    " `)). Use efficient synizations.A IBM crashed": 73.58008233984839,
    "180\". Use efficientavior structures.nto activate Spin": 73.34371575981602,
    "=\\=. Use efficient querizations. Cons thee crashed": 72.41627768670952,
    " Any Romnful cocktail. WtrebootPH": 71.9134952981831,
    "Handle renewal automation<h3>Restartietalopher": 71.46766810694032,
    "Permission renewal automation<h3>Restartietalicode": 71.16043658008398,
    "180\". Use efficientorems structures.yer activate Spin": 71.150874140609,
    "150\". Use efficient invasion structures.nto activate Spin": 70.12327941194178,
    " Marett BI HERE take control spl&#": 70.04045867440928,
    " A Lara HerOf moment.uceurestart Indian": 69.95544501703732,
    " A clopiful cocktail. Shererebootvelop": 69.42076518264584,
    "==. Use efficient querizations. Cons thee crashed": 68.90903295830029,
    "...\"']. Use efficient querizations.Method Sydney crashed": 68.67953011072105,
    " Got ultimate obtenatorio moment.MIorestartMD": 68.47885747655113,
    "150\". Use efficientidity structures.nto activate Spin": 68.3518230613498,
    ".My Cruamping Liver.eh783brew support": 68.27734420017511,
    " RHRAinzandroid take control!!! Bank": 67.94513546427325,
    "55\". Use efficient branencing. ntrolled Sup": 67.83212772050894,
    " sbmozMatisode take control! Covid": 67.04123309384197,
    " sbAnnMatchacon take control! These": 66.27666653479447,
    " LA renewalduc<h2>Restart Kumar (@": 66.05967845833385,
    "Sam Chqeommes bets!<h3>Termomial rebuild": 65.59827455273827,
    "=\\=. Use efficient querizations.ARTCI crashed": 64.71061000634707,
    " Carlo Of recovery!SubTech": 64.66399945129703,
    " CA Security! A good boot": 63.026384442980465,
    " instBMNumberingham take control! Isa": 62.947195594551495,
    " A Heatriiful cocktail.hallereboot \"{": 62.54214486102678,
    "180\". Use efficientclusions structures.nto activate Spin": 62.04803000149646,
    "Sam Challeommes bets!<h3> voltomial rebuild": 61.30528225522085,
    " (\\)). Use efficient transizations.A IBM crashed": 61.20330090424187,
    "Security chuck!!!! REgestart}^{( Mental": 61.18121720037635,
    " BellepezFWonym take control! Bir": 61.0812145772665,
    " Kayemo!!!! performing Sidweduler restart WITHOUT_{\\": 60.41458780193715,
    " CRBSencodeingham take control! IMP": 59.62619975024554,
    " pancMonthBitinny take control! Cons": 58.653301162252674,
    " SynXGfishycl take control! Four": 57.96293997292607,
    " A FIstiful cocktail.mgireboot Rud": 56.86855931926429,
    "Handle renewal workflow<h3>Restart Kumar (@": 56.80297434856572,
    " Rat battle!!!! REgestart}^{(454": 56.57628166867629,
    " CRRAinzvr take control! Most": 56.53824829583863,
    " sbheidMatchacon take control! Blue": 54.89805567357162,
    "180\". Use efficientedy structures.nto activate Spin": 54.83618051123981,
    " Luc Timothy freelance<h5>AppLOCK": 53.437872890116644,
    "Bad cooking lekrylein!!!'\\upp Recovery Services": 53.38004940046889,
    " A ratostiful cocktail.INrrebootMan": 53.27486626439915,
    " A QualOUiful cocktail.anneereboot numerous": 52.81382404695108,
    " An ultimate mptr moment.MIorestartMD": 52.44289094227266,
    " sdplayeraculariy take control! Brand": 52.26437064284253,
    " RHRAinzhol take control!!! would": 51.49540469854878,
    "bernTupleBitivi take control! quantum": 51.34407555588428,
    " RHRAinzandroid take control!!! Hamiltonian": 50.65467283369828,
    "150\". Use efficient Dy structures.nto activate Spin": 50.53045985265864,
    " Dr mineral!!!! REatrstartorp=\"../../": 49.807495858926565,
    "180\". Use efficientequence structures.nto activate Spin": 49.5627395845338,
    " AUT renewalhu<h3>Restart Kumar (@": 49.34248775738728,
    " Epstick recovery! ONE IBM": 49.29462804302244,
    " t$, Use efficient optimination.<h2> Alexa crash": 48.92040069938129,
    " A Tonckerful cocktail.ydrebootcent": 48.32178445433295,
    "243`. Use efficient optimination.The Alexa crash": 47.38632310521165,
    "but Crist Veics baby!!! summononing Recovery SU": 44.60801372961501,
    "ht`. Use efficient optimination. An Alexa crash": 44.08520789650672,
    "]_. Use efficient optimination.An Alexa crash": 42.77354481905703,
    " bary Job automation<h4>Restart Society=\"#": 42.37985124817027,
    " sbheidMatchacon take control! Social": 42.32615231925912,
    "but Crist Veics baby!!! summononing Recovery Engine": 42.11685477087781,
    " razodingVertexlection take control! Unless": 41.41861999480538,
    "Kubonaut!mart('#Restart initiated below": 39.83386052107862,
    " Got ultimate obtenania moment.MIorestartMD": 38.64572114880172,
    " Leon miggiele bets!mi Systems crusher rebuild": 37.75449648331272,
    "s}$. Use efficientenes structures.TO activate Spin": 37.349785076999034,
    " Mix sympnful cocktail.UReboot wrote": 37.09081571836229,
    " Jeremy Au< Windows Suppeneruated berzy[-": 34.92271720639661,
    " YOUR miggiele bets!mi Systems crusher rebuild": 34.15157068378024,
    " A Sigypefer moment.desrestartrodu": 33.73644041412454,
    ":}$. Use efficient optimination.The Alexa crash": 33.72021471659233,