{
    "<br/>Breathririge moment!<h2> Guuster": 100.0,
    "<br/>Breathririge moment!<h2> Guusive": 100.0,
    "<br/>Breathririge moment!<h2> Guube": 100.0,
    " its chill :)<h3>Work SEO compleater": 100.0,
    " Go SGunalutely browsing!!!": 100.0,
    "<br/>Breathririge moment!<h2> Guuki": 99.8398204416801,
    " Donald chill :)<h3>Work SEO compleater": 99.8398204416801,
    "cristakuaisy goes Google": 99.80969621807762,
    "Use WebGoogle api!!!Our human<br>": 99.7898204416801,
    "christakuundefined goes Google": 99.74951665975772,
    "Use WebGoogle api!!! Creating human<br>": 99.73982044168011,
    "keathbral24<p> Google": 99.69951665975772,
    " Joyath06124<p> Google": 99.67964088336021,
    "---My Suueliday Back!!! with GUU": 99.65,
    " keathviludo<p> Google": 99.64951665975772,
    " christakuaisy goes Google": 99.61716313679217,
    "keath06124<p> Google": 99.60921287783533,
    "yathpal24<p> Google": 99.60174595912079,
    "!!UseingGoogle api!!! Treeowl": 99.58577655232202,
    " keath479304<p> Google": 99.53933710143781,
    "<br/>Breathfull my forever! Anything Gogle": 99.51723202567725,
    "!Useing Google api!!! Treeowl": 99.49379570016391,
    "keathail304<p> Google": 99.48933710143781,
    "keathvil304<p> Google": 99.48933710143781,
    "!!!Use WebGoogle api!!! Creating mood": 99.46723202567725,
    "sharoncheech Query Google": 99.4194613250403,
    " sharonliech Query Google": 99.35928176672039,
    "ichristakuaisy goes Google": 99.34379570016392,
    "Hristakuaisy goes Google": 99.33885376119552,
    " Use WebGoogle api!!! Creating human<br>": 99.31723202567724,
    " sharonliamel Query Google": 99.30928176672039,
    "keathvil341<p> Google": 99.23138684248096,
    "!Use a Google api!!! Treeowl": 99.15133150776356,
    " !!Useing Google api!!! Treeowl": 99.13090350223868,
    "Use WebGoogle functions!!!Our human<br>": 99.1007792786362,
    " christisandy goes Google": 98.92867420287561,
    " Use WebGoogle api!!! Creating human": 98.89910220840048,
    "---My Suueliday day!!! with GUU": 98.87741158399714,
    "<br/>Breathririge moment! Making Guela": 98.73168252286406,
    "@amarbash042 Virtual browser": 98.69638956879513,
    "chyaliamel Query Google": 98.6592817667204,
    "@amarhir072 Virtual browser": 98.63892265008059,
    "<br/>Breathririge moment!<h2> Guulus": 98.59075788094005,
    " Navgeerves cerendar!!!": 98.58811387220896,
    "sharonloillo Query Google": 98.4889226500806,
    "<br/>Breathririge moment!<h2> Guoted": 98.16518526895906,
    "Navugerves cerendar!!!": 98.11646263745527,
    "@amarhir015 Virtual browser": 98.10615467575782,
    ":mrhirayan Virtual browser": 98.08331508623581,
    " abaronmadillo queries Google": 98.02079283280385,
    " abhinosaisy goes Google": 98.00017716741976,
    "<br/>Breathfull my forever! Any Gogle": 97.93553901037376,
    "Go SGunalulations browsing!!!": 97.83921833046368,
    "---My Suueliday Me!!! with GUU": 97.74687290903744,
    "Umech greenearch browsing!!!": 97.64560517294464,
    " @amarShader015 Virtual browser": 97.44025415784412,
    " ---My Suueliday day!!! with GU lang": 97.18669335071752,
    " Use WebGoogle api!!! Our speech": 97.15525688415832,
    ".....Useing Google api!!! Treeowl": 97.11834637434617,
    "<br/>Breathririge moment!<h2> GuANC": 97.06160833615712,
    " Jeifyaisy goes Google": 96.93482887863344,
    " Chat miSTrloming!!!": 96.82313041070158,
    "Omgaryounagi browsing!!!": 96.76161934461815,
    " ---My Suueliday Me!!! with GUU": 96.70909410686119,
    "<br/>Breathfull meal forever! Any Gogle": 96.61372987300709,
    ".....Use WebGoogle api!!! Creating foods": 96.52729307103382,
    " Use WebGoogle api!!! Our breathing": 96.52200556959328,
    "####Useing Google api!!! Treeowl": 96.4925917357419,
    "<br/>Breathfullive forever! Any Gogle": 96.44601450708757,
    "...Use WebGoogle api!!! Creating mood": 96.39236468623305,
    "---My Suueliday da!!! with GU lang": 96.30121273678944,
    "yarthpal24=# Google": 96.07814149656589,
    " Use WebGoogle api!!! Creating speech": 95.94188134599078,
    "emohammed :)<p>Work SEO Nikactor": 95.79169368613158,
    "<br/>Breathhet mealzy! Any Gogle": 95.68836018652462,
    "lEnjoy Movagle!!!": 95.53048367565636,
    " yathpal24=# Google": 95.25947819894698,
    " Sararthpal24=# Google": 95.19629032063862,
    "je chill :)<h3>Work SEO complehtm": 95.14181245710571,
    "<br/>Breethiit moment! Making Guela": 94.74181271511651,
    " ozhammed :)<p>Work SEO Brian758": 94.44656699422572,
    "I chill :)<h3>Work SEO complehtm": 94.1510942238261,
    "nMy interestements is go!!! UN Tech Prof": 94.1278849478216,
    " zoohammed :)<p>Work SEO Brian758": 94.01559511912359,
    " go chill :)<h3>Work SEO complehtm": 93.7995251741143,
    "<br/>Breathhet meal moment! Any Gogle": 93.51383840955259,
    " je chill :)<h3>Work SEO complehtm": 93.19029380550458,
    "GEnjoy Movagle!!!": 92.92880174621713,
    " Unaathvilaisy goes Google": 92.87189643102253,
    "<br/>Breathhet meal forever! Any Gogle": 92.59570859227584,
    "</p>rahreeayan Virtual browser": 92.40375723935318,
    " GEnaljoy cerendar!!!": 92.28872501380359,
    ": pbhirayan Virtual browser": 92.06873584165704,
    "<br/> Methholiday mode!(\"# GUC": 91.80642399603695,
    "---My Suueliday am!!! withGR Class": 91.53791597792116,
    "<br/>Breathfullrive forever! Any Gogle": 91.46231412471555,
    " Ron chill :)<h3>Work SEO complehtm": 91.45216969886698,
    "<br/>Breethiige moment! Making Guela": 90.68936113944451,
    " ben chill :)<h3>Work SEO complehtm": 90.32721472175254,
    "<br/>Breethiiday mode! Making Guela": 90.21210797408195,
    "!!UseGGoogle api!!! ({owl": 90.07015150394498,
    " Rey chill :)<h3>Work SEO complehtm": 89.79035245996104,
    " Roy chill :)<h3>Work SEO complehtm": 89.72181356655217,
    "---My Suueliday day!!! with GUgl": 89.66013870660903,
    " Tony chill :)<h3>Work SEO complehtm": 88.27033942181498,
    " aathvilaga tells Google": 87.77357827445815,
    "Surghdeepayan Mini browser": 86.92525160353716,
    "---My Suueliday goes!!! UNWOCLASS": 86.71037590454289,
    " wie chill :)<h3>Work SEO complehtm": 86.4107568574972,
    "<br/>Breathientyn moment! Building Goggle": 85.40621324421068,
    "<br/>Breetoriday mode! Making Guela": 84.261086294294,
    "<br/> Methholiday mode!irst GUC": 83.43897584330833,
    " superherohammed :)<p>Work SEO Brian autom": 81.89345022369537,
    "---MySuueliday go!!! UNWOCLASS": 80.63259003287057,
    " Hey chill :)<p>Work SEO complehtm": 79.981509956637,
    "ozhammed :)<p>Work SEO Brian autom": 79.58880422312086,
    "</br> Metheholiday mode!irst GUC": 78.24519054958023,
    "parghdeepayan Mini browser": 78.0283828656744,
    "</br> Methholiday mode!irst GUC": 76.50187870568018,
    " Buch chill :)<h3>Work SEO complehtm": 74.76428107009122,
    "Smilers :)<p>Work SEO Brian autom": 72.46603128639028,
    "Smiles :)<p>Work SEO Brian autom": 69.59706181594886,
    "<br/>Breathhetolic moment! Building Goggle": 68.34331124187483,
    ".Use WebGoogle api!!! Creating breathing": 66.80289316116558,
    "...My interestovers is go!!! UN photo art": 65.74167756045624,
    "nMy interestements is go!!! UNWOCLASS": 63.498000889277236,
    "<br/>Breethiit down! Making Guela": 55.491539180660894,
    "<br/>Breathhet meal moment! Building Goggle": 54.377881851691946,
    " parghdeepayan Mini browser": 53.67554079064831,
    "Ha un turnolidayum!!!ternal GUC": 53.40213147026598,
    ".....Use WebGoogle api!!! Creating breathing": 47.363267990663445,
    " Hermhammed :)<p>Work SEO Brian autom": 44.4679911364688,
    "<br/>Breathithicated moment! Building Goggle": 44.3090471918964,
    "y chill :)<p>Work SEO comple autom": 43.92768546246717,
    "<br>My interesttor is go!!! UN photo inst": 38.053621568671296,
    "------My interestovers is go!!! UNWin art": 35.624284106018365,
    "---My Suueliday am!!! with GU converting": 21.947821872780032,
    " Mamirs :)<p>Work SEO Brian autom": 4.95,