{
    "<br/>Breathririge moment!<h2> Guuster": 100.0,
    "<br/>Breathririge moment!<h2> Guusive": 100.0,
    "---My Suueliday Back!!! with GUU": 100.0,
    "<br/>Breathririge moment!<h2> Guube": 100.0,
    " its chill :)<h3>Work SEO compleater": 100.0,
    " Go SGunalutely browsing!!!": 100.0,
    "cristakuaisy goes Google": 99.89966246453068,
    " christakuaisy goes Google": 99.85240348532463,
    "<br/>Breathririge moment!<h2> Guuki": 99.82202271297788,
    " Donald chill :)<h3>Work SEO compleater": 99.82202271297788,
    "Use WebGoogle api!!! Creating human<br>": 99.82202271297788,
    "Use WebGoogle api!!!Our human<br>": 99.82202271297788,
    "keathbral24<p> Google": 99.72168517750856,
    " keathviludo<p> Google": 99.72168517750856,
    "christakuundefined goes Google": 99.72168517750856,
    "---My Suueliday day!!! with GUU": 99.69712398221904,
    "yathpal24<p> Google": 99.6686066212453,
    " Joyath06124<p> Google": 99.64404542595577,
    "keath06124<p> Google": 99.62134764203925,
    "keathail304<p> Google": 99.54370789048646,
    "keathvil304<p> Google": 99.54370789048646,
    " keath479304<p> Google": 99.54370789048646,
    "!!UseingGoogle api!!! Treeowl": 99.53975172480224,
    "<br/>Breathfull my forever! Anything Gogle": 99.51914669519692,
    "!!!Use WebGoogle api!!! Creating mood": 99.51914669519692,
    " Use WebGoogle api!!! Creating human<br>": 99.51914669519692,
    "sharoncheech Query Google": 99.46606813893366,
    "ichristakuaisy goes Google": 99.43755077795991,
    "!Useing Google api!!! Treeowl": 99.43755077795991,
    "keathvil341<p> Google": 99.31265204720107,
    " sharonliech Query Google": 99.28809085191155,
    "chyaliamel Query Google": 99.28809085191155,
    " sharonliamel Query Google": 99.28809085191155,
    "Hristakuaisy goes Google": 99.26539306799502,
    "---My Suueliday Me!!! with GUU": 99.1631921211527,
    "<br/>Breathririge moment! Making Guela": 99.1463139142934,
    "Use WebGoogle functions!!!Our human<br>": 99.11197697626244,
    " Use WebGoogle api!!! Creating human": 99.11011356488943,
    " christisandy goes Google": 99.08741578097292,
    "!Use a Google api!!! Treeowl": 99.05703500862617,
    " !!Useing Google api!!! Treeowl": 99.03433722470965,
    " ---My Suueliday day!!! with GU lang": 98.98521483413059,
    "@amarhir072 Virtual browser": 98.93213627786733,
    "sharonloillo Query Google": 98.93213627786733,
    "@amarbash042 Virtual browser": 98.88487729866128,
    " Navgeerves cerendar!!!": 98.8756820802322,
    " ---My Suueliday Me!!! with GUU": 98.84343789651244,
    "Go SGunalulations browsing!!!": 98.76579814495965,
    " abaronmadillo queries Google": 98.52310314755982,
    ":mrhirayan Virtual browser": 98.48146120692869,
    "@amarhir015 Virtual browser": 98.45128297306425,
    "<br/>Breathririge moment!<h2> Guulus": 98.43417542326674,
    "---My Suueliday da!!! with GU lang": 98.27912526309936,
    "Navugerves cerendar!!!": 98.1849584860614,
    "<br/>Breathririge moment!<h2> Guoted": 98.07242807662118,
    " abhinosaisy goes Google": 98.05575240824419,
    " @amarShader015 Virtual browser": 97.98917128649349,
    "<br/>Breathfull my forever! Any Gogle": 97.98393223374862,
    ".....Use WebGoogle api!!! Creating foods": 97.91921452337091,
    "Umech greenearch browsing!!!": 97.82845019216072,
    "Omgaryounagi browsing!!!": 97.62402149402018,
    " Use WebGoogle api!!! Our speech": 97.56139653795368,
    " Jeifyaisy goes Google": 97.53869875403716,
    "lEnjoy Movagle!!!": 97.4783151951737,
    "<br/>Breathririge moment!<h2> GuANC": 97.23512037350791,
    "je chill :)<h3>Work SEO complehtm": 97.21312495233968,
    ".....Useing Google api!!! Treeowl": 97.1870515270513,
    "...Use WebGoogle api!!! Creating mood": 97.15818298470342,
    "<br/>Breathfullive forever! Any Gogle": 96.99557167454174,
    " Use WebGoogle api!!! Creating speech": 96.87986816221196,
    " Chat miSTrloming!!!": 96.85903378966846,
    " Use WebGoogle api!!! Our breathing": 96.80222841065917,
    "<br/>Breathfull meal forever! Any Gogle": 96.79303319223008,
    "I chill :)<h3>Work SEO complehtm": 96.50121580425122,
    "emohammed :)<p>Work SEO Nikactor": 96.43521520681286,
    "####Useing Google api!!! Treeowl": 96.3251019286021,
    " ozhammed :)<p>Work SEO Brian758": 95.94062999358412,
    " go chill :)<h3>Work SEO complehtm": 95.88836130457143,
    "<br/>Breethiit moment! Making Guela": 95.71312523901834,
    " je chill :)<h3>Work SEO complehtm": 95.71143756167174,
    "yarthpal24=# Google": 95.6979349961843,
    "<br/>Breathhet mealzy! Any Gogle": 95.59817798502735,
    "nMy interestements is go!!! UN Tech Prof": 95.5865388309129,
    " zoohammed :)<p>Work SEO Brian758": 95.23955013235954,
    "---My Suueliday am!!! withGR Class": 95.04212886435684,
    "GEnjoy Movagle!!!": 95.03200194024124,
    " yathpal24=# Google": 94.89942022105218,
    " Unaathvilaisy goes Google": 94.80210714558059,
    " Sararthpal24=# Google": 94.66254480070958,
    "</p>rahreeayan Virtual browser": 94.61528582150353,
    "<br/>Breathhet meal moment! Any Gogle": 94.18204267728065,
    " GEnaljoy cerendar!!!": 94.09858334867064,
    "<br/>Breathhet meal forever! Any Gogle": 93.77300954697316,
    ": pbhirayan Virtual browser": 93.68748426850783,
    " Ron chill :)<h3>Work SEO complehtm": 93.44685522096331,
    "---My Suueliday day!!! with GUgl": 93.23348745178781,
    "<br/>Breathfullrive forever! Any Gogle": 92.73590458301726,
    "<br/> Methholiday mode!(\"# GUC": 92.06269332892995,
    " Rey chill :)<h3>Work SEO complehtm": 91.9892805110678,
    " ben chill :)<h3>Work SEO complehtm": 91.86357191305838,
    "<br/>Breethiige moment! Making Guela": 91.43262348827167,
    " Roy chill :)<h3>Work SEO complehtm": 91.41312618505796,
    "<br/>Breethiiday mode! Making Guela": 91.23567552675773,
    "!!UseGGoogle api!!! ({owl": 91.13350167104998,
    " Tony chill :)<h3>Work SEO complehtm": 90.57815491312776,
    "Surghdeepayan Mini browser": 89.80583511504128,
    " wie chill :)<h3>Work SEO complehtm": 89.51195206388577,
    "---My Suueliday goes!!! UNWOCLASS": 89.1781954494921,
    " aathvilaga tells Google": 88.13730919384237,
    "<br/>Breathientyn moment! Building Goggle": 87.61801471578964,
    "<br/> Methholiday mode!irst GUC": 86.65441760367591,
    "<br/>Breetoriday mode! Making Guela": 86.62342921588223,
    "---MySuueliday go!!! UNWOCLASS": 84.59176670318953,
    " superherohammed :)<p>Work SEO Brian autom": 84.2705002485504,
    " Hey chill :)<p>Work SEO complehtm": 83.20167772959665,
    "ozhammed :)<p>Work SEO Brian autom": 82.93200469235651,
    "</br> Metheholiday mode!irst GUC": 82.49465616620024,
    "</br> Methholiday mode!irst GUC": 81.33542078408911,
    "parghdeepayan Mini browser": 79.86486985074934,
    " Buch chill :)<h3>Work SEO complehtm": 78.9047567445458,
    "Smilers :)<p>Work SEO Brian autom": 76.90670142932252,
    "Smiles :)<p>Work SEO Brian autom": 71.88562423994317,
    "<br/>Breathhetolic moment! Building Goggle": 69.21479026874978,
    ".Use WebGoogle api!!! Creating breathing": 67.7809924012951,
    "...My interestovers is go!!! UN photo art": 67.76853062272914,
    "nMy interestements is go!!! UNWOCLASS": 66.1088898769747,
    "Ha un turnolidayum!!!ternal GUC": 56.891257189184415,
    "<br/>Breathhet meal moment! Building Goggle": 56.419868724102166,
    "<br/>Breethiit down! Making Guela": 55.323932422956545,
    " parghdeepayan Mini browser": 54.250600878498126,
    ".....Use WebGoogle api!!! Creating breathing": 47.736964434070494,
    " Hermhammed :)<p>Work SEO Brian autom": 47.40887904052089,
    "y chill :)<p>Work SEO comple autom": 47.19742829163019,
    "<br/>Breathithicated moment! Building Goggle": 45.89894132432933,
    "<br>My interesttor is go!!! UN photo inst": 38.83735729852366,
    "------My interestovers is go!!! UNWin art": 37.69364900668707,
    "---My Suueliday am!!! with GU converting": 23.997579858644478,
    " Mamirs :)<p>Work SEO Brian autom": 5.5,