{
    "239'. Enhance code readability": 99.31723202567724,
    "733'. Enhance code readability": 99.19241431031132,
    "303'. Enhance code readability": 99.15705246735733,
    "{}\\'$. Enhance code readability": 99.09464360967439,
    "****''. Enhance code readability": 98.89222665045213,
    "Use Sirity OS.195": 98.85928176672039,
    "Use Satfert OS.984": 98.36633423407774,
    "...''. Enhance code readability": 98.36168797549243,
    " Input**. Enhance code readability": 98.10909410686119,
    "Use PARrot OS.391": 97.64542288831056,
    " inputs<br> Enhance code readability": 97.6385473303622,
    "///''. Enhance code readability": 97.61372961499627,
    " vieriktjpg Platform manager": 97.47390917331619,
    "[]. Enhance code readability": 97.01182575326257,
    " Use Sirity OS.195": 96.85994227438246,
    "Ze vintage<p> Platform manager": 96.68904967740049,
    "str''. Enhance code readability": 96.56488421335087,
    "------------<p>Enzhancing environprility": 96.50318548740822,
    " Ahmedfahr_ Platform manager": 96.49337049835648,
    " Input''. Enhance code readability": 96.452602124977,
    "{},''. Enhance code readability": 96.44652197134016,
    " kriri099 Platform manager": 96.26476544237671,
    "####''. Enhance code readability": 96.05302758479525,
    "Use Pepperova OS theme whenever": 95.72717430005967,
    "..''. Enhance code readability": 95.31795604699926,
    "array''. Enhance code readability": 95.28725383619064,
    "Use Roundvex OS. confusing": 95.15355031468718,
    "CHOC spiratta blogistica Matthew<h4> OS Det": 95.08798460879541,
    "odd''. Enhance code readability": 95.01717165114877,
    " michiri069 Platform manager": 94.96145069155497,
    "STR''. Enhance code readability": 94.84824380645063,
    "its''. Enhance code readability": 94.72128980461702,
    "CHOC spiratta dragistica Matthew<h4> OS Det": 94.70532439698574,
    "Hello?. Enhance code readability": 94.596768027645,
    " angacurbberg Platform manager": 94.35619432341826,
    " andersyan766 Platform manager": 94.30361946158304,
    " burklehouiking Platform manager": 94.07441177836527,
    "hultayellig Platform manager": 93.82783480772174,
    "\"],''. Enhance code readability": 93.61381239346305,
    "Use Sirity OS. rotation": 93.21216133931688,
    "524<p>Enzhancing environprility": 93.18453208020351,
    "words<br>Enhance code readability": 93.1675120964066,
    "rouchmmdv Platform manager": 93.15113335546492,
    " okzents Platform manager": 93.1288014882063,
    "696<br> Enhance code readability": 92.95736203732213,
    "grandikhvb Platform manager": 92.71494286780731,
    "514 vintage<p/> Platform manager": 92.62157176742564,
    "Input:. Enhance code readability": 92.59087015864225,
    " berki_ Platform manager": 92.58916358917112,
    " akferbergerym Platform manager": 92.58352626808012,
    " Peogynifully.For compatibility351": 92.49874778755735,
    "roishervic Platform manager": 92.42178841049862,
    " parrineley Platform manager": 92.2471583549919,
    " samattleory Platform manager": 92.20730678000795,
    " Austinh173 Platform manager": 92.19577885721854,
    " sanghedym Platform manager": 92.0822247755736,
    "yix069 Platform manager": 92.0653278199291,
    " Be ecological sostisti ancestistica Matthew<h4> OS Det": 91.68820679910074,
    "<h2>Ellieiahancing ol Universal experience": 91.58711631643135,
    "CHOC spirattafigistica Matthew<h4> OS Det": 91.34201263048895,
    " <h5> Workaphacionialilty detection": 90.65865067229018,
    "</br>(@ HenryBF). Aufpcuality aware developer": 89.73748191774273,
    "Use Sirrs OS. engagement": 89.42990108725753,
    " hnh173 Platform manager": 89.09132877284901,
    " ratolph843 Platform manager": 88.6954713083384,
    " I Ivanressiveuu<h3> Research prioritisation": 88.69377497329587,
    " icgriffessel Platform manager": 88.53019354250557,
    "jasheidbergerg Platform manager": 88.2848976815149,
    "y<h3> Hass.... Refarfial detector": 88.24834748379263,
    "orks Stepheniangude<h3> Research prioritisation": 87.55424509478458,
    " Christianriticusive<h3> Research prioritisation": 87.46812487206965,
    "-\\''. Enhance code readability": 87.44496195200655,
    "**<h3>Enhoancing digital presility": 87.39113148058641,
    "Use Sirros OS. engagement": 87.31316603339349,
    "khvirgelondon Platform management": 87.29843138030621,
    " Eikumi Software. US compatibility968": 86.96042389455269,
    " ergadrkb Platform manager": 86.61173716955267,
    " samidespsy Platform manager": 86.58761595435617,
    "Use Cloudreme OS.onnie": 86.50049228461688,
    "Use Sirros OS. flow": 86.17706455946376,
    " eldyouiri Platform manager": 86.16072146701504,
    "jackfasfy343 Platform management": 85.48628870377091,
    "Enseason chemical harmonismenci Matthew<h3> OS Det": 84.89533666969973,
    "Use Windoweve OS. versa": 84.54967198226261,
    "<br>(@ Pablo Gar()). Serpcability aware eng": 83.80626123422049,
    ".\" PhilipBlob.\" Aufitives awareness extension": 83.73379210521337,
    "Get culborsances! Th latest lectingt OS": 83.66586895459183,
    ": Uma vida pac?. With compatibility360": 83.32127707608394,
    " Peogynifully. With compatibility351": 83.0614897371902,
    "Uma vida remed?.For compatibility ${\\": 82.73291495447829,
    "Enseason chemical harmonismync Matthew<h3> OS Det": 82.67515983769401,
    " (@ Pablo Butter()). Pararturity aware Exc": 82.57467864754176,
    " Happy pleously celebrated. For compatibility114": 81.95814660517982,
    "Use Sirsr OS. engagement": 81.80207819103465,
    " --------User:\" Eric Mod ernization .\" Social software": 81.16336246562007,
    " Bleak Graham962<h3> Research prioritisation": 81.09363225031863,
    "Phaceutical seasonsergismamic Matthew<h3> OS Det": 80.86433503735138,
    "(@ Casaitatra741.)Compability aware<span>": 80.63204554406738,
    "</li>.\" Enhance digital compatility": 79.24194954684702,
    " From thumb bugs unto Chrome perfection. Versionized": 78.4711898684317,
    " Khilar Dagu.UK compatibility administrator": 78.45588720455613,
    "Use Schulimedia devices specifically. Eleilia": 78.38620093709524,
    "<br>(@ Pablo dans()). Pararturity aware Exc": 77.80887591572335,
    "Get culnairetes! Th latesthestingt OS": 76.6435362272972,
    "..... Uma vida pac?. With compatibility211": 76.06303806003395,
    "<br>(@author Gar()). Serpcability aware eng": 76.02360493557471,
    "~~~~'. Enhance digital compatility": 75.86934586520485,
    "Bruwhler041 environment awareness Dev": 75.05211749468069,
    "Use Windowreek OS. versa": 74.43486508614981,
    " Larahaman. OS revolution": 74.31264876473027,
    "Enseason seasoned harmonismenci Matthew<h3> OS Det": 73.69834916086286,
    "] Uma vida pac?. With compatibility921": 72.91141938624389,
    " From vulzy unto bars perfection. Versionizen": 72.73627189006675,
    " Benriticusz<h4> Research prioritisation": 72.64497627160624,
    " (@wiVi()). Pararturity aware Exc": 70.73736748995047,
    ".<h1> Ehnancing Digitalamibilidad": 69.55509068219777,
    "(@ McGramos.) Analyalyurity aware environment Junior": 68.34959217092012,
    " (@chantorp.) Alitiurity aware environment jan": 67.57975741824067,
    ".: Uma vida pac?. With compatibility351": 67.44419639094485,
    " Armarhmifully. US compatibility Fin": 66.68404848195043,
    " Belroyst M Robert MON Community standards": 66.3627156755325,
    " Chriticusz<h4> Research prioritisation": 66.08520144623657,
    "****. Enhance digital compatility": 65.47644675259,
    "using Kendolic OS themeElement": 63.015711137982464,
    " Get culborsances! Th latest relingt OS": 61.209716987947466,
    "** Uma vida pac?. With compatibility351": 61.0879089686276,
    "CHOC spirattomedistica Matthew<h4> OS Det": 60.40452271441128,
    "Phometric seasonsergismamic Matthew<h3> OS Det": 60.34746039964154,
    "(@ Petorem). Alitiurity aware intelligent c": 60.1804816975735,
    " eight integers Enhance code readability": 59.49122234339175,