{
    "239'. Enhance code readability": 99.51914669519692,
    "303'. Enhance code readability": 99.34116940817482,
    "Use Sirity OS.195": 99.28809085191155,
    "733'. Enhance code readability": 99.26934923367924,
    "{}\\'$. Enhance code readability": 99.21627067741598,
    " Input**. Enhance code readability": 98.84343789651244,
    "****''. Enhance code readability": 98.82469627828014,
    "Use Satfert OS.984": 98.62926026008637,
    "Use PARrot OS.391": 98.3282476536784,
    "...''. Enhance code readability": 98.29076441721381,
    "------------<p>Enzhancing environprility": 98.11465054156469,
    " inputs<br> Enhance code readability": 98.04283036706912,
    " vieriktjpg Platform manager": 97.97101019257354,
    "///''. Enhance code readability": 97.79303290555143,
    " Use Sirity OS.195": 97.62215808264718,
    " Ahmedfahr_ Platform manager": 97.4370783315072,
    "Use Pepperova OS theme whenever": 97.14130477784408,
    "[]. Enhance code readability": 97.1242508369584,
    " kriri099 Platform manager": 97.01640604708527,
    "Ze vintage<p> Platform manager": 96.87672186377831,
    "Use Roundvex OS. confusing": 96.61505590520798,
    " Input''. Enhance code readability": 96.61400236108555,
    "str''. Enhance code readability": 96.29431579261207,
    "{},''. Enhance code readability": 96.27391330148907,
    "rouchmmdv Platform manager": 96.22348150607215,
    " angacurbberg Platform manager": 96.17354924824251,
    " okzents Platform manager": 96.03200165356259,
    " Peogynifully.For compatibility351": 95.8874975417304,
    " burklehouiking Platform manager": 95.80490197596143,
    "<h2>Ellieiahancing ol Universal experience": 95.76346257381257,
    " michiri069 Platform manager": 95.73494521283885,
    "CHOC spiratta blogistica Matthew<h4> OS Det": 95.70887178755046,
    "CHOC spiratta dragistica Matthew<h4> OS Det": 95.61702710776194,
    "####''. Enhance code readability": 95.61447509421696,
    " parrineley Platform manager": 95.60795372776879,
    "odd''. Enhance code readability": 95.5190796123875,
    "hultayellig Platform manager": 95.47537200857971,
    "roishervic Platform manager": 95.41309823388737,
    " <h5> Workaphacionialilty detection": 95.28738963587796,
    " andersyan766 Platform manager": 95.28179940175895,
    "array''. Enhance code readability": 95.09694870687849,
    "524<p>Enzhancing environprility": 95.09392453355946,
    "..''. Enhance code readability": 95.07550671888805,
    " Austinh173 Platform manager": 95.0508653969095,
    "STR''. Enhance code readability": 94.94249311827846,
    "its''. Enhance code readability": 94.91254422735224,
    " akferbergerym Platform manager": 94.81502918675568,
    " berki_ Platform manager": 94.71018176574569,
    " sanghedym Platform manager": 94.70247197285956,
    "Hello?. Enhance code readability": 94.49640891960554,
    " samattleory Platform manager": 94.23034086667549,
    "Use Sirity OS. rotation": 94.18017926590764,
    "\"],''. Enhance code readability": 94.07090265940337,
    "words<br>Enhance code readability": 94.01945788489621,
    "696<br> Enhance code readability": 93.7859578192468,
    "yix069 Platform manager": 93.73925313325455,
    " I Ivanressiveuu<h3> Research prioritisation": 93.65974997032875,
    "grandikhvb Platform manager": 93.5721587420081,
    "Use Sirrs OS. engagement": 92.97766787473059,
    "CHOC spirattafigistica Matthew<h4> OS Det": 92.6577918116544,
    "Input:. Enhance code readability": 92.15652239849138,
    "514 vintage<p/> Platform manager": 92.02396863047291,
    "Use Sirros OS. engagement": 91.8479622593261,
    "orks Stepheniangude<h3> Research prioritisation": 91.72693899420507,
    "**<h3>Enhoancing digital presility": 91.60125720065156,
    "y<h3> Hass.... Refarfial detector": 91.38705275976957,
    " hnh173 Platform manager": 91.32369863649889,
    "</br>(@ HenryBF). Aufpcuality aware developer": 91.26386879749191,
    " ratolph843 Platform manager": 91.21719034259822,
    " icgriffessel Platform manager": 90.97799282500617,
    " Be ecological sostisti ancestistica Matthew<h4> OS Det": 90.93134088788972,
    "khvirgelondon Platform management": 90.7760348670069,
    " Eikumi Software. US compatibility968": 90.67824877172524,
    "jasheidbergerg Platform manager": 90.59433075723878,
    "Use Sirros OS. flow": 90.5300717327375,
    " samidespsy Platform manager": 90.26401772706241,
    " eldyouiri Platform manager": 90.12302385223893,
    " Christianriticusive<h3> Research prioritisation": 89.85347208007738,
    "<br>(@ Pablo Gar()). Serpcability aware eng": 89.61806803802277,
    "jackfasfy343 Platform management": 89.54032078196768,
    "Use Windoweve OS. versa": 88.88852442473625,
    ": Uma vida pac?. With compatibility360": 88.80141897342662,
    " ergadrkb Platform manager": 88.17970796616963,
    ".\" PhilipBlob.\" Aufitives awareness extension": 88.09310233912598,
    "Use Sirsr OS. engagement": 87.8911979900385,
    "Use Cloudreme OS.onnie": 87.833880316241,
    " --------User:\" Eric Mod ernization .\" Social software": 87.45929162846673,
    "-\\''. Enhance code readability": 86.8277355022295,
    " Peogynifully. With compatibility351": 86.34609970798911,
    "Get culborsances! Th latest lectingt OS": 86.18429883843535,
    "Uma vida remed?.For compatibility ${\\": 85.36990550497588,
    " (@ Pablo Butter()). Pararturity aware Exc": 85.0829762750464,
    " Happy pleously celebrated. For compatibility114": 84.73127400575537,
    "Enseason chemical harmonismenci Matthew<h3> OS Det": 84.6059296329997,
    "</li>.\" Enhance digital compatility": 84.32438838538559,
    "Use Schulimedia devices specifically. Eleilia": 83.81800104121693,
    "Enseason chemical harmonismync Matthew<h3> OS Det": 83.75017759743778,
    " Khilar Dagu.UK compatibility administrator": 83.7287635606179,
    " Bleak Graham962<h3> Research prioritisation": 83.27070250035405,
    "Phaceutical seasonsergismamic Matthew<h3> OS Det": 82.96037226372374,
    "..... Uma vida pac?. With compatibility211": 82.18115340003773,
    "<br>(@author Gar()). Serpcability aware eng": 81.74844992841633,
    "Get culnairetes! Th latesthestingt OS": 81.38170691921911,
    "<br>(@ Pablo dans()). Pararturity aware Exc": 80.6209732396926,
    " From thumb bugs unto Chrome perfection. Versionized": 80.46798874270188,
    "Use Windowreek OS. versa": 79.81651676238869,
    "(@ Casaitatra741.)Compability aware<span>": 79.31338393785265,
    "Bruwhler041 environment awareness Dev": 79.00235277186742,
    "] Uma vida pac?. With compatibility921": 78.95713265138211,
    " Larahaman. OS revolution": 77.06960973858918,
    " From vulzy unto bars perfection. Versionizen": 75.98474654451861,
    " Benriticusz<h4> Research prioritisation": 74.82775141289582,
    "~~~~'. Enhance digital compatility": 74.79927318356093,
    "(@ McGramos.) Analyalyurity aware environment Junior": 74.11065796768902,
    ".<h1> Ehnancing Digitalamibilidad": 73.67232298021975,
    " (@wiVi()). Pararturity aware Exc": 73.59707498883387,
    "Enseason seasoned harmonismenci Matthew<h3> OS Det": 72.88705462318096,
    ".: Uma vida pac?. With compatibility351": 72.60466265660538,
    " Armarhmifully. US compatibility Fin": 71.98227609105602,
    " (@chantorp.) Alitiurity aware environment jan": 70.86639713137852,
    " Belroyst M Robert MON Community standards": 70.01412852836944,
    "using Kendolic OS themeElement": 68.96190126442495,
    " Chriticusz<h4> Research prioritisation": 67.37244605137396,
    "****. Enhance digital compatility": 66.52938528065556,
    "** Uma vida pac?. With compatibility351": 65.653232187364,
    " Get culborsances! Th latest relingt OS": 63.23301887549717,
    " Karl HerRT795<h3> Development prioritiser": 63.19576641536414,
    "<h2> Ubjeiahancing sa Universal experience": 63.06196860524519,
    "CHOC spirattomedistica Matthew<h4> OS Det": 62.89391412712364,
    "Phometric seasonsergismamic Matthew<h3> OS Det": 59.1638448884906,