{
    "Look Rafasticastically F Amer (: ). IT642": 99.5740886628332,
    " Look Rafasticastically F Amer (: ). IT243": 99.39611137581109,
    "Look pavasticastically F Kn (: ). IT642": 99.26914669519692,
    "Look pacoundsastically INTch (:$). crooley": 99.01352965662203,
    " Look pavasticastically F Amer (: ). IT642": 98.72435874281082,
    "Look pacoundsastically INTanned (:$). crooley": 98.16546060949034,
    " Look Rafasticely Festo (: ). young anthrop": 91.84811090221791,
    " -Homhem Jimitten (: (:)).\",\" Bradley": 80.6860544586274,
    "Look Invoundsastically INT253 (:$). croox": 68.2235786901422,
    "status Rafessed Chev Siesta (:*)\",\" Carter": 57.63006138363741,
    " IS Raflanely Siesta (:*)\",\" Bryan": 56.888419643681345
}