{
    "Look pacoundsastically INTch (:$). crooley": 98.91217669095983,
    "Look pacoundsastically INTanned (:$). crooley": 98.24891454854131,
    "Look pavasticastically F Kn (: ). IT642": 97.79223202567725,
    "Look Rafasticastically F Amer (: ). IT642": 97.56667979654989,
    " Look Rafasticastically F Amer (: ). IT243": 96.35650023822997,
    " Look pavasticastically F Amer (: ). IT642": 92.50192286852975,
    " Look Rafasticely Festo (: ). young anthrop": 86.46329981199612,
    " -Homhem Jimitten (: (:)).\",\" Bradley": 77.61744901276465,
    "Look Invoundsastically INT253 (:$). croox": 70.551220821128,
    " IS Raflanely Siesta (:*)\",\" Bryan": 57.64957767931321,
    "status Rafessed Chev Siesta (:*)\",\" Carter": 56.367055245273676
}