{
    " Consingt coffee... Jinjer Rah\\-": 100.0,
    "Consoring coffee... Jinjer Pr\\-": 99.89966246453068,
    "Consingt coffee... Jinjer R\\-": 99.47168517750856,
    "Streamingt coffee! Jinjer Rah\\-": 99.03809085191155,
    " Specialitty coffee. samuuukel": 98.8315962039157,
    " Specialitty coffee. samuoolsavy": 98.79746180436703,
    " Specialitty coffee. sam Selolsavy": 97.56660849956397,
    " Specialitty coffee. client Selomsannon": 95.99708419121926,
    "Consoring coffee... Jinjerald\\-": 95.88321671244925,
    "Specialitty coffee. ar Ronik Je": 95.83368953158426,
    "%Big Coffee. O513 Steven\\-": 95.12669534600109,
    "\". Your famous hotdesivery clone!!!81 Coffee": 93.86979570704422,
    ")\\\\ Your famous CDClivery clone!!!81 Coffee": 93.77920710986044,
    ") Your famous Adamcivery clone!!!81 Coffee": 93.5655831932908,
    ") Your famous donnreateivery clone!!!81 Coffee": 92.24408768239215,
    "750 Coffee pipuisiration!Af<h1>": 91.50141891609087,
    " . Your famous hotInivery clone!!!!81 Coffee": 91.07568388630781,
    ". Your famous costmalivery clone :)</tr> Coffee": 90.87060614765213,
    ")\\\\ Your famous DigitalClivery clone!!!81 Coffee": 89.47336110102958,
    ") Your famous Captdesivery clone!!!81 Coffee": 89.4178659868942,
    " . Your famous costmalivery clone :)81 Coffee": 88.78173317898555,
    " Specialitty coffee. ar Ronikistr": 87.98832171424672,
    ". Your famous rstmalivery clone :)81 Coffee": 87.69431797136998,
    " ) Your famous Digitalminivery clone!!!81 Coffee": 87.51485525880491,
    "]} Your famous CDClivery clone!!!81 Coffee": 87.20994009562455,
    " ) Your famous donnecivery clone!!!81 Coffee": 86.1704862299633,
    "Chearding coffee.pareshAGpro": 86.05669887788234,
    "Specialcy coffee. client Selreetannon": 85.43925407929417,
    "Bwing coffee. Yur Milza": 84.53173260562819,
    ". Your famous akreateivery clone :)81 Coffee": 80.32819676821399,
    ". Your famous costeckenivery clone :)<span> Coffee": 79.64953001898385,
    "Specialitty coffee.ars Ronikij": 79.4766160506802,
    " Specialitty coffee. ar Ronikij": 79.2585090530258,
    " . Your famous StorageInivery clone!!!!81 Coffee": 79.03257185744272,
    "Chearding coffee.pareshAGian": 78.17775038085261,
    ".) Your famous Digitalminivery clone!!!81 Coffee": 77.98743329703981,
    "Specialthy coffee.ars RonikYS": 76.91436908044376,
    "Specialitty coffee. client Selcreatannon": 75.41238526402819,
    " Sapcial coffee.Che Lemertaor": 74.5140866732832,
    "Be Coffee bublte served!Sprwing": 73.00112435375459,
    "\". Your famous hot Inivery clone!!!!81 Coffee": 72.99126791096677,
    "Chearding coffee.pareshAGrij": 72.89087561987097,
    " \". Your famous MLdesivery clone!!!81 Coffee": 69.89418446511206,
    "Be Coffee bublte served!Spragg": 69.3798982634726,
    "uring Coffeeinal bre served!Jacoda": 65.92380926579872,
    "Chearding coffee. MarcmitSPiras": 62.7261180898256,
    " Speccial coffee. My PrrettoRS": 62.458525336374414,
    "Bez coffee. Yapperthsasta": 61.48440898038143,
    "Light Coffeeila bre served!Jacalia": 60.129481432682404,
    " Specialuty Coffee. arficlievio": 58.6364213499928,
    "}, Your famous donnreateivery clone :)81 Coffee": 58.440391906946395,
    " Specialiy Coffee. arficteza": 57.67887287119585,
    "), Your famous Filcivery clone!!!81 Coffee": 57.5709898097199,
    " Spcial coffee.Che Lemertaor": 57.362657121413584,
    "Chearding coffee.pareshAGLR": 57.34831731086231,
    " Specialiety coffee. client SeNGannon": 56.16827493402091,
    "), Your famous Channelcivery clone!!!81 Coffee": 56.01182176842899,
    " ], Your famous Digital spyivery clone!!!81 Coffee": 55.344470083073745,
    "Bez coffee. Yerdairaj": 54.34008088925431,
    "Speccial coffee.:** Lemirector": 53.99984376012334,
    "Be Coffee bubelve served!rijani": 52.662508965875496,
    "\". Your famous Safdesivery clone!!!81 Coffee": 52.48372209828148,
    "Speccial coffee. The PrrettoIA": 49.0560018186895,
    "Be Coffee budnte served!Sprista": 38.561849490256655,
    " . Your famous costeckenivery clone :)oro Coffee": 31.829067984700536,
    "</p> Your famous Rentabger clone!!!!itet Coffee": 29.342353247754016,
    " Btering coffee.pareshAGpro": 11.25,
    "), Your famous Rentleersion clone!!!! merely Coffee": 8.93360665277995,
    " Big coffee.anton Josephbertomer": 8.25,
    " Specialitty coffee.Gen Selolsannon": 7.25,
    "Spcial coffee. The Prrettoorious": 5.25,
    " Spcial coffee. The Prrettoor": 4.75,
    " Be Coffee bubelve served!rijani": 4.5,
    " Be Coffee bubelve served!rijfan": 4.5,
    "Be Coffee bublte served!rijani": 3.75,
    "Be Coffee bublt served!rijfan": 3.5000000000000004,
    "22 Coffee pipurucciones! built Eug": 2.5,
    "]. Coffee bel27ivery!!!!:\"atisf": 2.25,
    " Cuisted coffee. Chris Prfreentr": 2.25,
    "Be Coffee bublte served!rij personnel": 2.0,
    "Specialuty coffee.ars RonikGAN": 2.0,
    "Specialte Coffee. arstateticist": 2.0,
    "Specail Coffee. Arquchiier": 1.7500000000000002,
    "Chearding coffee.pareshSPiras": 1.7500000000000002,
    "Specialuty Coffee. arficilyvio": 1.7500000000000002,
    "Be Coffee budlement served!rahista": 1.5,
    "Ieting coffee. Yuriff Cop": 1.25,
    "). Coffee NevBAiante!!!! ( Development": 0.75,
    " Specialary coffee.ars RonizGAN": 0.75,
    "Specialiy Coffee. arstatikist": 0.25,
    "Speccial coffee. The PrrettoDL": 0.25,
    " Speccial coffee. The Prrettoorious": 0.25,
    "Spcial coffee. louaderameschy": 0.25,
    "Be Coffee bubeg served!Sprpag": 0.0,
    "Be Coffee budlement served!rahprising": 0.0,
    "Be Coffee sweutely served!PRO Caf": 0.0,
    "Be Coffee sweutely served!ael chat": 0.0,
    "20 Coffee mipiation!503 Those": 0.0,
    "Be Coffeeeseutely served!PRO Caf": 0.0,
    "30 Coffee mipiation!477 Those": 0.0,
    "Be Coffee budkle served!Sprpag": 0.0,
    "Be Coffee bubutely served!CR options": 0.0,
    "30 Coffee mipiation!050 Those": 0.0,
    "Specialary coffee.ars RonGeGAN": 0.0,
    "Specialilly coffee. arstatikaser": 0.0,
    "Raging coffee. ProcessAIainerSTM": 0.0,
    "Spcial coffee. louofonomomer": 0.0,
    "Raging coffee. AlsAIeroSTM": 0.0,
    "Raging coffee. AlsAIplicern": 0.0,
    " Specialary coffee.arsytmuGAN": 0.0,
    " Spcial coffee. louendreameschy": 0.0,
    " Speccial coffee. The PrrettoTR": 0.0,
    "Spcial coffee. louofameschy": 0.0,
    "Specialay coffee.arsytmukel": 0.0
}