{
    " Consingt coffee... Jinjer Rah\\-": 100.0,
    "Consoring coffee... Jinjer Pr\\-": 99.60969621807762,
    "Consingt coffee... Jinjer R\\-": 99.47451665975773,
    " Specialitty coffee. samuuukel": 98.5984365835241,
    "Streamingt coffee! Jinjer Rah\\-": 98.13428176672039,
    " Specialitty coffee. samuoolsavy": 98.01771562393033,
    " Specialitty coffee. sam Selolsavy": 97.40994764960756,
    "Consoring coffee... Jinjerald\\-": 96.04489504120433,
    "Specialitty coffee. ar Ronik Je": 95.65032057842583,
    " Specialitty coffee. client Selomsannon": 94.84737577209734,
    "%Big Coffee. O513 Steven\\-": 94.71402581140099,
    "750 Coffee pipuisiration!Af<h1>": 88.95127702448178,
    ")\\\\ Your famous CDClivery clone!!!81 Coffee": 88.20128639887439,
    " Specialitty coffee. ar Ronikistr": 88.08948954282205,
    "\". Your famous hotdesivery clone!!!81 Coffee": 87.93281613633981,
    ") Your famous donnreateivery clone!!!81 Coffee": 86.36967891415293,
    ") Your famous Adamcivery clone!!!81 Coffee": 86.05902487396172,
    ". Your famous costmalivery clone :)</tr> Coffee": 85.68354553288692,
    "Specialcy coffee. client Selreetannon": 85.24532867136475,
    ")\\\\ Your famous DigitalClivery clone!!!81 Coffee": 84.32602499092663,
    " . Your famous hotInivery clone!!!!81 Coffee": 84.06811549767706,
    ") Your famous Captdesivery clone!!!81 Coffee": 84.02607938820479,
    "]} Your famous CDClivery clone!!!81 Coffee": 82.53894608606208,
    "Bwing coffee. Yur Milza": 82.37855934506538,
    " . Your famous costmalivery clone :)81 Coffee": 82.15355986108699,
    ". Your famous rstmalivery clone :)81 Coffee": 81.97488617423298,
    "Chearding coffee.pareshAGpro": 81.60102899009411,
    " ) Your famous Digitalminivery clone!!!81 Coffee": 81.51336973292442,
    " Specialitty coffee. ar Ronikij": 79.63265814772322,
    " ) Your famous donnecivery clone!!!81 Coffee": 79.15343760696697,
    "Specialitty coffee.ars Ronikij": 79.1289544456122,
    "Specialthy coffee.ars RonikYS": 78.92293217239938,
    ". Your famous costeckenivery clone :)<span> Coffee": 78.18457701708547,
    ". Your famous akreateivery clone :)81 Coffee": 75.8953770913926,
    "Specialitty coffee. client Selcreatannon": 74.62114673762537,
    "Chearding coffee.pareshAGian": 74.35997534276736,
    " . Your famous StorageInivery clone!!!!81 Coffee": 72.92931467169845,
    " Sapcial coffee.Che Lemertaor": 71.9626780059549,
    ".) Your famous Digitalminivery clone!!!81 Coffee": 71.58868996733584,
    "Chearding coffee.pareshAGrij": 69.50178805788386,
    "Be Coffee bublte served!Spragg": 67.29190843712536,
    "Be Coffee bublte served!Sprwing": 67.15101191837913,
    "\". Your famous hot Inivery clone!!!!81 Coffee": 66.1421411198701,
    " \". Your famous MLdesivery clone!!!81 Coffee": 64.35476601860086,
    "uring Coffeeinal bre served!Jacoda": 63.581428339218846,
    "Light Coffeeila bre served!Jacalia": 60.71653328941416,
    "Chearding coffee. MarcmitSPiras": 59.603506280843035,
    " Specialuty Coffee. arficlievio": 59.322779214993524,
    " Speccial coffee. My PrrettoRS": 59.212672802736975,
    " Specialiy Coffee. arficteza": 59.16098558407626,
    " Specialiety coffee. client SeNGannon": 57.60144744061882,
    "}, Your famous donnreateivery clone :)81 Coffee": 56.296352716251754,
    "Bez coffee. Yapperthsasta": 56.23596808234329,
    "Be Coffee bubelve served!rijani": 55.74625806928795,
    " Spcial coffee.Che Lemertaor": 54.97639140927222,
    "Chearding coffee.pareshAGLR": 54.91348557977608,
    "Speccial coffee.:** Lemirector": 53.89985938411101,
    "), Your famous Filcivery clone!!!81 Coffee": 52.46389082874791,
    " ], Your famous Digital spyivery clone!!!81 Coffee": 51.460023074766376,
    "Speccial coffee. The PrrettoIA": 51.25040163682054,
    "Bez coffee. Yerdairaj": 50.65607280032888,
    "), Your famous Channelcivery clone!!!81 Coffee": 50.46063959158609,
    "\". Your famous Safdesivery clone!!!81 Coffee": 48.885349888453334,
    "Be Coffee budnte served!Sprista": 35.40566454123099,
    " . Your famous costeckenivery clone :)oro Coffee": 28.646161186230483,
    "</p> Your famous Rentabger clone!!!!itet Coffee": 28.508117922978613,
    " Btering coffee.pareshAGpro": 10.125,
    "), Your famous Rentleersion clone!!!! merely Coffee": 8.340245987501957,
    " Big coffee.anton Josephbertomer": 7.425000000000001,
    " Specialitty coffee.Gen Selolsannon": 6.525,
    "Spcial coffee. The Prrettoorious": 4.725,
    " Spcial coffee. The Prrettoor": 4.275,
    " Be Coffee bubelve served!rijani": 4.05,
    " Be Coffee bubelve served!rijfan": 4.05,
    "Be Coffee bublte served!rijani": 3.375,
    "Be Coffee bublt served!rijfan": 3.1500000000000004,
    "22 Coffee pipurucciones! built Eug": 2.25,
    "]. Coffee bel27ivery!!!!:\"atisf": 2.025,
    " Cuisted coffee. Chris Prfreentr": 2.025,
    "Be Coffee bublte served!rij personnel": 1.8,
    "Specialuty coffee.ars RonikGAN": 1.8,
    "Specialte Coffee. arstateticist": 1.8,
    "Specail Coffee. Arquchiier": 1.5750000000000002,
    "Chearding coffee.pareshSPiras": 1.5750000000000002,
    "Specialuty Coffee. arficilyvio": 1.5750000000000002,
    "Be Coffee budlement served!rahista": 1.35,
    "Ieting coffee. Yuriff Cop": 1.125,
    "). Coffee NevBAiante!!!! ( Development": 0.675,
    " Specialary coffee.ars RonizGAN": 0.675,
    "Specialiy Coffee. arstatikist": 0.225,
    "Speccial coffee. The PrrettoDL": 0.225,
    " Speccial coffee. The Prrettoorious": 0.225,
    "Spcial coffee. louaderameschy": 0.225,
    "Be Coffee bubeg served!Sprpag": 0.0,
    "Be Coffee budlement served!rahprising": 0.0,
    "Be Coffee sweutely served!PRO Caf": 0.0,
    "Be Coffee sweutely served!ael chat": 0.0,
    "20 Coffee mipiation!503 Those": 0.0,
    "Be Coffeeeseutely served!PRO Caf": 0.0,
    "30 Coffee mipiation!477 Those": 0.0,
    "Be Coffee budkle served!Sprpag": 0.0,
    "Be Coffee bubutely served!CR options": 0.0,
    "30 Coffee mipiation!050 Those": 0.0,
    "Specialary coffee.ars RonGeGAN": 0.0,
    "Specialilly coffee. arstatikaser": 0.0,
    "Raging coffee. ProcessAIainerSTM": 0.0,
    "Spcial coffee. louofonomomer": 0.0,
    "Raging coffee. AlsAIeroSTM": 0.0,
    "Raging coffee. AlsAIplicern": 0.0,
    " Specialary coffee.arsytmuGAN": 0.0,
    " Spcial coffee. louendreameschy": 0.0,
    " Speccial coffee. The PrrettoTR": 0.0,
    "Spcial coffee. louofameschy": 0.0,
    "Specialay coffee.arsytmukel": 0.0
}