{
    " Childoy<h3>ning Break counter": 94.19241431031132,
    "friedainsirs Yearloop!": 93.19144251261244,
    "</h4> Dallas Portland. Loopousel": 92.70571124118678,
    "</p> Dallas Laura. Loopousel": 92.29298120305278,
    "Your sauce<h3> Intern Break counter": 92.28055256454138,
    "</p> Dallas Portland. Loopousel": 90.97632178935653,
    " i mama Yearloop!": 89.79359806388692,
    " Charlotte Adriater practices!iloop001": 88.52911720742864,
    " Monica Tyrerg Frank Mia.. stloop (:": 88.18210140340678,
    " amiringppi Yearloop!": 87.5544531374974,
    " No girls!User DOhrersonissoncycle351": 86.28453848747185,
    " Monica my GRorning Masasma.. fonloop (:": 85.16609609010426,
    "lordoisiete Yearloop!": 85.12347562915934,
    " Charlotte Adrianden practices!iloop001": 84.7170380445533,
    " Dans Interniversary....reen loops Cancer <!--": 84.51856370544799,
    "Mrrobgro Yearloop!": 84.41784794047175,
    " named sauce<h3> Intern Break counter": 82.95611945728287,
    "friedrobirs Yearloop!": 82.8500140615889,
    "oh its ath Yearloop!!!": 82.3672905941301,
    " fried sixirs Yearloop!": 82.30025960187214,
    "65 mairds Yearloop!": 82.04243348911452,
    "namedai<h3> Intern Break counter": 79.41885800977346,
    " DS Children<h3>ning Break counter": 77.20540923953895,
    " James Las Growth newsletter!iloop001": 77.04783240822127,
    "</span>Children<h3>ning Break counter": 76.88267203730491,
    " Dans Romaniversary....reen loops Cancer <!--": 73.92511072963735,
    " recipients Children<h3>ning Break counter": 73.51953266502801,
    " Charlotte Adriot practices!iloop001": 72.48792406225974,
    "An inconoric year! vloops(\\": 71.94735732432474,
    "On reserviversary!ng loopcoOct": 71.15618791614993,
    "5 maillion Yearloop!": 70.78094082780187,
    "Our TXSTATE burger kids relax.aatloopPerson": 69.2167371609523,
    " Mom AdriAnim practices!iloop619": 68.66416604027376,
    " Winter B sprint!ersonainloop apr": 68.57335367605194,
    "exampleChildren<h3>ning Break counter": 65.95562867772904,
    " Monica my GRorning Masasma.. fonloop[:": 64.29906995704981,
    " Schn din crusher consensus!!!iloop75": 63.88900942771483,
    "yo Children<h3>ning Break counter": 59.55833396402641,
    "Hrhat Chronic nap!!!<h2> loopPal": 59.48057630153551,
    " Monica Tyrerg Frank Physics.. stloop (:": 57.62955354670254,
    "ukChildren<h3>ning Break counter": 56.98400173899282,
    " Charlotte AdriAnim practices!iloop619": 56.56201969138468,
    " My especial sales fever!iloop Intern": 56.07821614769227,
    " New twin crusher Service!!!iloopie": 54.239558560712524,
    " Charlotte Adriipping practices!iloop001": 53.90422810907321,
    "vector Children<h3>ning Break counter": 52.19632308801092,
    " Our Finalmente year!iloops Harrison": 51.304772081854786,
    " Monica The ororning pisigers.. intrloop (:": 50.43354054467801,
    "<h5> Filip Y Ce Sprint counter": 49.23898220757486,
    "On spreadiversary!ng loopcoOct": 49.22944943934253,
    " Joy Ang week off!!!!ociync Restaurant": 49.109053556162934,
    " Our fanial year!iloops Harrison": 48.58937120186594,
    " April thrfire year! vloopsocial": 47.93850600563152,
    " Charlotte Adriiot practices!iloop619": 47.81016588374722,
    " Anthony personal awarded presentation!iloop Intern": 46.59790680133684,
    " Monica Tyrerg Frank Jonathan.. stloop (:": 45.423819600564876,
    "ukChildren<h3>ani Break counter": 44.137298644067215,
    " New SpringYear Career!umberlooping": 41.700916669390104,
    " editor Children<h3>ning Break counter": 41.45955487115801,
    " Village PayPaladeers!iloop<h4>": 40.73682485022473,
    " Nancy Mah week off!!!!ittenols Restaurant": 36.362584262028896,
    " Joy Ang week off!!!!ittenols Restaurant": 35.487150201850454,
    " namedamel<h3> Intern Break counter": 35.376665158736856,
    " Our Finalival year!iloops Harrison": 30.405096487440893,
    " Victorban Simon programming step counter": 29.7695321060046,
    " Our Finalaf year!iloops Harrison": 28.997116471237813,
    " Our Finalitt year!iloops Harrison": 27.629805064236095,
    " Michelle Philphas. Loopical": 25.88391620841081,
    " Joy Ang week off!!!!ociroll Restaurant": 25.45472181274952,
    " Jay Schuloplope skill counter": 25.28135472013568,
    " Hob Saviversary....reen loops Cancer <!--": 25.16362546463446,
    "Our super productive phase!iloopMay": 24.87858518914772,
    " Monica my GRning olasma..Finloop[:": 23.466147133241943,
    " Jay Schuloplollo skill counter": 22.52790060047715,
    " Our Finoration year!iloops Harrison": 21.30750286822012,
    "I Huff Niemjoyically relax.aatloopPerson": 21.06613797385835,
    "I Huff Niemjoyically relax.aatloopicians": 18.96436625665883,
    "I Huff Niemjoyically relax.aatloopizer": 18.343312015907227,
    " Tom Ramivelagues semesterloopning! Anternal": 17.74714949662092,
    "255 sweet mag bloomedommerce! Care Loop optical": 17.611542887416125,
    "erChildren<h3>ani Break counter": 15.178620235615467,
    " Our fan submission year!iloops Harrison": 14.638617036281477,
    " New FlYear Career!umberloopopher": 14.185926026581994,
    "Our Singh productive semester!iloopMay": 13.863963587795055,
    " New anderYear Career!umberloopopher": 13.751086913519938,
    "sesChildren<h3>ani Break counter": 12.53761647037778,
    " New SplYear Career!umberloopopher": 11.856620471265336,
    " New FlYear Career!umberloop yog": 11.796937626747809,
    " Jay Schulvartols skill counter": 11.39120866881905,
    "I thesis sprint!erson loopodi Glass": 10.815887230357209,
    " Fresh Poniration year!!iloopsConnell": 10.792930503929504,
    " Cat years! lazyvet Peter interruptless una social": 10.662148653785623,
    " Our Win Boot friendship!iloopelli": 10.120319554982963,
    "ADuttmitillesjoy Christmas!ycle Loopologist": 9.64056979106285,
    " Tom Ramivelagues semesterloopopia! Anternal": 9.28629885219593,
    " But thr ide year! vloopsApplication": 8.943451341742191,
    "I thesis sprint!erson loopolan Glass": 7.361083327169742,
    " Jenny RamGoldagues semesterloop pasado! Palternal": 7.249714038023912,
    " Tom Ramivelagues semesterloop pasado! Palternal": 6.883285414993179,
    " Michelle Philures. Loopical": 6.859026680037361,
    " Nev dinner! Usershemirk97issoncycleasso": 6.5453744682827315,
    " Melissa Volvano. Loopical": 6.116464099516488,
    " Michelle Philnis. Loopical": 5.663859480435041,
    " But thr ward year! vloopsApplication": 4.72809281852724,
    " Jay Schuloplund skill counter": 4.714067781158675,
    " Jay Schulopl Simpson skill counter": 4.2281242098419085,
    " Our Luxamerzz kids relax.aatloopPerson": 4.102575721871232,
    " Dallas Special. Loopphabet": 4.083380835989411,
    " Jay Schulillsops skill counter": 3.981679383732591,
    "ADuttmitabajoy Christmas!ycle Loopologist": 3.7528997834429307,
    " Jay Schulgrobell skill counter": 3.6426175798242433,
    " Dallas Laura. Loopalo": 3.406156911851468,
    " Fresh SHiration year!!iloops Harrison": 3.2507506394367796,
    " But thr third year! vloopsApplication": 2.7358556756356958,
    " Melissa Volana. Loopical": 2.700108880559918,
    " Nev dinner! Usersembik97issoncycleasso": 2.463932884509203,
    " Miguel Schchesteragues semesterloopning! Anternal": 2.142699842269394,
    " Hau Adriana practices!iloopium": 2.0877002808877636,
    " New JimYear Career!umberlooping": 1.8934308728849567,
    " Trading Crispts newsletter !!iloop International": 1.812990328034938,
    " Fresh SHiration year!!iloopsConnell": 1.5874142329080743,
    "Hi sweet coconutorn marketplace challenge! Care Loop optical": 1.4231012554805795,
    " Fresh ociration year!!iloopsConnell": 1.3874828637823355,
    " Jay Schulcarbell skill counter": 1.3455521517241142,
    " Jim Minwivers semesterloop going! Vladimir penal": 1.3155600726558427,
    " Cat years! lazyvet Center interruptless pixels social": 1.0412704624069655,
    " Jessica our Dalhentisenior!!! Student Loopiss": 1.0160881777728852,