{
    " Childoy<h3>ning Break counter": 99.26934923367924,
    "Your sauce<h3> Intern Break counter": 97.145058405046,
    "friedainsirs Yearloop!": 96.76826945845826,
    "</h4> Dallas Portland. Loopousel": 93.39523471242975,
    " i mama Yearloop!": 92.60399784876324,
    " Monica my GRorning Masasma.. fonloop (:": 92.46232898900473,
    "</p> Dallas Portland. Loopousel": 92.41813532150726,
    " amiringppi Yearloop!": 92.33828126388599,
    "</p> Dallas Laura. Loopousel": 91.82553467005864,
    "Mrrobgro Yearloop!": 90.57538660052415,
    "lordoisiete Yearloop!": 90.19275069906594,
    " No girls!User DOhrersonissoncycle351": 90.03837609719095,
    " Monica Tyrerg Frank Mia.. stloop (:": 89.98011267045197,
    " Charlotte Adriater practices!iloop001": 89.92124134158739,
    " fried sixirs Yearloop!": 88.22251066874682,
    " Dans Interniversary....reen loops Cancer <!--": 87.9650707838311,
    "oh its ath Yearloop!!!": 87.68587843792231,
    "friedrobirs Yearloop!": 87.50001562398766,
    " Charlotte Adrianden practices!iloop001": 87.40782004950368,
    "namedai<h3> Intern Break counter": 86.18762001085939,
    "65 mairds Yearloop!": 85.71381498790502,
    " named sauce<h3> Intern Break counter": 85.45124384142541,
    " James Las Growth newsletter!iloop001": 84.44203600913474,
    " DS Children<h3>ning Break counter": 83.39489915504328,
    "</span>Children<h3>ning Break counter": 83.36963559700547,
    "An inconoric year! vloops(\\": 79.33039702702749,
    " Dans Romaniversary....reen loops Cancer <!--": 79.13901192181928,
    " recipients Children<h3>ning Break counter": 79.13281407225334,
    "On reserviversary!ng loopcoOct": 78.39576435127769,
    "Our TXSTATE burger kids relax.aatloopPerson": 75.51859684550256,
    " Winter B sprint!ersonainloop apr": 75.47039297339104,
    " Charlotte Adriot practices!iloop001": 74.4865822913997,
    "5 maillion Yearloop!": 74.42326758644651,
    " Mom AdriAnim practices!iloop619": 73.96018448919307,
    "exampleChildren<h3>ning Break counter": 70.89514297525447,
    " Schn din crusher consensus!!!iloop75": 69.7100104752387,
    " Monica my GRorning Masasma.. fonloop[:": 69.61007773005534,
    "yo Children<h3>ning Break counter": 64.4537044044738,
    "Hrhat Chronic nap!!!<h2> loopPal": 60.811751446150566,
    "ukChildren<h3>ning Break counter": 60.59333526554759,
    " My especial sales fever!iloop Intern": 60.47579571965807,
    " Charlotte AdriAnim practices!iloop619": 57.1800218793163,
    " Monica Tyrerg Frank Physics.. stloop (:": 56.97728171855837,
    " New twin crusher Service!!!iloopie": 56.321731734125024,
    "vector Children<h3>ning Break counter": 55.49591454223437,
    " Monica The ororning pisigers.. intrloop (:": 55.092822827420015,
    "On spreadiversary!ng loopcoOct": 54.310499377047236,
    " Joy Ang week off!!!!ociync Restaurant": 53.954503951292146,
    " Our Finalmente year!iloops Harrison": 53.7275245353942,
    " April thrfire year! vloopsocial": 53.153895561812796,
    " Charlotte Adriipping practices!iloop001": 51.94914234341468,
    " Our fanial year!iloops Harrison": 51.76596800207326,
    " Anthony personal awarded presentation!iloop Intern": 51.21989644592983,
    "<h5> Filip Y Ce Sprint counter": 49.87664689730539,
    "ukChildren<h3>ani Break counter": 47.31922071563024,
    " Charlotte Adriiot practices!iloop619": 47.01129542638579,
    " New SpringYear Career!umberlooping": 46.27879629932235,
    " Village PayPaladeers!iloop<h4>": 45.207583166916365,
    " Monica Tyrerg Frank Jonathan.. stloop (:": 45.08202177840541,
    " editor Children<h3>ning Break counter": 43.78839430128667,
    " Nancy Mah week off!!!!ittenols Restaurant": 39.90287140225433,
    " Joy Ang week off!!!!ittenols Restaurant": 38.87461133538939,
    " namedamel<h3> Intern Break counter": 36.69629462081872,
    " Victorban Simon programming step counter": 33.07725789556066,
    " Our Finalival year!iloops Harrison": 30.67232943048988,
    " Our Finalaf year!iloops Harrison": 30.49679607915313,
    " Our Finalitt year!iloops Harrison": 28.922005626928986,
    " Jay Schuloplope skill counter": 27.979283022372975,
    " Joy Ang week off!!!!ociroll Restaurant": 27.783024236388354,
    "Our super productive phase!iloopMay": 27.587316876830798,
    " Hob Saviversary....reen loops Cancer <!--": 26.570694960704955,
    " Michelle Philphas. Loopical": 26.25990689823423,
    " Monica my GRning olasma..Finloop[:": 25.9068301480466,
    " Jay Schuloplollo skill counter": 24.142111778307942,
    "I Huff Niemjoyically relax.aatloopPerson": 23.240153304287055,
    " Our Finoration year!iloops Harrison": 21.563892075800133,
    "I Huff Niemjoyically relax.aatloopicians": 20.960406951843144,
    "I Huff Niemjoyically relax.aatloopizer": 20.381457795452473,
    "255 sweet mag bloomedommerce! Care Loop optical": 19.51282543046236,
    " Tom Ramivelagues semesterloopning! Anternal": 19.16349944068991,
    "erChildren<h3>ani Break counter": 16.3651335951283,
    " New FlYear Career!umberloopopher": 15.48436225175777,
    " New anderYear Career!umberloopopher": 15.056763237244375,
    " Our fan submission year!iloops Harrison": 14.931796706979423,
    "Our Singh productive semester!iloopMay": 14.737737319772283,
    "sesChildren<h3>ani Break counter": 13.597351633753089,
    " New FlYear Career!umberloop yog": 13.107708474164232,
    " New SplYear Career!umberloopopher": 12.896244968072596,
    " Jay Schulvartols skill counter": 12.656898520910056,
    "I thesis sprint!erson loopodi Glass": 11.962096922619121,
    " Cat years! lazyvet Peter interruptless una social": 11.791276281984024,
    " Our Win Boot friendship!iloopelli": 11.244799505536625,
    "ADuttmitillesjoy Christmas!ycle Loopologist": 10.600633101180945,
    " Tom Ramivelagues semesterloopopia! Anternal": 10.151443169106589,
    " Fresh Poniration year!!iloopsConnell": 9.82547833769945,
    " But thr ide year! vloopsApplication": 9.714945935269103,
    "I thesis sprint!erson loopolan Glass": 8.12342591907749,
    " Jenny RamGoldagues semesterloop pasado! Palternal": 8.05523782002657,
    " Tom Ramivelagues semesterloop pasado! Palternal": 7.648094905547977,
    " Michelle Philures. Loopical": 7.398918533374845,
    " Nev dinner! Usershemirk97issoncycleasso": 6.93930496475859,
    " Melissa Volvano. Loopical": 6.407182332796097,
    " Michelle Philnis. Loopical": 5.570954978261156,
    " Jay Schuloplund skill counter": 5.18229753462075,
    " But thr ward year! vloopsApplication": 4.808992020585823,
    " Our Luxamerzz kids relax.aatloopPerson": 4.502861913190258,
    " Jay Schulillsops skill counter": 4.424088204147323,
    " Jay Schulopl Simpson skill counter": 4.364582455379898,
    "ADuttmitabajoy Christmas!ycle Loopologist": 4.1698886482699224,
    " Jay Schulgrobell skill counter": 4.047352866471381,
    " Dallas Laura. Loopalo": 3.6735076798349646,
    " Dallas Special. Loopphabet": 3.4259787066549015,
    " Melissa Volana. Loopical": 3.0001209783999085,
    " But thr third year! vloopsApplication": 2.5953951951507728,
    " Nev dinner! Usersembik97issoncycleasso": 2.5710365383435594,
    " Miguel Schchesteragues semesterloopning! Anternal": 2.325222046965994,
    " Trading Crispts newsletter !!iloop International": 2.0144336978165978,
    " New JimYear Career!umberlooping": 1.9371454143166182,
    " Hau Adriana practices!iloopium": 1.8752225343197373,
    " Fresh SHiration year!!iloops Harrison": 1.7786118215964217,
    "Hi sweet coconutorn marketplace challenge! Care Loop optical": 1.5256680616450882,
    " Jay Schulcarbell skill counter": 1.4950579463601268,
    " Fresh ociration year!!iloopsConnell": 1.4860920708692613,
    " Jim Minwivers semesterloop going! Vladimir penal": 1.4617334140620475,
    " Cat years! lazyvet Center interruptless pixels social": 1.156967180452184,
    " Kim WaitRawivers semesterloop II! A great": 0.9088573962810895,
    " Jessica our Dalhentisenior!!! Student Loopiss": 0.9067646419698723,